{
  "Objects": [
    {
      "name": "Land_Airfield_Small_Control",
      "pos": [
        -295.77166748046875,
        20.27178382873535,
        4332.70068359375
      ],
      "ypr": [
        27.0,
        -0.0,
        -0.0
      ],
      "scale": 0.9999999403953552,
      "enableCEPersistency": 0,
      "customString": ""
    },
    {
      "name": "Land_Airfield_Small_Hangar",
      "pos": [
        -315.2911682128906,
        13.388936996459961,
        4363.2294921875
      ],
      "ypr": [
        27.000045776367188,
        0.0,
        -0.0
      ],
      "scale": 1.0,
      "enableCEPersistency": 0,
      "customString": ""
    }
  ]
}
