{
    "Objects": [
        {
            "name": "Land_Airfield_Small_Control",
            "pos": [
                5338.03369140625,
                35.57816696166992,
                3782.222900390625
            ],
            "ypr": [
                27.0,
                0.0,
                0.0
            ],
            "scale": 0.9999999403953552,
            "enableCEPersistency": 0,
            "customString": ""
        },
        {
            "name": "Land_Airfield_Small_Hangar",
            "pos": [
                5318.51416015625,
                28.69532012939453,
                3812.751708984375
            ],
            "ypr": [
                27.000043869018556,
                0.0,
                0.0
            ],
            "scale": 1.0,
            "enableCEPersistency": 0,
            "customString": ""
        }
    ]
}