{
  "world": "enoch",
  "bounds": {
    "minX": 0.0,
    "maxX": 12799.999693,
    "minZ": 0.0,
    "maxZ": 12799.999693
  },
  "rawBounds": {
    "minX": -13.333333902222247,
    "maxX": 12813.33302670221,
    "minZ": -13.333359502223288,
    "maxZ": 12813.33302670221
  },
  "tileSize": 512,
  "format": "webp",
  "minZoom": 0,
  "maxZoom": 5,
  "gridSize": 32,
  "tileWorldSize": 426.6666848711119,
  "edgeOverlapPx": 16,
  "template": "./tiles/z{z}/{x}/{y}.webp",
  "notes": "Sat pyramid derived from S_*_lco source tiles and per-tile rvmat TexGen metadata."
}