{
  "Objects": [
    {
      "name": "Land_Underground_Stairs_Exit",
      "pos": [
        4320.27294921875,
        338.0639953613281,
        10499.2373046875
      ],
      "ypr": [
        63.0,
        0.0,
        -0.0
      ],
      "scale": 0.9999999403953552,
      "enableCEPersistency": 0,
      "customString": ""
    },
    {
      "name": "Land_Underground_Panel",
      "pos": [
        4325.0458984375,
        340.3938903808594,
        10496.826171875
      ],
      "ypr": [
        152.98291015625,
        0.0,
        -0.0
      ],
      "scale": 1.0,
      "enableCEPersistency": 0,
      "customString": ""
    },
    {
      "name": "Land_Underground_Panel",
      "pos": [
        4324.0859375,
        340.3938903808594,
        10498.708984375
      ],
      "ypr": [
        152.98289489746094,
        0.0,
        -0.0
      ],
      "scale": 1.0,
      "enableCEPersistency": 0,
      "customString": ""
    }
  ]
}
