object_name	pathname	database_file	object_id	status
CraterLong	images/data/data/particleeffects/craterlong/craterlong.jpg	database/data/data/ParticleEffects/CraterLong/objects.json	dzobj_t68jfbnb1m	missing_file
craterlong.p3d	images/data/data/particleeffects/craterlong/craterlong.p3d.jpg	database/data/data/ParticleEffects/CraterLong/objects.json	dzobj_4w41smiydd	missing_file
piss_ground.p3d	images/data/data/particleeffects/excretion/piss_ground.p3d.jpg	database/data/data/ParticleEffects/Excretion/objects.json	dzobj_rru1eh75vg	missing_file
piss_particle.p3d	images/data/data/particleeffects/excretion/piss_particle.p3d.jpg	database/data/data/ParticleEffects/Excretion/objects.json	dzobj_5f67yqe8wg	missing_file
PissGround	images/data/data/particleeffects/excretion/pissground.jpg	database/data/data/ParticleEffects/Excretion/objects.json	dzobj_11cypyr6zc	missing_file
shit_ground.p3d	images/data/data/particleeffects/excretion/shit_ground.p3d.jpg	database/data/data/ParticleEffects/Excretion/objects.json	dzobj_xo4von0u6p	missing_file
shit_particle.p3d	images/data/data/particleeffects/excretion/shit_particle.p3d.jpg	database/data/data/ParticleEffects/Excretion/objects.json	dzobj_h53ny0sayc	missing_file
ShitGround	images/data/data/particleeffects/excretion/shitground.jpg	database/data/data/ParticleEffects/Excretion/objects.json	dzobj_wjtkaw70k8	missing_file
vomit_blood_ground.p3d	images/data/data/particleeffects/excretion/vomit_blood_ground.p3d.jpg	database/data/data/ParticleEffects/Excretion/objects.json	dzobj_46iri27hxj	missing_file
vomit_blood_particle.p3d	images/data/data/particleeffects/excretion/vomit_blood_particle.p3d.jpg	database/data/data/ParticleEffects/Excretion/objects.json	dzobj_tvm54rax8d	missing_file
vomit_ground.p3d	images/data/data/particleeffects/excretion/vomit_ground.p3d.jpg	database/data/data/ParticleEffects/Excretion/objects.json	dzobj_oy53ksqsof	missing_file
vomit_particle.p3d	images/data/data/particleeffects/excretion/vomit_particle.p3d.jpg	database/data/data/ParticleEffects/Excretion/objects.json	dzobj_iluulxp1c2	missing_file
VomitBloodGround	images/data/data/particleeffects/excretion/vomitbloodground.jpg	database/data/data/ParticleEffects/Excretion/objects.json	dzobj_6mfxwhdgye	missing_file
VomitGround	images/data/data/particleeffects/excretion/vomitground.jpg	database/data/data/ParticleEffects/Excretion/objects.json	dzobj_wreably57z	missing_file
AnniversaryMusicSource	images/data/anniversarymusicsource.jpg	database/data/objects.json	dzobj_ai1hpnboxb	missing_file
AnniversarySpotLight	images/data/anniversaryspotlight.jpg	database/data/objects.json	dzobj_mpxxhijvsc	missing_file
ExplosionTest	images/data/explosiontest.jpg	database/data/objects.json	dzobj_p8ygkb0p9s	missing_file
book_kniga.p3d	images/gear/books/book_kniga.p3d.jpg	database/gear/books/objects.json	dzobj_9im5szrnbm	missing_file
ProxyBook_kniga	images/gear/books/proxybook_kniga.jpg	database/gear/books/objects.json	dzobj_erekfa38mz	missing_file
camo_net_p.p3d	images/gear/camping/camonetshelter/camonetshelter.jpg	database/gear/camping/objects.json	dzobj_6eoho4qyyb	missing_file
Camonet	images/gear/camping/camonetshelter/camonetshelter.jpg	database/gear/camping/objects.json	dzobj_wzgl7nx42p	missing_file
canvas.p3d	images/gear/camping/canvas.p3d.jpg	database/gear/camping/objects.json	dzobj_c55au9b8ms	missing_file
dz_flag.p3d	images/gear/camping/dz_flag.p3d.jpg	database/gear/camping/objects.json	dzobj_xde88rqdgw	missing_file
hbox_folded.p3d	images/gear/camping/hbox_folded.p3d.jpg	database/gear/camping/objects.json	dzobj_5tjwnqkni5	missing_file
hbox_unfolded_empty.p3d	images/gear/camping/hbox_unfolded_empty.p3d.jpg	database/gear/camping/objects.json	dzobj_2temo9delh	missing_file
hbox_unfolded_filled.p3d	images/gear/camping/hbox_unfolded_filled.p3d.jpg	database/gear/camping/objects.json	dzobj_2m5zh8aapo	missing_file
improvised_tent_01.p3d	images/gear/camping/improvised_tent_01.p3d.jpg	database/gear/camping/objects.json	dzobj_0x6gjfulq3	missing_file
improvised_tent_02.p3d	images/gear/camping/improvised_tent_02.p3d.jpg	database/gear/camping/objects.json	dzobj_70t34ndks2	missing_file
improvised_tent_g_01.p3d	images/gear/camping/improvised_tent_g_01.p3d.jpg	database/gear/camping/objects.json	dzobj_7qz1s9pvbx	missing_file
improvised_tent_g_02.p3d	images/gear/camping/improvised_tent_g_02.p3d.jpg	database/gear/camping/objects.json	dzobj_c4zateoc9n	missing_file
shelter_frame.p3d	images/gear/camping/shelter_frame.p3d.jpg	database/gear/camping/objects.json	dzobj_02kep9nxai	missing_file
string_lights_p.p3d	images/gear/camping/string_lights_p.p3d.jpg	database/gear/camping/objects.json	dzobj_r6j29c42f9	missing_file
t_fagussylvatica_2fmesh.p3d	images/gear/camping/t_fagussylvatica_2fmesh.p3d.jpg	database/gear/camping/objects.json	dzobj_unefq7xgwx	missing_file
t_fagussylvatica_2fproxy.p3d	images/gear/camping/t_fagussylvatica_2fproxy.p3d.jpg	database/gear/camping/objects.json	dzobj_s2p7syla8y	missing_file
tent_cluttercutter.p3d	images/gear/camping/tent_cluttercutter.p3d.jpg	database/gear/camping/objects.json	dzobj_mpd3vfax2z	missing_file
tent_large_cluttercutter.p3d	images/gear/camping/tent_large_cluttercutter.p3d.jpg	database/gear/camping/objects.json	dzobj_lf9a3k6mbx	missing_file
tent_medium_packed.p3d	images/gear/camping/tent_medium_packed.p3d.jpg	database/gear/camping/objects.json	dzobj_auydio7lb3	missing_file
tent_medium_pitched.p3d	images/gear/camping/tent_medium_pitched.p3d.jpg	database/gear/camping/objects.json	dzobj_5b8o23gs8k	missing_file
territory_flag_kit_deployed.p3d	images/gear/camping/territory_flag_kit_deployed.p3d.jpg	database/gear/camping/objects.json	dzobj_o381k8fere	missing_file
territory_flag_kit_folded.p3d	images/gear/camping/territory_flag_kit_folded.p3d.jpg	database/gear/camping/objects.json	dzobj_orcojt6gb9	missing_file
territory_flag_kit_placing.p3d	images/gear/camping/territoryflagkitplacing.jpg	database/gear/camping/objects.json	dzobj_qw2nuvm6te	missing_file
arrow_shaft.p3d	images/gear/consumables/arrow_shaft.p3d.jpg	database/gear/consumables/objects.json	dzobj_r3dr6xzyh9	missing_file
bandanafh_ground.p3d	images/gear/consumables/bandanafh_ground.p3d.jpg	database/gear/consumables/objects.json	dzobj_ue018v5lh2	missing_file
gascannisterlarge.p3d	images/gear/consumables/gascannisterlarge.p3d.jpg	database/gear/consumables/objects.json	dzobj_8vdu76sjjj	missing_file
metal_sheet_pile.p3d	images/gear/consumables/metal_sheet_pile.p3d.jpg	database/gear/consumables/objects.json	dzobj_odsn879d06	missing_file
MouthRag	images/gear/consumables/mouthrag.jpg	database/gear/consumables/objects.json	dzobj_e8h2ezfx4n	missing_file
oil_bottle.p3d	images/gear/consumables/oil_bottle.p3d.jpg	database/gear/consumables/objects.json	dzobj_4za0y8nuac	missing_file
pelt_bull.p3d	images/gear/consumables/pelt_bull.p3d.jpg	database/gear/consumables/objects.json	dzobj_16j4u8d2vu	missing_file
pelt_deer_fem.p3d	images/gear/consumables/pelt_deer_fem.p3d.jpg	database/gear/consumables/objects.json	dzobj_dannpodd9d	missing_file
pelt_horse.p3d	images/gear/consumables/pelt_horse.p3d.jpg	database/gear/consumables/objects.json	dzobj_2w251xx4w8	missing_file
pelt_mouflon.p3d	images/gear/consumables/pelt_mouflon.p3d.jpg	database/gear/consumables/objects.json	dzobj_8wz2staz2e	missing_file
Stone	images/gear/consumables/stone.jpg	database/gear/consumables/objects.json	dzobj_m7tqi6uz5t	missing_file
stone.p3d	images/gear/consumables/stone.jpg	database/gear/consumables/objects.json	dzobj_mwel6mdvbg	missing_file
55galdrum.p3d	images/gear/containers/55galdrum.p3d.jpg	database/gear/containers/objects.json	dzobj_7dsprn6z5x	missing_file
christmasbox1.p3d	images/gear/containers/christmasbox1.p3d.jpg	database/gear/containers/objects.json	dzobj_fckeae8zzt	missing_file
christmasbox2.p3d	images/gear/containers/christmasbox2.p3d.jpg	database/gear/containers/objects.json	dzobj_k800b9l9a0	missing_file
christmasbox3.p3d	images/gear/containers/christmasbox3.p3d.jpg	database/gear/containers/objects.json	dzobj_jlb7y8b7hk	missing_file
teddybear.p3d	images/gear/containers/teddybear.p3d.jpg	database/gear/containers/objects.json	dzobj_w31iodm72n	missing_file
wallet.p3d	images/gear/containers/wallet.p3d.jpg	database/gear/containers/objects.json	dzobj_8qribjafts	missing_file
cookingpot.p3d	images/gear/cooking/cookingpot.p3d.jpg	database/gear/cooking/objects.json	dzobj_eh8zwtqglj	missing_file
LighterZippo	images/gear/cooking/lighterzippo.jpg	database/gear/cooking/objects.json	dzobj_r51cu9zmna	missing_file
log01burned.p3d	images/gear/cooking/log01burned.p3d.jpg	database/gear/cooking/objects.json	dzobj_bylsilxm79	missing_file
log02.p3d	images/gear/cooking/log02.p3d.jpg	database/gear/cooking/objects.json	dzobj_jjuu3qf59b	missing_file
log02burned.p3d	images/gear/cooking/log02burned.p3d.jpg	database/gear/cooking/objects.json	dzobj_0ffw610fs4	missing_file
log03.p3d	images/gear/cooking/log03.p3d.jpg	database/gear/cooking/objects.json	dzobj_h149rurl12	missing_file
log03burned.p3d	images/gear/cooking/log03burned.p3d.jpg	database/gear/cooking/objects.json	dzobj_jyukuga8d6	missing_file
oven.p3d	images/gear/cooking/ovenindoor/ovenindoor.jpg	database/gear/cooking/objects.json	dzobj_vm6751mxmy	missing_file
ovenindoor.p3d	images/gear/cooking/ovenindoor/ovenindoor.jpg	database/gear/cooking/objects.json	dzobj_ufsnywcl2l	missing_file
stone.p3d	images/gear/cooking/stone.p3d.jpg	database/gear/cooking/objects.json	dzobj_qbz2l2njuo	missing_file
stoneground.p3d	images/gear/cooking/stoneground.p3d.jpg	database/gear/cooking/objects.json	dzobj_ddk72mt2he	missing_file
advanced_spear.p3d	images/gear/crafting/advanced_spear.p3d.jpg	database/gear/crafting/objects.json	dzobj_wyuwxkt216	missing_file
basic_spear.p3d	images/gear/crafting/basic_spear.p3d.jpg	database/gear/crafting/objects.json	dzobj_ij9ymb5tu1	missing_file
grass.p3d	images/gear/crafting/grass.p3d.jpg	database/gear/crafting/objects.json	dzobj_s3vr8z5zv0	missing_file
rabbit_snare.p3d	images/gear/crafting/rabbit_snare.p3d.jpg	database/gear/crafting/objects.json	dzobj_clhp0p7ozy	missing_file
waterbottlefishtrap.p3d	images/gear/crafting/waterbottlefishtrap.p3d.jpg	database/gear/crafting/objects.json	dzobj_kbr7l24so5	missing_file
wooden_bait.p3d	images/gear/crafting/wooden_bait.p3d.jpg	database/gear/crafting/objects.json	dzobj_yoccdf65nk	missing_file
cannabis_plant.p3d	images/gear/cultivation/cannabis_plant.p3d.jpg	database/gear/cultivation/objects.json	dzobj_507ywacsu6	missing_file
clutter_cutter_2m_x_2m.p3d	images/gear/cultivation/clutter_cutter_2m_x_2m.p3d.jpg	database/gear/cultivation/objects.json	dzobj_fvh7ujcblq	missing_file
clutter_cutter_6m_x_6m.p3d	images/gear/cultivation/clutter_cutter_6m_x_6m.p3d.jpg	database/gear/cultivation/objects.json	dzobj_sdfofhlvzl	missing_file
compost.p3d	images/gear/cultivation/compost.p3d.jpg	database/gear/cultivation/objects.json	dzobj_zd28on22mu	missing_file
garden_plot_greenhouse.p3d	images/gear/cultivation/gardenplotgreenhouse.jpg	database/gear/cultivation/objects.json	dzobj_p5bfkch1oi	missing_file
garden_plot_outside.p3d	images/gear/cultivation/garden_plot_outside.p3d.jpg	database/gear/cultivation/objects.json	dzobj_fxq10brk1o	missing_file
garden_plot_outside_placing.p3d	images/gear/cultivation/garden_plot_outside_placing.p3d.jpg	database/gear/cultivation/objects.json	dzobj_9dshuqtrgj	missing_file
garden_plot_polytunnel.p3d	images/gear/cultivation/gardenplotpolytunnel.jpg	database/gear/cultivation/objects.json	dzobj_722b2wqmiq	missing_file
GardenPlot	images/gear/cultivation/gardenplot.jpg	database/gear/cultivation/objects.json	dzobj_fd80xfaign	missing_file
pepper_plant.p3d	images/gear/cultivation/plant_pepper.jpg	database/gear/cultivation/objects.json	dzobj_2xhu5jzpwx	missing_file
Plant_Cannabis	images/gear/cultivation/plant_cannabis.jpg	database/gear/cultivation/objects.json	dzobj_0ka6xt4vn0	missing_file
Plant_Pepper	images/gear/cultivation/plant_pepper.jpg	database/gear/cultivation/objects.json	dzobj_wzufgqmfw4	missing_file
Plant_Potato	images/gear/cultivation/plant_potato.jpg	database/gear/cultivation/objects.json	dzobj_198qw11gpn	missing_file
Plant_Pumpkin	images/gear/cultivation/plant_pumpkin.jpg	database/gear/cultivation/objects.json	dzobj_h10b6zqnzi	missing_file
Plant_Tomato	images/gear/cultivation/plant_tomato.jpg	database/gear/cultivation/objects.json	dzobj_mrkj0w2rum	missing_file
Plant_Zucchini	images/gear/cultivation/plant_zucchini.jpg	database/gear/cultivation/objects.json	dzobj_vrojlcxmo6	missing_file
potato_plant.p3d	images/gear/cultivation/plant_potato.jpg	database/gear/cultivation/objects.json	dzobj_wnfe6tmw7w	missing_file
potatoes_seeds_pack.p3d	images/gear/cultivation/potatoes_seeds_pack.p3d.jpg	database/gear/cultivation/objects.json	dzobj_xgqrvbcad1	missing_file
pumpkin_plant.p3d	images/gear/cultivation/plant_pumpkin.jpg	database/gear/cultivation/objects.json	dzobj_5lqm3srecp	missing_file
soil_cultivated.p3d	images/gear/cultivation/soil_cultivated.p3d.jpg	database/gear/cultivation/objects.json	dzobj_ilc2zzl1vv	missing_file
tomato_plant.p3d	images/gear/cultivation/tomato_plant.p3d.jpg	database/gear/cultivation/objects.json	dzobj_kdf82iwfd4	missing_file
zucchini_plant.p3d	images/gear/cultivation/plant_zucchini.jpg	database/gear/cultivation/objects.json	dzobj_edz2l62oux	missing_file
milkbottle.p3d	images/gear/drinks/milkbottle.p3d.jpg	database/gear/drinks/objects.json	dzobj_36k950qyuj	missing_file
sodacan_used.p3d	images/gear/drinks/sodacan_used.p3d.jpg	database/gear/drinks/objects.json	dzobj_8f5pjiwboo	missing_file
TestObject	images/gear/drinks/testobject.jpg	database/gear/drinks/objects.json	dzobj_5b4p287l8g	missing_file
bakedbeans_open.p3d	images/gear/food/bakedbeans_open.p3d.jpg	database/gear/food/objects.json	dzobj_craos05c1w	missing_file
blueberries.p3d	images/gear/food/blueberries.p3d.jpg	database/gear/food/objects.json	dzobj_u0x4pjdyzw	missing_file
eeg.p3d	images/gear/food/eeg.p3d.jpg	database/gear/food/objects.json	dzobj_dgbulen4y5	missing_file
food_can.p3d	images/gear/food/food_can.p3d.jpg	database/gear/food/objects.json	dzobj_7dcoeag4hx	missing_file
food_can_open.p3d	images/gear/food/food_can_open.p3d.jpg	database/gear/food/objects.json	dzobj_2m9bvgjb3n	missing_file
food_can_proxied.p3d	images/gear/food/food_can_proxied.p3d.jpg	database/gear/food/objects.json	dzobj_kgvhwefg7s	missing_file
foodcan_100g.p3d	images/gear/food/foodcan_100g.p3d.jpg	database/gear/food/objects.json	dzobj_78xpl4t5yh	missing_file
foodcan_100g_open.p3d	images/gear/food/foodcan_100g_open.p3d.jpg	database/gear/food/objects.json	dzobj_ji9wm3wz64	missing_file
foodcan_250g.p3d	images/gear/food/foodcan_250g.p3d.jpg	database/gear/food/objects.json	dzobj_qtoszyoi34	missing_file
foodcan_250g_open.p3d	images/gear/food/foodcan_250g_open.p3d.jpg	database/gear/food/objects.json	dzobj_0zirihb9tk	missing_file
gallus_gallus_female_dead.p3d	images/gear/food/gallus_gallus_female_dead.p3d.jpg	database/gear/food/objects.json	dzobj_cu04gukzzz	missing_file
lepus_europaeus_dead.p3d	images/gear/food/lepus_europaeus_dead.p3d.jpg	database/gear/food/objects.json	dzobj_3j1t1ncl2u	missing_file
meat.p3d	images/gear/food/meat.p3d.jpg	database/gear/food/objects.json	dzobj_59aeu9frer	missing_file
Potato	images/gear/food/potato/potato.jpg	database/gear/food/objects.json	dzobj_n3vtp2bx5f	missing_file
potato_fresh.p3d	images/gear/food/potato_fresh.p3d.jpg	database/gear/food/objects.json	dzobj_2o5gz3s50s	missing_file
potato_prepared.p3d	images/gear/food/potato/potato.jpg	database/gear/food/objects.json	dzobj_cel05ktnc0	missing_file
potato_rotten.p3d	images/gear/food/potato_rotten.p3d.jpg	database/gear/food/objects.json	dzobj_aby4chxu1o	missing_file
spaghetti_open.p3d	images/gear/food/spaghetti_open.p3d.jpg	database/gear/food/objects.json	dzobj_e2dszt70i8	missing_file
tuna_open.p3d	images/gear/food/tuna_open.p3d.jpg	database/gear/food/objects.json	dzobj_3d8zy0i8y7	missing_file
cigarettes_lit.p3d	images/gear/medical/cigarettes_lit.p3d.jpg	database/gear/medical/objects.json	dzobj_mcoalkt6qh	missing_file
cigarettes_unlit.p3d	images/gear/medical/cigarettes_unlit.p3d.jpg	database/gear/medical/objects.json	dzobj_a2ozlhatum	missing_file
dexamphetamine.p3d	images/gear/medical/dexamphetamine.p3d.jpg	database/gear/medical/objects.json	dzobj_l1kuxxyika	missing_file
improvised_fixture.p3d	images/gear/medical/improvised_fixture.p3d.jpg	database/gear/medical/objects.json	dzobj_ob43kaxxma	missing_file
improvised_fixture_f.p3d	images/gear/medical/improvised_fixture_f.p3d.jpg	database/gear/medical/objects.json	dzobj_rn9erzb8sv	missing_file
improvised_fixture_m.p3d	images/gear/medical/improvised_fixture_m.p3d.jpg	database/gear/medical/objects.json	dzobj_t0eegtt7zg	missing_file
map_1stperson.p3d	images/gear/navigation/map_1stperson.p3d.jpg	database/gear/navigation/objects.json	dzobj_dokmmxlah9	missing_file
map_chernarus.p3d	images/gear/navigation/map_chernarus.p3d.jpg	database/gear/navigation/objects.json	dzobj_zmrjur3mxk	missing_file
Absolute90s	images/gear/radio/absolute90s.jpg	database/gear/radio/objects.json	dzobj_2ovsiqy8q9	missing_file
cassette.p3d	images/gear/radio/cassette.p3d.jpg	database/gear/radio/objects.json	dzobj_v5pt4n5jfe	missing_file
walkietalkie.p3d	images/gear/radio/walkietalkie.p3d.jpg	database/gear/radio/objects.json	dzobj_mhjh5izpwq	missing_file
catle_prod.p3d	images/gear/tools/catle_prod.p3d.jpg	database/gear/tools/objects.json	dzobj_rzyr9u39p0	missing_file
CattleProd	images/gear/tools/cattleprod.jpg	database/gear/tools/objects.json	dzobj_vo0r4caz85	missing_file
doorcheck120x220-1cm.p3d	images/gear/tools/doorcheck120x220-1cm.p3d.jpg	database/gear/tools/objects.json	dzobj_876gl4yk33	missing_file
improvised_fish_trap.p3d	images/gear/tools/improvised_fish_trap.p3d.jpg	database/gear/tools/objects.json	dzobj_zamiq9rl20	missing_file
pressure_monitor.p3d	images/gear/tools/pressure_monitor.p3d.jpg	database/gear/tools/objects.json	dzobj_q60sei5kjr	missing_file
walkietalkie.p3d	images/gear/tools/walkietalkie.p3d.jpg	database/gear/tools/objects.json	dzobj_apf44t9q2x	missing_file
tripwire_g.p3d	images/gear/traps/tripwire_g.p3d.jpg	database/gear/traps/objects.json	dzobj_q3ue4ij9vs	missing_file
t_fagussylvatica_2f_cut.p3d	images/plants/tree/cutted_cut/t_fagussylvatica_2f_cut.p3d.jpg	database/plants/tree/cutted_cut/objects.json	dzobj_po5go69i76	missing_file
t_fagussylvatica_2f_stump.p3d	images/plants/tree/cutted_stump/t_fagussylvatica_2f_stump.p3d.jpg	database/plants/tree/cutted_stump/objects.json	dzobj_ff3xg0491h	missing_file
ChristmasTree_Green	images/plants/tree/christmastree_green.jpg	database/plants/tree/objects.json	dzobj_eihzm981o6	missing_file
t_piceaabies_2s_green_xmas.p3d	images/tree/christmas_tree_green.jpg	database/plants/tree/objects.json	dzobj_bdemhtj8xe	missing_file
c_birchleaves.p3d	images/plants_sakhal/clutter/dzplants_sakhalclutterc_birchleaves.p3d.jpeg	database/plants_sakhal/clutter/objects.json	dzobj_lz4kd7fpuh	missing_file
c_birchleaves_sparse.p3d	images/plants_sakhal/plants_sakhal/dzplants_sakhalplants_sakhalc_birchleaves_sparse.p3d.jpeg	database/plants_sakhal/clutter/objects.json	dzobj_0imwqhy3nx	missing_file
c_browngrass.p3d	images/plants_sakhal/clutter/dzplants_sakhalclutterc_browngrass.p3d.jpeg	database/plants_sakhal/clutter/objects.json	dzobj_708js5penm	missing_file
c_browngrass_flat.p3d	images/plants_sakhal/clutter/dzplants_sakhalclutterc_browngrass_flat.p3d.jpeg	database/plants_sakhal/clutter/objects.json	dzobj_336vtun8mw	missing_file
c_browngrass_lump.p3d	images/plants_sakhal/clutter/dzplants_sakhalclutterc_browngrass_lump.p3d.jpeg	database/plants_sakhal/clutter/objects.json	dzobj_yeqweqszkk	missing_file
c_browngrass_tall.p3d	images/plants_sakhal/clutter/dzplants_sakhalclutterc_browngrass_tall.p3d.jpeg	database/plants_sakhal/clutter/objects.json	dzobj_ktz5m9h1gt	missing_file
c_browngrass_tall2.p3d	images/plants_sakhal/clutter/dzplants_sakhalclutterc_browngrass_tall2.p3d.jpeg	database/plants_sakhal/clutter/objects.json	dzobj_rh0gkndd8h	missing_file
c_drythistle.p3d	images/plants_sakhal/clutter/dzplants_sakhalclutterc_drythistle.p3d.jpeg	database/plants_sakhal/clutter/objects.json	dzobj_3goafvams6	missing_file
c_greengrass_tall.p3d	images/plants_sakhal/clutter/dzplants_sakhalclutterc_greengrass_tall.p3d.jpeg	database/plants_sakhal/clutter/objects.json	dzobj_4os14xzyy9	missing_file
c_greengrass_tall2.p3d	images/plants_sakhal/clutter/dzplants_sakhalclutterc_greengrass_tall2.p3d.jpeg	database/plants_sakhal/clutter/objects.json	dzobj_78a6zla8ac	missing_file
c_piceacluster.p3d	images/plants_sakhal/clutter/dzplants_sakhalclutterc_piceacluster.p3d.jpeg	database/plants_sakhal/clutter/objects.json	dzobj_ms37g7th9a	missing_file
c_piceacones.p3d	images/plants_sakhal/clutter/dzplants_sakhalclutterc_piceacones.p3d.jpeg	database/plants_sakhal/clutter/objects.json	dzobj_1wc1vmdr1z	missing_file
c_stones.p3d	images/plants_sakhal/clutter/dzplants_sakhalclutterc_stones.p3d.jpeg	database/plants_sakhal/clutter/objects.json	dzobj_7ikw2k50hn	missing_file
c_stones_small.p3d	images/plants_sakhal/clutter/dzplants_sakhalclutterc_stones_small.p3d.jpeg	database/plants_sakhal/clutter/objects.json	dzobj_2k7qt1kdej	missing_file
c_twigs1.p3d	images/plants_sakhal/clutter/dzplants_sakhalclutterc_twigs1.p3d.jpeg	database/plants_sakhal/clutter/objects.json	dzobj_vimnvrxkhl	missing_file
c_twigs2.p3d	images/plants_sakhal/clutter/dzplants_sakhalclutterc_twigs2.p3d.jpeg	database/plants_sakhal/clutter/objects.json	dzobj_3dngzl4ubv	missing_file
c_volcanicstones_red.p3d	images/plants_sakhal/clutter/dzplants_sakhalclutterc_volcanicstones_red.p3d.jpeg	database/plants_sakhal/clutter/objects.json	dzobj_r82y71yq8s	missing_file
c_volcanicstones_yellow.p3d	images/plants_sakhal/clutter/dzplants_sakhalclutterc_volcanicstones_yellow.p3d.jpeg	database/plants_sakhal/clutter/objects.json	dzobj_kj6t62n7pi	missing_file
b_piceaabies_1f_dark.p3d	images/plants_sakhal/dark/dzplants_sakhaldarkb_piceaabies_1f_dark.p3d.jpeg	database/plants_sakhal/dark/objects.json	dzobj_oylghq3nf9	missing_file
b_piceaabies_1fb_dark.p3d	images/plants_sakhal/dark/dzplants_sakhaldarkb_piceaabies_1fb_dark.p3d.jpeg	database/plants_sakhal/dark/objects.json	dzobj_y7n4694415	missing_file
d_piceaabies_fallen_dark.p3d	images/plants_sakhal/dark/dzplants_sakhaldarkd_piceaabies_fallen_dark.p3d.jpeg	database/plants_sakhal/dark/objects.json	dzobj_kp6rrasg8u	missing_file
d_piceaabies_fallenb_dark.p3d	images/plants_sakhal/dark/dzplants_sakhaldarkd_piceaabies_fallenb_dark.p3d.jpeg	database/plants_sakhal/dark/objects.json	dzobj_be36dwce7a	missing_file
d_piceaabies_fallenc_dark.p3d	images/plants_sakhal/dark/dzplants_sakhaldarkd_piceaabies_fallenc_dark.p3d.jpeg	database/plants_sakhal/dark/objects.json	dzobj_l4gbjnq0n2	missing_file
d_piceaabies_fallene_dark.p3d	images/plants_sakhal/dark/dzplants_sakhaldarkd_piceaabies_fallend_dark.p3d.jpeg	database/plants_sakhal/dark/objects.json	dzobj_njifwv0lff	missing_file
d_piceaabies_stump_dark.p3d	images/plants_sakhal/dark/dzplants_sakhaldarkd_piceaabies_stump_dark.p3d.jpeg	database/plants_sakhal/dark/objects.json	dzobj_n63k9mepy6	missing_file
d_piceaabies_stumpb_dark.p3d	images/plants_sakhal/dark/dzplants_sakhaldarkd_piceaabies_stump_dark.p3d.jpeg	database/plants_sakhal/dark/objects.json	dzobj_sus5odgr5b	missing_file
d_piceaabies_stumpc_dark.p3d	images/plants_sakhal/dark/dzplants_sakhaldarkd_piceaabies_stumpc_dark.p3d.jpeg	database/plants_sakhal/dark/objects.json	dzobj_oepbtf86lr	missing_file
t_piceaabies_1f_dark.p3d	images/plants_sakhal/dark/dzplants_sakhaldarkt_piceaabies_1f_dark.p3d.jpeg	database/plants_sakhal/dark/objects.json	dzobj_o85xrg0bsc	missing_file
t_piceaabies_1s_dark.p3d	images/plants_sakhal/dark/dzplants_sakhaldarkt_piceaabies_1s_dark.p3d.jpeg	database/plants_sakhal/dark/objects.json	dzobj_8xbbo6b4t5	missing_file
t_piceaabies_1sb_dark.p3d	images/plants_sakhal/dark/dzplants_sakhaldarkt_piceaabies_1sb_dark.p3d.jpeg	database/plants_sakhal/dark/objects.json	dzobj_fn27ex22y3	missing_file
t_piceaabies_2d_dark.p3d	images/plants_sakhal/dark/dzplants_sakhaldarkt_piceaabies_2d_dark.p3d.jpeg	database/plants_sakhal/dark/objects.json	dzobj_dxq1scicz2	missing_file
t_piceaabies_2f_dark.p3d	images/plants_sakhal/dark/dzplants_sakhaldarkt_piceaabies_2f_dark.p3d.jpeg	database/plants_sakhal/dark/objects.json	dzobj_qyytul6yaa	missing_file
t_piceaabies_2fb_dark.p3d	images/plants_sakhal/dark/dzplants_sakhaldarkt_piceaabies_2fb_dark.p3d.jpeg	database/plants_sakhal/dark/objects.json	dzobj_iltpc73xvj	missing_file
t_piceaabies_2s_dark.p3d	images/plants_sakhal/dark/dzplants_sakhaldarkt_piceaabies_2s_dark.p3d.jpeg	database/plants_sakhal/dark/objects.json	dzobj_z6a28ffj44	missing_file
t_piceaabies_2sb_dark.p3d	images/plants_sakhal/dark/dzplants_sakhaldarkt_piceaabies_2sb_dark.p3d.jpeg	database/plants_sakhal/dark/objects.json	dzobj_jcti304mzx	missing_file
t_piceaabies_3d_dark.p3d	images/plants_sakhal/dark/dzplants_sakhaldarkt_piceaabies_3d_dark.p3d.jpeg	database/plants_sakhal/dark/objects.json	dzobj_lbxk1rjj7c	missing_file
b_betulahumilis_1s_latefall.p3d	images/plants_sakhal/latefall/dzplants_sakhallatefallb_betulahumilis_1s_latefall.p3d.jpeg	database/plants_sakhal/latefall/objects.json	dzobj_ysa7gxh15q	missing_file
b_betulanana_1s_latefall.p3d	images/plants_sakhal/latefall/dzplants_sakhallatefallb_betulanana_1s_latefall.p3d.jpeg	database/plants_sakhal/latefall/objects.json	dzobj_4et2lnhd2n	missing_file
b_betulapendula_1f_latefall.p3d	images/plants_sakhal/latefall/dzplants_sakhallatefallb_betulapendula_1f_latefall.p3d.jpeg	database/plants_sakhal/latefall/objects.json	dzobj_tc5wyrm8x8	missing_file
b_caraganaarborescens_2s_leafless.p3d	images/plants_sakhal/latefall/dzplants_sakhallatefallb_caraganaarborescens_2s_leafless.p3d.jpeg	database/plants_sakhal/latefall/objects.json	dzobj_wh93k9z8u6	missing_file
d_betulapendula_fallen_latefall.p3d	images/plants_sakhal/latefall/dzplants_sakhallatefalld_betulapendula_fallen_latefall.p3d.jpeg	database/plants_sakhal/latefall/objects.json	dzobj_a762iiz3ek	missing_file
d_betulapendula_stump_latefall.p3d	images/plants_sakhal/latefall/dzplants_sakhallatefalld_betulapendula_stump_latefall.p3d.jpeg	database/plants_sakhal/latefall/objects.json	dzobj_toxjojpujv	missing_file
t_betulapendula_1f_latefall.p3d	images/plants_sakhal/latefall/dzplants_sakhallatefallt_betulapendula_1f_latefall.p3d.jpeg	database/plants_sakhal/latefall/objects.json	dzobj_hqktq3aec6	missing_file
t_betulapendula_1fb_latefall.p3d	images/plants_sakhal/latefall/dzplants_sakhallatefallt_betulapendula_1fb_latefall.p3d.jpeg	database/plants_sakhal/latefall/objects.json	dzobj_ku2ymjkqmc	missing_file
t_betulapendula_1s_latefall.p3d	images/plants_sakhal/latefall/dzplants_sakhallatefallt_betulapendula_1s_latefall.p3d.jpeg	database/plants_sakhal/latefall/objects.json	dzobj_n2rrrjrm12	missing_file
t_betulapendula_2f_latefall.p3d	images/plants_sakhal/latefall/dzplants_sakhallatefallt_betulapendula_2f_latefall.p3d.jpeg	database/plants_sakhal/latefall/objects.json	dzobj_9kp6dl394o	missing_file
t_betulapendula_2fb_latefall.p3d	images/plants_sakhal/latefall/dzplants_sakhallatefallt_betulapendula_2fb_latefall.p3d.jpeg	database/plants_sakhal/latefall/objects.json	dzobj_q08iqh4wav	missing_file
t_betulapendula_2fc_latefall.p3d	images/plants_sakhal/latefall/dzplants_sakhallatefallt_betulapendula_2fc_latefall.p3d.jpeg	database/plants_sakhal/latefall/objects.json	dzobj_ycau7h6gdd	missing_file
t_betulapendula_2s_latefall.p3d	images/plants_sakhal/latefall/dzplants_sakhallatefallt_betulapendula_2s_latefall.p3d.jpeg	database/plants_sakhal/latefall/objects.json	dzobj_6orsid2w0k	missing_file
t_betulapendula_2w_latefall.p3d	images/plants_sakhal/latefall/dzplants_sakhallatefallt_betulapendula_2w_latefall.p3d.jpeg	database/plants_sakhal/latefall/objects.json	dzobj_rcuh6i1sd8	missing_file
t_betulapendula_3f_latefall.p3d	images/plants_sakhal/latefall/dzplants_sakhallatefallt_betulapendula_3f_latefall.p3d.jpeg	database/plants_sakhal/latefall/objects.json	dzobj_3ky3elyb41	missing_file
t_betulapendula_3fb_latefall.p3d	images/plants_sakhal/latefall/dzplants_sakhallatefallt_betulapendula_3fb_latefall.p3d.jpeg	database/plants_sakhal/latefall/objects.json	dzobj_9dt2omj6y5	missing_file
t_betulapendula_3fc_latefall.p3d	images/plants_sakhal/latefall/dzplants_sakhallatefallt_betulapendula_3fc_latefall.p3d.jpeg	database/plants_sakhal/latefall/objects.json	dzobj_yjjjmkk4vv	missing_file
t_betulapendula_3s_latefall.p3d	images/plants_sakhal/latefall/dzplants_sakhallatefallt_betulapendula_3s_latefall.p3d.jpeg	database/plants_sakhal/latefall/objects.json	dzobj_cysak6bq20	missing_file
t_betulapendulae_2w_latefall.p3d	images/plants_sakhal/latefall/dzplants_sakhallatefallt_betulapendulae_2w_latefall.p3d.jpeg	database/plants_sakhal/latefall/objects.json	dzobj_86gi0qoedc	missing_file
t_populusalba_1f_latefall.p3d	images/plants_sakhal/latefall/dzplants_sakhallatefallt_populusalba_1f_latefall.p3d.jpeg	database/plants_sakhal/latefall/objects.json	dzobj_ahfpbpgukg	missing_file
t_populusalba_2s_latefall.p3d	images/plants_sakhal/latefall/dzplants_sakhallatefallt_populusalba_2s_latefall.p3d.jpeg	database/plants_sakhal/latefall/objects.json	dzobj_oxptf7z5qg	missing_file
t_populusalba_3s_latefall.p3d	images/plants_sakhal/latefall/dzplants_sakhallatefallt_populusalba_3s_latefall.p3d.jpeg	database/plants_sakhal/latefall/objects.json	dzobj_7hhnaiw98v	missing_file
t_populusnigra_3s_latefall.p3d	images/plants_sakhal/latefall/dzplants_sakhallatefallt_populusnigra_3s_latefall.p3d.jpeg	database/plants_sakhal/latefall/objects.json	dzobj_3mkvg5i9o3	missing_file
New Build Preset	<empty>	database/presets/!Build template folder/objects.json	dzobj_xdjj5gh8eb	empty_path
Aniva Industrial	Aniva Industrial.jpg	database/presets/Aniva Industrial/objects.json	dzobj_nw6rsdwjo8	missing_file
Cultist Church	<empty>	database/presets/Cultist church/objects.json	dzobj_9f7nbt5jdb	empty_path
Gear trader template	<empty>	database/presets/Gear trader template/objects.json	dzobj_9lso1z0t5u	empty_path
Geothermal	Geothermal.jpg	database/presets/Geothermal/objects.json	dzobj_coc0x2ji2j	missing_file
Graveyard	<empty>	database/presets/Graveyard/objects.json	dzobj_f31guzk38y	empty_path
Ice Sheet Large	Ice Sheet Large.jpg	database/presets/Ice Sheet Large/objects.json	dzobj_1eoaw8lljx	missing_file
Ice Sheet Small	Ice Sheet Small.jpg	database/presets/Ice Sheet Small/objects.json	dzobj_ewc905arkl	missing_file
Kopa Prison Livonia	Kopa Prison Livonia.jpg	database/presets/Kopa Prison Livonia/objects.json	dzobj_xxn6v6znv1	missing_file
Lembork Military Livonia	Lembork Military Livonia.jpg	database/presets/Lembork Military Livonia/objects.json	dzobj_t67fxyyg05	missing_file
Military Dock Sakhal	Military Dock Sakhal.jpg	database/presets/Military Dock Sakhal/objects.json	dzobj_lqkam4sapx	missing_file
Missile / bomb transporter	<empty>	database/presets/Missile - bomb transporters/objects.json	dzobj_sa99g7408d	empty_path
Radioactive cores	<empty>	database/presets/Radioactive cores/objects.json	dzobj_dg8yz9pjna	empty_path
Safari Pen	<empty>	database/presets/Safari pen/objects.json	dzobj_cson0nn771	empty_path
Sawmill	<empty>	database/presets/Sawmill/objects.json	dzobj_ff8uc53zyr	empty_path
rock_bright_monolith1.p3d	images/rocks/snow_rocks/snow_rockssnow_rock_bright_monolith1.p3d.jpg	database/rocks/objects.json	dzobj_35iu4byykv	missing_file
rock_bright_monolith4.p3d	images/rocks/rock_bright_monolith4.p3d.jpg	database/rocks/objects.json	dzobj_0j7ph62f72	missing_file
rock_wallh3.p3d	images/rocks/rock_wallh3.p3d.jpg	database/rocks/objects.json	dzobj_7pxh59s3lq	missing_file
cementworks_milld.p3d	images/structures/industrial/cementworks/cementworks_milld.p3d.jpg	database/structures/industrial/CementWorks/objects.json	dzobj_46doarjrfu	missing_file
container_1a.p3d	images/structures/industrial/containers/container_1a.p3d.jpg	database/structures/industrial/Containers/objects.json	dzobj_z670cndjc5	missing_file
container_1b.p3d	images/structures/industrial/containers/container_1b.p3d.jpg	database/structures/industrial/Containers/objects.json	dzobj_bisdbkxsr6	missing_file
container_1mo.p3d	images/structures/industrial/containers/container_1mo.p3d.jpg	database/structures/industrial/Containers/objects.json	dzobj_hicn8plyk3	missing_file
container_2d.p3d	images/structures/industrial/containers/container_2d.p3d.jpg	database/structures/industrial/Containers/objects.json	dzobj_3sj2o603xc	missing_file
StaticObj_Barn_WaterTower	images/structures/industrial/farms/staticobj_barn_watertower.jpg	database/structures/industrial/Farms/objects.json	dzobj_0z1enpq6tr	missing_file
pier_concrete1_l.p3d	images/structures/industrial/harbour/pier_concrete1_l.p3d.jpg	database/structures/industrial/Harbour/objects.json	dzobj_xkkknj28dr	missing_file
pier_concrete1_l10.p3d	images/structures/industrial/harbour/pier_concrete1_l10.p3d.jpg	database/structures/industrial/Harbour/objects.json	dzobj_brttkvslg4	missing_file
pier_concrete1_l30.p3d	images/structures/industrial/harbour/pier_concrete1_l30.p3d.jpg	database/structures/industrial/Harbour/objects.json	dzobj_pkk2wiqtqm	missing_file
pier_wooden1_pillars.p3d	images/structures/industrial/harbour/pier_wooden1_pillars.p3d.jpg	database/structures/industrial/Harbour/objects.json	dzobj_xsh8xa0oyf	missing_file
misc_coil.p3d	images/structures/industrial/misc/misc_coil.p3d.jpg	database/structures/industrial/Misc/objects.json	dzobj_iswj5s7j9n	missing_file
misc_timbers3.p3d	images/structures/industrial/misc/staticobj_misc_timbers3.jpg.jpg	database/structures/industrial/Misc/objects.json	dzobj_d8usutugnp	missing_file
misc_timbers4.p3d	images/structures/industrial/misc/misc_timbers4.p3d.jpg	database/structures/industrial/Misc/objects.json	dzobj_zeqc22evn1	missing_file
misc_tirepile.p3d	images/structures/industrial/misc/misc_tirepile.p3d.jpg	database/structures/industrial/Misc/objects.json	dzobj_5ksxaobn3q	missing_file
misc_tirepile_group.p3d	images/structures/industrial/misc/misc_tirepile_group.p3d.jpg	database/structures/industrial/Misc/objects.json	dzobj_cgg1la89m5	missing_file
misc_woodpile_forest1.p3d	images/structures/industrial/misc/misc_woodpile_forest1.p3d.jpg	database/structures/industrial/Misc/objects.json	dzobj_hzb12avvib	missing_file
misc_woodpile_forest2.p3d	images/structures/industrial/misc/misc_woodpile_forest2.p3d.jpg	database/structures/industrial/Misc/objects.json	dzobj_78q9mozugh	missing_file
misc_woodpile_forest3.p3d	images/structures/industrial/misc/misc_woodpile_forest3.p3d.jpg	database/structures/industrial/Misc/objects.json	dzobj_wui5q8mhuh	missing_file
StaticObj_Misc_Timbers4	images/structures/industrial/misc/staticobj_misc_timbers4.jpg	database/structures/industrial/Misc/objects.json	dzobj_sd5ktdowok	missing_file
power_pole_conc1.p3d	images/structures/industrial/power/power_pole_conc1.p3d.jpg	database/structures/industrial/Power/objects.json	dzobj_7c3kpivryz	missing_file
power_pole_conc3.p3d	images/structures/industrial/power/power_pole_conc3.p3d.jpg	database/structures/industrial/Power/objects.json	dzobj_d2cvixqw1l	missing_file
power_pole_conc4.p3d	images/structures/industrial/power/power_pole_conc4.p3d.jpg	database/structures/industrial/Power/objects.json	dzobj_npyvg9lhjv	missing_file
power_pole_conc4_lamp.p3d	images/structures/industrial/power/power_pole_conc4_lamp.p3d.jpg	database/structures/industrial/Power/objects.json	dzobj_opybn22jn8	missing_file
power_pole_conc4_lamp_trail_b.p3d	images/structures/industrial/power/power_pole_conc4_lamp_trail_b.p3d.jpg	database/structures/industrial/Power/objects.json	dzobj_6w7oemged9	missing_file
power_pole_conc4_lamp_trail_g.p3d	images/structures/industrial/power/power_pole_conc4_lamp_trail_g.p3d.jpg	database/structures/industrial/Power/objects.json	dzobj_9yt4yqloqj	missing_file
power_pole_conc4_lamp_trail_r.p3d	images/structures/industrial/power/power_pole_conc4_lamp_trail_r.p3d.jpg	database/structures/industrial/Power/objects.json	dzobj_ylepk4r3iw	missing_file
power_pole_conc4_lamp_trail_y.p3d	images/structures/industrial/power/power_pole_conc4_lamp_trail_y.p3d.jpg	database/structures/industrial/Power/objects.json	dzobj_ek96fuzjyc	missing_file
power_pole_wood1.p3d	images/structures/industrial/power/power_pole_wood1.p3d.jpg	database/structures/industrial/Power/objects.json	dzobj_xpffnlqajb	missing_file
power_pole_wood1_lamp.p3d	images/structures/industrial/power/power_pole_wood1_lamp.p3d.jpg	database/structures/industrial/Power/objects.json	dzobj_zw7100sc3m	missing_file
power_pole_wood1_lamp_only.p3d	images/structures/industrial/power/power_pole_wood1_lamp_only.p3d.jpg	database/structures/industrial/Power/objects.json	dzobj_d3sc3m04gk	missing_file
StaticObj_Power_HV_Line	images/structures/industrial/power/staticobj_power_hv_line.jpg	database/structures/industrial/Power/objects.json	dzobj_gicbpt98eh	missing_file
Land_Sawmill_Building	images/structures/industrial/sawmills/land_sawmill_building.jpg	database/structures/industrial/Sawmills/objects.json	dzobj_vx228fybfw	missing_file
Land_Sawmill_Illuminanttower	images/structures/industrial/sawmills/land_sawmill_illuminanttower.jpg	database/structures/industrial/Sawmills/objects.json	dzobj_evzhgm4r6a	missing_file
sawmill_building.p3d	images/structures/industrial/sawmills/land_sawmill_building.jpg	database/structures/industrial/Sawmills/objects.json	dzobj_41y2lvupz2	missing_file
sawmill_illuminanttower.p3d	images/structures/industrial/sawmills/land_sawmill_illuminanttower.jpg	database/structures/industrial/Sawmills/objects.json	dzobj_bkmdnknu3f	missing_file
hbarrier_big.p3d	images/structures/military/improvised/hbarrier_big.p3d.jpg	database/structures/military/Improvised/objects.json	dzobj_ww03yjyiut	missing_file
mil_camonet_roof_nato.p3d	images/structures/military/improvised/mil_camonet_roof_nato.p3d.jpg	database/structures/military/Improvised/objects.json	dzobj_odnc3k52kw	missing_file
mil_camonet_side_east.p3d	images/structures/military/improvised/mil_camonet_side_east.p3d.jpg	database/structures/military/Improvised/objects.json	dzobj_uw4uqtx6r0	missing_file
mil_fortified_nest_big.p3d	images/structures/military/improvised/mil_fortified_nest_big.p3d.jpg	database/structures/military/Improvised/objects.json	dzobj_rmuwmh42e2	missing_file
mil_fortified_nest_small.p3d	images/structures/military/improvised/mil_fortified_nest_small.p3d.jpg	database/structures/military/Improvised/objects.json	dzobj_3goxwnvche	missing_file
mil_fortified_nest_watchtower.p3d	images/structures/military/improvised/mil_fortified_nest_watchtower.p3d.jpg	database/structures/military/Improvised/objects.json	dzobj_y7qxjjtmk1	missing_file
misc_supplybox1.p3d	images/structures/military/misc/misc_supplybox1.p3d.jpg	database/structures/military/Misc/objects.json	dzobj_39kc0nquwp	missing_file
StaticObj_Mil_ReinforcedTank1_Grass	images/structures/military/airfield/staticobj_mil_reinforcedtank1_grass.jpg	database/structures/military/airfield/objects.json	dzobj_1dtfq7c0f4	missing_file
tisy_garages2_smallpicea_vaccinumtall.p3d	images/structures/military/tisy/tisy_garages2_smallpicea_vaccinumtall.p3d.jpg	database/structures/military/tisy/objects.json	dzobj_d9o1jdig4t	missing_file
tisy_garages2_strobili1.p3d	images/structures/military/tisy/tisy_garages2_strobili1.p3d.jpg	database/structures/military/tisy/objects.json	dzobj_61f6j1lagv	missing_file
tisy_garages2_strobili2.p3d	images/structures/military/tisy/tisy_garages2_strobili2.p3d.jpg	database/structures/military/tisy/objects.json	dzobj_u4e1n19pxo	missing_file
tisy_garages2_vaccinium1.p3d	images/structures/military/tisy/tisy_garages2_vaccinium1.p3d.jpg	database/structures/military/tisy/objects.json	dzobj_r1ev853mnv	missing_file
tisy_garages2_vaccinium2.p3d	images/structures/military/tisy/tisy_garages2_vaccinium2.p3d.jpg	database/structures/military/tisy/objects.json	dzobj_eo1hkwdxsf	missing_file
tisy_garages2_vacciniumredgreen.p3d	images/structures/military/tisy/tisy_garages2_vacciniumredgreen.p3d.jpg	database/structures/military/tisy/objects.json	dzobj_byregjby4j	missing_file
tisy_garages2_viminibus.p3d	images/structures/military/tisy/tisy_garages2_viminibus.p3d.jpg	database/structures/military/tisy/objects.json	dzobj_n26anombd8	missing_file
rail_linebreak_concrete.p3d	images/structures/rail/misc/rail_linebreak_concrete.p3d.jpg	database/structures/rail/Misc/objects.json	dzobj_nfmf4w0c08	missing_file
rail_linebreak_iron.p3d	images/structures/rail/misc/rail_linebreak_iron.p3d.jpg	database/structures/rail/Misc/objects.json	dzobj_4e1fvc73zj	missing_file
rail_tracke_r25_5_lc.p3d	images/structures/rail/tracks/staticobj_rail_tracke_r25_5_lc.jpg	database/structures/rail/Tracks/objects.json	dzobj_q0475fxrj1	missing_file
StaticObj_Rail_Track_Down_40_lc	images/structures/rail/tracks/staticobj_rail_track_down_40_lc.jpg	database/structures/rail/Tracks/objects.json	dzobj_1f3cgn80ik	missing_file
StaticObj_Rail_Track_LB1_RE	images/structures/rail/tracks/staticobj_rail_track_lb1_re.jpg	database/structures/rail/Tracks/objects.json	dzobj_kir6abxs04	missing_file
StaticObj_Rail_Track_LB_RE_lc	images/structures/rail/tracks/staticobj_rail_track_lb_re_lc.jpg	database/structures/rail/Tracks/objects.json	dzobj_cixzixc2a5	missing_file
StaticObj_Rail_Track_Passing_25_lc	images/structures/rail/tracks/staticobj_rail_track_passing_25_lc.jpg	database/structures/rail/Tracks/objects.json	dzobj_7pvahf40fj	missing_file
StaticObj_Rail_Track_TurnOutL_lc	images/structures/rail/tracks/staticobj_rail_track_turnoutl_lc.jpg	database/structures/rail/Tracks/objects.json	dzobj_ztivkvuu7z	missing_file
StaticObj_Rail_Track_Up_25_lc	images/structures/rail/tracks/staticobj_rail_track_up_25_lc.jpg	database/structures/rail/Tracks/objects.json	dzobj_4v61r069bv	missing_file
StaticObj_Rail_Track_Up_40_lc	images/structures/rail/tracks/staticobj_rail_track_up_40_lc.jpg	database/structures/rail/Tracks/objects.json	dzobj_imwnsyojcq	missing_file
StaticObj_Rail_TrackE_L25_10_lc	images/structures/rail/tracks/staticobj_rail_tracke_l25_10_lc.jpg	database/structures/rail/Tracks/objects.json	dzobj_uhc1x1y8du	missing_file
StaticObj_Rail_TrackE_L30_20_lc	images/structures/rail/tracks/staticobj_rail_tracke_l30_20_lc.jpg	database/structures/rail/Tracks/objects.json	dzobj_z0x7qemslh	missing_file
StaticObj_Rail_TrackE_R25_10	images/structures/rail/tracks/staticobj_rail_tracke_r25_10.jpg	database/structures/rail/Tracks/objects.json	dzobj_z1xgr5nt2d	missing_file
StaticObj_Rail_TrackE_R25_5_lc	images/structures/rail/tracks/staticobj_rail_tracke_r25_5_lc.jpg	database/structures/rail/Tracks/objects.json	dzobj_zivcqvb4qb	missing_file
busstop_city_sign.p3d	images/structures/residential/bus/busstop_city_sign.p3d.jpg	database/structures/residential/Bus/objects.json	dzobj_ahd8ukkrjt	missing_file
busstop_village_sign.p3d	images/structures/residential/bus/busstop_village_sign.p3d.jpg	database/structures/residential/Bus/objects.json	dzobj_psh8dryb43	missing_file
garden_plot.p3d	images/structures/residential/misc/garden_plot.p3d.jpg	database/structures/residential/Misc/objects.json	dzobj_h5d0wetk4f	missing_file
ladder_half.p3d	images/structures/residential/misc/staticobj_ladder_half.jpg	database/structures/residential/Misc/objects.json	dzobj_jt3vi79n0s	missing_file
misc_hutch.p3d	images/structures/residential/misc/misc_hutch.p3d.jpg	database/structures/residential/Misc/objects.json	dzobj_kw0nxcrioi	missing_file
misc_well.p3d	images/structures/residential/misc/misc_well.p3d.jpg	database/structures/residential/Misc/objects.json	dzobj_al7ei08pki	missing_file
misc_well_pump_yellow.p3d	images/structures/residential/misc/misc_well_pump_yellow.p3d.jpg	database/structures/residential/Misc/objects.json	dzobj_q6peiav1q3	missing_file
StaticObj_Garbage_Ground_6m_NoLC	images/structures/residential/misc/staticobj_garbage_ground_6m_nolc.jpg	database/structures/residential/Misc/objects.json	dzobj_37vw6dw764	missing_file
office_municipal2_archway.p3d	images/structures/residential/offices/office_municipal2_archway.p3d.jpg	database/structures/residential/Offices/objects.json	dzobj_ih3bencgbd	missing_file
platform1_staris_block.p3d	images/structures/residential/platforms/platform1_staris_block.p3d.jpg	database/structures/residential/Platforms/objects.json	dzobj_2bswj6dlte	missing_file
platform2_staris_block.p3d	images/structures/residential/platforms/platform2_staris_block.p3d.jpg	database/structures/residential/Platforms/objects.json	dzobj_appgznc1tz	missing_file
shed_m2.p3d	images/structures/residential/sheds/shed_m2.p3d.jpg	database/structures/residential/Sheds/objects.json	dzobj_kuc547hsig	missing_file
tenement_big_entry.p3d	images/structures/residential/tenements/tenement_big_entry.p3d.jpg	database/structures/residential/Tenements/objects.json	dzobj_srylzbyhdg	missing_file
tenement_small_entry.p3d	images/structures/residential/tenements/tenement_small_entry.p3d.jpg	database/structures/residential/Tenements/objects.json	dzobj_magdj6vy88	missing_file
decal_concrete_panel.p3d	images/structures/roads/decals/decal_concrete_panel.p3d.jpg	database/structures/roads/Decals/objects.json	dzobj_dlbmt0dvgm	missing_file
decal_runway_aircrafttireprints_01.p3d	images/structures/roads/decals/decal_runway_aircrafttireprints_01.p3d.jpg	database/structures/roads/Decals/objects.json	dzobj_gzql8z88lk	missing_file
decal_runway_aircrafttireprints_01_faded.p3d	images/structures/roads/decals/decal_runway_aircrafttireprints_01_faded.p3d.jpg	database/structures/roads/Decals/objects.json	dzobj_m94nyvl7an	missing_file
decal_runway_aircrafttireprints_02.p3d	images/structures/roads/decals/decal_runway_aircrafttireprints_02.p3d.jpg	database/structures/roads/Decals/objects.json	dzobj_szg2f1n5dh	missing_file
decal_runway_aircrafttireprints_02_faded.p3d	images/structures/roads/decals/decal_runway_aircrafttireprints_02_faded.p3d.jpg	database/structures/roads/Decals/objects.json	dzobj_uxnitkmzbs	missing_file
StaticObj_Decal_damage_long1	images/structures/roads/decals/staticobj_decal_damage_long1.jpg	database/structures/roads/Decals/objects.json	dzobj_jc9g19c4d7	missing_file
StaticObj_Decal_damage_medium1_DE	images/structures/roads/decals/staticobj_decal_damage_medium1_de.jpg	database/structures/roads/Decals/objects.json	dzobj_7meafp8nxl	missing_file
StaticObj_Decal_damage_small1_DE	images/structures/roads/decals/staticobj_decal_damage_small1_de.jpg	database/structures/roads/Decals/objects.json	dzobj_puaaeel67p	missing_file
StaticObj_Decal_damage_small2_DE	images/structures/roads/decals/staticobj_decal_damage_small2_de.jpg	database/structures/roads/Decals/objects.json	dzobj_abxcqfze9m	missing_file
StaticObj_Decal_Runway_Skidmarks_End2_Light	images/structures/roads/decals/staticobj_decal_runway_skidmarks_end2_light.jpg	database/structures/roads/Decals/objects.json	dzobj_sh1p3v6ga7	missing_file
StaticObj_Decal_Runway_Skidmarks_End_Light	images/structures/roads/decals/staticobj_decal_runway_skidmarks_end_light.jpg	database/structures/roads/Decals/objects.json	dzobj_801vq0rf66	missing_file
panel_concrete_1_lc.p3d	images/structures/roads/panels/panel_concrete_1_lc.p3d.jpg	database/structures/roads/Panels/objects.json	dzobj_fq7dlhmall	missing_file
panel_concrete_2_lc.p3d	images/structures/roads/panels/panel_concrete_2_lc.p3d.jpg	database/structures/roads/Panels/objects.json	dzobj_hccpwrcoaq	missing_file
panel_concrete_dam_lc.p3d	images/structures/roads/panels/panel_concrete_dam_lc.p3d.jpg	database/structures/roads/Panels/objects.json	dzobj_zmdzqfuhx0	missing_file
panels_concrete_lc.p3d	images/structures/roads/panels/panels_concrete_lc.p3d.jpg	database/structures/roads/Panels/objects.json	dzobj_er10z4xw3x	missing_file
asf1_0 2000.p3d	images/structures/roads/parts/asf1_0 2000.p3d.jpg	database/structures/roads/Parts/objects.json	dzobj_vpbbt2q2gc	missing_file
asf1_1 1000.p3d	images/structures/roads/parts/asf1_1 1000.p3d.jpg	database/structures/roads/Parts/objects.json	dzobj_ukfmejjl44	missing_file
asf1_10 100.p3d	images/structures/roads/parts/asf1_10 100.p3d.jpg	database/structures/roads/Parts/objects.json	dzobj_vbhxgzf51v	missing_file
asf1_10 25.p3d	images/structures/roads/parts/asf1_10 25.p3d.jpg	database/structures/roads/Parts/objects.json	dzobj_edr3gmdhoz	missing_file
asf1_10 50.p3d	images/structures/roads/parts/asf1_10 50.p3d.jpg	database/structures/roads/Parts/objects.json	dzobj_j23j26wea1	missing_file
asf1_10 75.p3d	images/structures/roads/parts/asf1_10 75.p3d.jpg	database/structures/roads/Parts/objects.json	dzobj_fjtr57d1ce	missing_file
asf1_12.p3d	images/structures/roads/parts/asf1_12.p3d.jpg	database/structures/roads/Parts/objects.json	dzobj_rh40q8q38a	missing_file
asf1_15 75.p3d	images/structures/roads/parts/asf1_15 75.p3d.jpg	database/structures/roads/Parts/objects.json	dzobj_f0n1v59kep	missing_file
asf1_22 50.p3d	images/structures/roads/parts/asf1_22 50.p3d.jpg	database/structures/roads/Parts/objects.json	dzobj_b58t8fouk8	missing_file
asf1_25.p3d	images/structures/roads/parts/asf1_25.p3d.jpg	database/structures/roads/Parts/objects.json	dzobj_czlenupk5o	missing_file
asf1_30 25.p3d	images/structures/roads/parts/asf1_30 25.p3d.jpg	database/structures/roads/Parts/objects.json	dzobj_7fk47pbibr	missing_file
asf1_6.p3d	images/structures/roads/parts/asf1_6.p3d.jpg	database/structures/roads/Parts/objects.json	dzobj_j1roxlxzw1	missing_file
asf1_60 10.p3d	images/structures/roads/parts/asf1_60 10.p3d.jpg	database/structures/roads/Parts/objects.json	dzobj_1tpj1v5cbf	missing_file
asf1_6_crosswalk.p3d	images/structures/roads/parts/asf1_6_crosswalk.p3d.jpg	database/structures/roads/Parts/objects.json	dzobj_q7ca1026vy	missing_file
asf1_6konec.p3d	images/structures/roads/parts/asf1_6konec.p3d.jpg	database/structures/roads/Parts/objects.json	dzobj_if8ljtsqme	missing_file
asf1_7 100.p3d	images/structures/roads/parts/asf1_7 100.p3d.jpg	database/structures/roads/Parts/objects.json	dzobj_dc1rvi0c05	missing_file
asf2_0 2000.p3d	images/structures/roads/parts/asf2_0 2000.p3d.jpg	database/structures/roads/Parts/objects.json	dzobj_9ngbdceqo3	missing_file
asf2_1 1000.p3d	images/structures/roads/parts/asf2_1 1000.p3d.jpg	database/structures/roads/Parts/objects.json	dzobj_bzegezprc9	missing_file
asf2_10 100.p3d	images/structures/roads/parts/asf2_10 100.p3d.jpg	database/structures/roads/Parts/objects.json	dzobj_1v2pfs1kbw	missing_file
asf2_10 25.p3d	images/structures/roads/parts/asf2_10 25.p3d.jpg	database/structures/roads/Parts/objects.json	dzobj_20v98mrcjf	missing_file
asf2_10 50.p3d	images/structures/roads/parts/asf2_10 50.p3d.jpg	database/structures/roads/Parts/objects.json	dzobj_p1rtiudvcj	missing_file
asf2_10 75.p3d	images/structures/roads/parts/asf2_10 75.p3d.jpg	database/structures/roads/Parts/objects.json	dzobj_5rvddzimpa	missing_file
asf2_12.p3d	images/structures/roads/parts/asf2_12.p3d.jpg	database/structures/roads/Parts/objects.json	dzobj_0thsw2y317	missing_file
asf2_15 75.p3d	images/structures/roads/parts/asf2_15 75.p3d.jpg	database/structures/roads/Parts/objects.json	dzobj_zwgknr8iq4	missing_file
asf2_22 50.p3d	images/structures/roads/parts/asf2_22 50.p3d.jpg	database/structures/roads/Parts/objects.json	dzobj_lznbd6fqt9	missing_file
asf2_25.p3d	images/structures/roads/parts/asf2_25.p3d.jpg	database/structures/roads/Parts/objects.json	dzobj_oluoj5stvm	missing_file
asf2_30 25.p3d	images/structures/roads/parts/asf2_30 25.p3d.jpg	database/structures/roads/Parts/objects.json	dzobj_fl8nv6acwj	missing_file
asf2_6.p3d	images/structures/roads/parts/asf2_6.p3d.jpg	database/structures/roads/Parts/objects.json	dzobj_pm9gn1rg5h	missing_file
asf2_60 10.p3d	images/structures/roads/parts/asf2_60 10.p3d.jpg	database/structures/roads/Parts/objects.json	dzobj_9ftra6v12q	missing_file
asf2_6_crosswalk.p3d	images/structures/roads/parts/asf2_6_crosswalk.p3d.jpg	database/structures/roads/Parts/objects.json	dzobj_ass0julj0z	missing_file
asf2_6konec.p3d	images/structures/roads/parts/asf2_6konec.p3d.jpg	database/structures/roads/Parts/objects.json	dzobj_3w5wsfd2kt	missing_file
asf2_7 100.p3d	images/structures/roads/parts/asf2_7 100.p3d.jpg	database/structures/roads/Parts/objects.json	dzobj_thk59bm98y	missing_file
asf3_0 2000.p3d	images/structures/roads/parts/asf3_0 2000.p3d.jpg	database/structures/roads/Parts/objects.json	dzobj_78lmps69qd	missing_file
asf3_1 1000.p3d	images/structures/roads/parts/asf3_1 1000.p3d.jpg	database/structures/roads/Parts/objects.json	dzobj_xkkv4klmoe	missing_file
asf3_10 100.p3d	images/structures/roads/parts/asf3_10 100.p3d.jpg	database/structures/roads/Parts/objects.json	dzobj_boam15u4ui	missing_file
asf3_10 25.p3d	images/structures/roads/parts/asf3_10 25.p3d.jpg	database/structures/roads/Parts/objects.json	dzobj_jn1210jfzd	missing_file
asf3_10 50.p3d	images/structures/roads/parts/asf3_10 50.p3d.jpg	database/structures/roads/Parts/objects.json	dzobj_v3lh5dc5ue	missing_file
asf3_10 75.p3d	images/structures/roads/parts/asf3_10 75.p3d.jpg	database/structures/roads/Parts/objects.json	dzobj_n3wz350q43	missing_file
asf3_12.p3d	images/structures/roads/parts/asf3_12.p3d.jpg	database/structures/roads/Parts/objects.json	dzobj_l37smjdcoa	missing_file
asf3_15 75.p3d	images/structures/roads/parts/asf3_15 75.p3d.jpg	database/structures/roads/Parts/objects.json	dzobj_642er9ng1z	missing_file
asf3_22 50.p3d	images/structures/roads/parts/asf3_22 50.p3d.jpg	database/structures/roads/Parts/objects.json	dzobj_uawptm48i0	missing_file
asf3_25.p3d	images/structures/roads/parts/asf3_25.p3d.jpg	database/structures/roads/Parts/objects.json	dzobj_3rpo8ngik4	missing_file
asf3_30 25.p3d	images/structures/roads/parts/asf3_30 25.p3d.jpg	database/structures/roads/Parts/objects.json	dzobj_h15rj6foy4	missing_file
asf3_6.p3d	images/structures/roads/parts/asf3_6.p3d.jpg	database/structures/roads/Parts/objects.json	dzobj_zxhw5rxid4	missing_file
asf3_60 10.p3d	images/structures/roads/parts/asf3_60 10.p3d.jpg	database/structures/roads/Parts/objects.json	dzobj_u2uzl6kqxy	missing_file
asf3_6konec.p3d	images/structures/roads/parts/asf3_6konec.p3d.jpg	database/structures/roads/Parts/objects.json	dzobj_qynevucri7	missing_file
asf3_7 100.p3d	images/structures/roads/parts/asf3_7 100.p3d.jpg	database/structures/roads/Parts/objects.json	dzobj_5iqh6xs9sk	missing_file
centerline_12.p3d	images/structures/roads/parts/centerline_12.p3d.jpg	database/structures/roads/Parts/objects.json	dzobj_e4mwex1jcd	missing_file
centerline_25.p3d	images/structures/roads/parts/centerline_25.p3d.jpg	database/structures/roads/Parts/objects.json	dzobj_kv8skh264k	missing_file
centerline_6.p3d	images/structures/roads/parts/centerline_6.p3d.jpg	database/structures/roads/Parts/objects.json	dzobj_6x2twusjxf	missing_file
centerline_6konec.p3d	images/structures/roads/parts/centerline_6konec.p3d.jpg	database/structures/roads/Parts/objects.json	dzobj_c1t9o1pd8x	missing_file
city_0 2000.p3d	images/structures/roads/parts/city_0 2000.p3d.jpg	database/structures/roads/Parts/objects.json	dzobj_swkr7exavm	missing_file
city_1 1000.p3d	images/structures/roads/parts/city_1 1000.p3d.jpg	database/structures/roads/Parts/objects.json	dzobj_9ue3go6fd9	missing_file
city_10 100.p3d	images/structures/roads/parts/city_10 100.p3d.jpg	database/structures/roads/Parts/objects.json	dzobj_2jzsw8i54j	missing_file
city_10 25.p3d	images/structures/roads/parts/city_10 25.p3d.jpg	database/structures/roads/Parts/objects.json	dzobj_iz5xrk7sta	missing_file
city_10 50.p3d	images/structures/roads/parts/city_10 50.p3d.jpg	database/structures/roads/Parts/objects.json	dzobj_42rhvghy5l	missing_file
city_10 75.p3d	images/structures/roads/parts/city_10 75.p3d.jpg	database/structures/roads/Parts/objects.json	dzobj_5rnw7n8i5r	missing_file
city_12.p3d	images/structures/roads/parts/city_12.p3d.jpg	database/structures/roads/Parts/objects.json	dzobj_xvsv6n0cq5	missing_file
city_15 75.p3d	images/structures/roads/parts/city_15 75.p3d.jpg	database/structures/roads/Parts/objects.json	dzobj_g3b7e0eky1	missing_file
city_22 50.p3d	images/structures/roads/parts/city_22 50.p3d.jpg	database/structures/roads/Parts/objects.json	dzobj_zzsp5f3x2k	missing_file
city_25.p3d	images/structures/roads/parts/city_25.p3d.jpg	database/structures/roads/Parts/objects.json	dzobj_yezohwblo9	missing_file
city_30 25.p3d	images/structures/roads/parts/city_30 25.p3d.jpg	database/structures/roads/Parts/objects.json	dzobj_e4vhs9k6vg	missing_file
city_6.p3d	images/structures/roads/parts/city_6.p3d.jpg	database/structures/roads/Parts/objects.json	dzobj_nr57yh6rh4	missing_file
city_60 10.p3d	images/structures/roads/parts/city_60 10.p3d.jpg	database/structures/roads/Parts/objects.json	dzobj_6hfub7why9	missing_file
city_6_crosswalk.p3d	images/structures/roads/parts/city_6_crosswalk.p3d.jpg	database/structures/roads/Parts/objects.json	dzobj_3mkvf0vcid	missing_file
city_6konec.p3d	images/structures/roads/parts/city_6konec.p3d.jpg	database/structures/roads/Parts/objects.json	dzobj_hhrw6u8w87	missing_file
city_7 100.p3d	images/structures/roads/parts/city_7 100.p3d.jpg	database/structures/roads/Parts/objects.json	dzobj_qsk6nsjrzm	missing_file
grav_0 2000.p3d	images/structures/roads/parts/grav_0 2000.p3d.jpg	database/structures/roads/Parts/objects.json	dzobj_fdiwzwwyaz	missing_file
grav_1 1000.p3d	images/structures/roads/parts/grav_1 1000.p3d.jpg	database/structures/roads/Parts/objects.json	dzobj_85p43l4595	missing_file
grav_10 100.p3d	images/structures/roads/parts/grav_10 100.p3d.jpg	database/structures/roads/Parts/objects.json	dzobj_5c041ont1w	missing_file
grav_10 25.p3d	images/structures/roads/parts/grav_10 25.p3d.jpg	database/structures/roads/Parts/objects.json	dzobj_pje0wk8r48	missing_file
grav_10 50.p3d	images/structures/roads/parts/grav_10 50.p3d.jpg	database/structures/roads/Parts/objects.json	dzobj_m028rmjfr1	missing_file
grav_10 75.p3d	images/structures/roads/parts/grav_10 75.p3d.jpg	database/structures/roads/Parts/objects.json	dzobj_5poac7mrhs	missing_file
grav_12.p3d	images/structures/roads/parts/grav_12.p3d.jpg	database/structures/roads/Parts/objects.json	dzobj_mttq5g159m	missing_file
grav_15 75.p3d	images/structures/roads/parts/grav_15 75.p3d.jpg	database/structures/roads/Parts/objects.json	dzobj_bjrhhir7st	missing_file
grav_22 50.p3d	images/structures/roads/parts/grav_22 50.p3d.jpg	database/structures/roads/Parts/objects.json	dzobj_stjad07xtj	missing_file
grav_25.p3d	images/structures/roads/parts/grav_25.p3d.jpg	database/structures/roads/Parts/objects.json	dzobj_okvwu1zc2y	missing_file
grav_30 25.p3d	images/structures/roads/parts/grav_30 25.p3d.jpg	database/structures/roads/Parts/objects.json	dzobj_79kd87u3kp	missing_file
grav_6.p3d	images/structures/roads/parts/grav_6.p3d.jpg	database/structures/roads/Parts/objects.json	dzobj_hkb5nx4aaz	missing_file
grav_60 10.p3d	images/structures/roads/parts/grav_60 10.p3d.jpg	database/structures/roads/Parts/objects.json	dzobj_a41q78hoc2	missing_file
grav_6konec.p3d	images/structures/roads/parts/grav_6konec.p3d.jpg	database/structures/roads/Parts/objects.json	dzobj_ntop02l6b6	missing_file
grav_7 100.p3d	images/structures/roads/parts/grav_7 100.p3d.jpg	database/structures/roads/Parts/objects.json	dzobj_qr6xrci55d	missing_file
kr_t_asf1_asf2.p3d	images/structures/roads/parts/kr_t_asf1_asf2.p3d.jpg	database/structures/roads/Parts/objects.json	dzobj_ps9nnjioqk	missing_file
kr_t_asf1_asf3.p3d	images/structures/roads/parts/kr_t_asf1_asf3.p3d.jpg	database/structures/roads/Parts/objects.json	dzobj_h9eoov13y6	missing_file
kr_t_asf1_city.p3d	images/structures/roads/parts/kr_t_asf1_city.p3d.jpg	database/structures/roads/Parts/objects.json	dzobj_trpkd2wmeb	missing_file
kr_t_asf2_asf2.p3d	images/structures/roads/parts/kr_t_asf2_asf2.p3d.jpg	database/structures/roads/Parts/objects.json	dzobj_596fot8v8c	missing_file
kr_t_asf2_asf3.p3d	images/structures/roads/parts/kr_t_asf2_asf3.p3d.jpg	database/structures/roads/Parts/objects.json	dzobj_64ppjotyea	missing_file
kr_t_asf3_asf2.p3d	images/structures/roads/parts/kr_t_asf3_asf2.p3d.jpg	database/structures/roads/Parts/objects.json	dzobj_w0t24v1doi	missing_file
kr_t_asf3_asf3.p3d	images/structures/roads/parts/kr_t_asf3_asf3.p3d.jpg	database/structures/roads/Parts/objects.json	dzobj_a2c8si8v2i	missing_file
kr_t_asf3_mud.p3d	images/structures/roads/parts/kr_t_asf3_mud.p3d.jpg	database/structures/roads/Parts/objects.json	dzobj_nk9rrxpdls	missing_file
kr_t_city_asf3.p3d	images/structures/roads/parts/kr_t_city_asf3.p3d.jpg	database/structures/roads/Parts/objects.json	dzobj_v8r7ggg0zo	missing_file
kr_t_city_city.p3d	images/structures/roads/parts/kr_t_city_city.p3d.jpg	database/structures/roads/Parts/objects.json	dzobj_atzp3a2xnk	missing_file
kr_t_mud_mud.p3d	images/structures/roads/parts/kr_t_mud_mud.p3d.jpg	database/structures/roads/Parts/objects.json	dzobj_qebpvldnbm	missing_file
kr_x_asf1_asf3.p3d	images/structures/roads/parts/kr_x_asf1_asf3.p3d.jpg	database/structures/roads/Parts/objects.json	dzobj_lct98wahna	missing_file
kr_x_asf1_city.p3d	images/structures/roads/parts/kr_x_asf1_city.p3d.jpg	database/structures/roads/Parts/objects.json	dzobj_3bb3uy4o12	missing_file
kr_x_asf2_asf3.p3d	images/structures/roads/parts/kr_x_asf2_asf3.p3d.jpg	database/structures/roads/Parts/objects.json	dzobj_3kqb3fsyu5	missing_file
kr_x_city_city.p3d	images/structures/roads/parts/kr_x_city_city.p3d.jpg	database/structures/roads/Parts/objects.json	dzobj_zi77jl4v02	missing_file
kr_x_city_city_asf3.p3d	images/structures/roads/parts/kr_x_city_city_asf3.p3d.jpg	database/structures/roads/Parts/objects.json	dzobj_i9fb5eknrr	missing_file
mud_0 2000.p3d	images/structures/roads/parts/mud_0 2000.p3d.jpg	database/structures/roads/Parts/objects.json	dzobj_asddvcdctl	missing_file
mud_1 1000.p3d	images/structures/roads/parts/mud_1 1000.p3d.jpg	database/structures/roads/Parts/objects.json	dzobj_0w0ti10oq0	missing_file
mud_10 100.p3d	images/structures/roads/parts/mud_10 100.p3d.jpg	database/structures/roads/Parts/objects.json	dzobj_x37y5m1qk2	missing_file
mud_10 25.p3d	images/structures/roads/parts/mud_10 25.p3d.jpg	database/structures/roads/Parts/objects.json	dzobj_2kndf7cmdi	missing_file
mud_10 50.p3d	images/structures/roads/parts/mud_10 50.p3d.jpg	database/structures/roads/Parts/objects.json	dzobj_igy8mvxcn4	missing_file
mud_10 75.p3d	images/structures/roads/parts/mud_10 75.p3d.jpg	database/structures/roads/Parts/objects.json	dzobj_62gib5000z	missing_file
mud_12.p3d	images/structures/roads/parts/mud_12.p3d.jpg	database/structures/roads/Parts/objects.json	dzobj_5gerabv50z	missing_file
mud_15 75.p3d	images/structures/roads/parts/mud_15 75.p3d.jpg	database/structures/roads/Parts/objects.json	dzobj_nmxjeqrfrc	missing_file
mud_22 50.p3d	images/structures/roads/parts/mud_22 50.p3d.jpg	database/structures/roads/Parts/objects.json	dzobj_d4u6n17yvq	missing_file
mud_25.p3d	images/structures/roads/parts/mud_25.p3d.jpg	database/structures/roads/Parts/objects.json	dzobj_5ad8746tyx	missing_file
mud_30 25.p3d	images/structures/roads/parts/mud_30 25.p3d.jpg	database/structures/roads/Parts/objects.json	dzobj_k8xgnhposv	missing_file
mud_6.p3d	images/structures/roads/parts/mud_6.p3d.jpg	database/structures/roads/Parts/objects.json	dzobj_tgyrgrxmcu	missing_file
mud_60 10.p3d	images/structures/roads/parts/mud_60 10.p3d.jpg	database/structures/roads/Parts/objects.json	dzobj_l7d6twu334	missing_file
mud_6konec.p3d	images/structures/roads/parts/mud_6konec.p3d.jpg	database/structures/roads/Parts/objects.json	dzobj_p5vxwlev9g	missing_file
mud_7 100.p3d	images/structures/roads/parts/mud_7 100.p3d.jpg	database/structures/roads/Parts/objects.json	dzobj_y2z9gl61jr	missing_file
path_dirt_10.p3d	images/structures/roads/parts/path_dirt_10.p3d.jpg	database/structures/roads/Parts/objects.json	dzobj_yj3iueykub	missing_file
path_dirt_30.p3d	images/structures/roads/parts/path_dirt_30.p3d.jpg	database/structures/roads/Parts/objects.json	dzobj_s87ffhfr8l	missing_file
path_dirt_curve.p3d	images/structures/roads/parts/path_dirt_curve.p3d.jpg	database/structures/roads/Parts/objects.json	dzobj_hqacrz311m	missing_file
path_rock_10.p3d	images/structures/roads/parts/path_rock_10.p3d.jpg	database/structures/roads/Parts/objects.json	dzobj_iq05o3vv1g	missing_file
path_rock_30.p3d	images/structures/roads/parts/path_rock_30.p3d.jpg	database/structures/roads/Parts/objects.json	dzobj_vj9akatruy	missing_file
path_rock_curve.p3d	images/structures/roads/parts/path_rock_curve.p3d.jpg	database/structures/roads/Parts/objects.json	dzobj_6y421ejfog	missing_file
runway_beton.p3d	images/structures/roads/parts/runway_beton.p3d.jpg	database/structures/roads/Parts/objects.json	dzobj_0coby0q0yb	missing_file
runway_beton_end1.p3d	images/structures/roads/parts/runway_beton_end1.p3d.jpg	database/structures/roads/Parts/objects.json	dzobj_cifxohqfw2	missing_file
runway_beton_end2.p3d	images/structures/roads/parts/runway_beton_end2.p3d.jpg	database/structures/roads/Parts/objects.json	dzobj_r8bk4xqdbg	missing_file
runway_dirt_1.p3d	images/structures/roads/parts/runway_dirt_1.p3d.jpg	database/structures/roads/Parts/objects.json	dzobj_fssggt3mfx	missing_file
runway_dirt_2.p3d	images/structures/roads/parts/runway_dirt_2.p3d.jpg	database/structures/roads/Parts/objects.json	dzobj_azuospphed	missing_file
runway_dirt_3.p3d	images/structures/roads/parts/runway_dirt_3.p3d.jpg	database/structures/roads/Parts/objects.json	dzobj_m6izdcc7y4	missing_file
runway_end15.p3d	images/structures/roads/parts/runway_end15.p3d.jpg	database/structures/roads/Parts/objects.json	dzobj_huplz5qnm0	missing_file
runway_end33.p3d	images/structures/roads/parts/runway_end33.p3d.jpg	database/structures/roads/Parts/objects.json	dzobj_0gf14h035m	missing_file
runway_main.p3d	images/structures/roads/parts/runway_main.p3d.jpg	database/structures/roads/Parts/objects.json	dzobj_0tg92ssma6	missing_file
runway_main_40.p3d	images/structures/roads/parts/runway_main_40.p3d.jpg	database/structures/roads/Parts/objects.json	dzobj_3iuxl3atot	missing_file
runway_poj_draha.p3d	images/structures/roads/parts/runway_poj_draha.p3d.jpg	database/structures/roads/Parts/objects.json	dzobj_oevwzaccft	missing_file
runway_poj_l_1.p3d	images/structures/roads/parts/runway_poj_l_1.p3d.jpg	database/structures/roads/Parts/objects.json	dzobj_zpvzwte7o2	missing_file
runway_poj_l_1_end.p3d	images/structures/roads/parts/runway_poj_l_1_end.p3d.jpg	database/structures/roads/Parts/objects.json	dzobj_vywnvhmpkv	missing_file
runway_poj_l_2.p3d	images/structures/roads/parts/runway_poj_l_2.p3d.jpg	database/structures/roads/Parts/objects.json	dzobj_os68obznwg	missing_file
runway_poj_l_2_end.p3d	images/structures/roads/parts/runway_poj_l_2_end.p3d.jpg	database/structures/roads/Parts/objects.json	dzobj_siugyzc8xb	missing_file
runway_poj_spoj.p3d	images/structures/roads/parts/runway_poj_spoj.p3d.jpg	database/structures/roads/Parts/objects.json	dzobj_yetuodpgz6	missing_file
runway_poj_spoj_2.p3d	images/structures/roads/parts/runway_poj_spoj_2.p3d.jpg	database/structures/roads/Parts/objects.json	dzobj_mx54574f9t	missing_file
runway_poj_t_1.p3d	images/structures/roads/parts/runway_poj_t_1.p3d.jpg	database/structures/roads/Parts/objects.json	dzobj_crsdgk2hu9	missing_file
runway_poj_t_2.p3d	images/structures/roads/parts/runway_poj_t_2.p3d.jpg	database/structures/roads/Parts/objects.json	dzobj_pohaajokt3	missing_file
runwayold_40_main.p3d	images/structures/roads/parts/runwayold_40_main.p3d.jpg	database/structures/roads/Parts/objects.json	dzobj_ggk8mbt0nj	missing_file
StaticObj_Roads_Partcity_10_100	images/structures/roads/parts/staticobj_roads_partcity_10_100.jpg	database/structures/roads/Parts/objects.json	dzobj_a63blcnn4t	missing_file
StaticObj_Roads_Partcity_12	images/structures/roads/parts/staticobj_roads_partcity_12.jpg	database/structures/roads/Parts/objects.json	dzobj_iij8m3e5cu	missing_file
StaticObj_Roads_Partcity_15_75	images/structures/roads/parts/staticobj_roads_partcity_15_75.jpg	database/structures/roads/Parts/objects.json	dzobj_0gpgighfu6	missing_file
StaticObj_Roads_Partpath_dirt_curve	images/structures/roads/parts/staticobj_roads_partpath_dirt_curve.jpg	database/structures/roads/Parts/objects.json	dzobj_ew0bwsratm	missing_file
StaticObj_Roads_Partpath_rock_10	images/structures/roads/parts/staticobj_roads_partpath_rock_10.jpg	database/structures/roads/Parts/objects.json	dzobj_q9n8289rak	missing_file
StaticObj_Roads_Partpath_rock_30	images/structures/roads/parts/staticobj_roads_partpath_rock_30.jpg	database/structures/roads/Parts/objects.json	dzobj_9h66vv6v4j	missing_file
craterlong_02.p3d	images/structures/ruins/craterlong_02.p3d.jpg	database/structures/ruins/objects.json	dzobj_1x1txdf1a5	missing_file
rubble_dirtpile_small.p3d	images/structures/ruins/rubble_dirtpile_small.p3d.jpg	database/structures/ruins/objects.json	dzobj_mkyi8do1fg	missing_file
wall_cgry_5_d.p3d	images/structures/walls/wall_cgry_5_d.p3d.jpg	database/structures/walls/objects.json	dzobj_dp39pnl6e8	missing_file
wall_gate_kolchoz.p3d	images/structures/walls/wall_gate_kolchoz.p3d.jpg	database/structures/walls/objects.json	dzobj_6h71riiypa	missing_file
wall_gate_opendam.p3d	images/structures/walls/wall_gate_opendam.p3d.jpg	database/structures/walls/objects.json	dzobj_to5u9monc9	missing_file
dieselpowerplant_cooling.p3d	images/structures_bliss/industrial/dieselpowerplant/dieselpowerplant_cooling.jpg	database/structures_bliss/industrial/DieselPowerPlant/objects.json	dzobj_w1kue6fxho	missing_file
dieselpowerplant_transformer.p3d	images/structures_bliss/industrial/dieselpowerplant/dieselpowerplant_transformer.jpg	database/structures_bliss/industrial/DieselPowerPlant/objects.json	dzobj_zc25xphrjo	missing_file
farm_manurepile.p3d	images/structures_bliss/industrial/farms/farm_manurepile.jpg	database/structures_bliss/industrial/Farms/objects.json	dzobj_8542uwnzvt	missing_file
farm_silagestorage.p3d	images/structures_bliss/industrial/farms/farm_silagestorage.jpg	database/structures_bliss/industrial/Farms/objects.json	dzobj_hrkp3as3ay	missing_file
power_pole_wood4_lamp_only.p3d	images/structures_bliss/industrial/power/power_pole_wood4_lamp_only.jpg	database/structures_bliss/industrial/Power/objects.json	dzobj_jklevi8sy4	missing_file
power_vhv_end.p3d	images/structures_bliss/industrial/power/power_vhv_end.jpg	database/structures_bliss/industrial/Power/objects.json	dzobj_2rbd521jsa	missing_file
power_vhv_wires_direct.p3d	images/structures_bliss/industrial/power/power_vhv_wires_direct.jpg	database/structures_bliss/industrial/Power/objects.json	dzobj_xohttcly7n	missing_file
power_vhv_wires_direct_short.p3d	images/structures_bliss/industrial/power/power_vhv_wires_direct_short.jpg	database/structures_bliss/industrial/Power/objects.json	dzobj_p3t66krqs4	missing_file
power_vhv_wires_end.p3d	images/structures_bliss/industrial/power/power_vhv_wires_end.jpg	database/structures_bliss/industrial/Power/objects.json	dzobj_harcnt392v	missing_file
power_vhv_wires_left.p3d	images/structures_bliss/industrial/power/power_vhv_wires_left.jpg	database/structures_bliss/industrial/Power/objects.json	dzobj_hs51w0msf2	missing_file
power_vhv_wires_right.p3d	images/structures_bliss/industrial/power/power_vhv_wires_right.jpg	database/structures_bliss/industrial/Power/objects.json	dzobj_f046w3snpc	missing_file
busstop_village2_sign.p3d	images/structures_bliss/residential/bus/busstop_village2_sign.jpg	database/structures_bliss/residential/Bus/objects.json	dzobj_5o0ympzf0i	missing_file
fuelstation_shed_enoch.p3d	images/structures_bliss/specific/fuelstation/fuelstation_shed_enoch.jpg	database/structures_bliss/specific/FuelStation/objects.json	dzobj_nnst4hvll2	missing_file
fuelstation_sign_enoch.p3d	images/structures_bliss/specific/fuelstation/fuelstation_sign_enoch.jpg	database/structures_bliss/specific/FuelStation/objects.json	dzobj_phutbejhvz	missing_file
church5.p3d	images/structures_bliss/specific/cultural/church5.jpg	database/structures_bliss/specific/cultural/objects.json	dzobj_6qccbg92bf	missing_file
church5_dam.p3d	images/structures_bliss/specific/cultural/church5_dam.jpg	database/structures_bliss/specific/cultural/objects.json	dzobj_7dzgbb31ce	missing_file
church5_red_dam.p3d	images/structures_bliss/specific/cultural/church5_red_dam.jpg	database/structures_bliss/specific/cultural/objects.json	dzobj_n962uv5p8z	missing_file
church5_white.p3d	images/structures_bliss/specific/cultural/church5_white.jpg	database/structures_bliss/specific/cultural/objects.json	dzobj_we15hkv7ov	missing_file
church5_white_dam.p3d	images/structures_bliss/specific/cultural/church5_white_dam.jpg	database/structures_bliss/specific/cultural/objects.json	dzobj_p96qxbr5f7	missing_file
church5_yellow_dam.p3d	images/structures_bliss/specific/cultural/church5_yellow_dam.jpg	database/structures_bliss/specific/cultural/objects.json	dzobj_hzks1av5x2	missing_file
misc_calvary2.p3d	images/structures_bliss/specific/cultural/misc_calvary2.jpg	database/structures_bliss/specific/cultural/objects.json	dzobj_arel7vf71i	missing_file
misc_calvary3.p3d	images/structures_bliss/specific/cultural/misc_calvary3.jpg	database/structures_bliss/specific/cultural/objects.json	dzobj_fwo80fksrg	missing_file
EntranceDoor	images/structures_bliss/underground/stairs/entrancedoor.jpg	database/structures_bliss/underground/Stairs/objects.json	dzobj_yw5ou2i5xc	missing_file
ammoboxes_big.p3d	images/structures_bliss/underground/storage/proxy/ammoboxes_big.jpg	database/structures_bliss/underground/Storage/proxy/objects.json	dzobj_g1ql3jf9xq	missing_file
ammoboxes_pox.p3d	images/structures_bliss/underground/storage/proxy/ammoboxes_pox.jpg	database/structures_bliss/underground/Storage/proxy/objects.json	dzobj_j8p8kwrdo8	missing_file
ammoboxes_single.p3d	images/structures_bliss/underground/storage/proxy/ammoboxes_single.jpg	database/structures_bliss/underground/Storage/proxy/objects.json	dzobj_kpcas4gdnm	missing_file
ammoboxes_single_open.p3d	images/structures_bliss/underground/storage/proxy/ammoboxes_single_open.jpg	database/structures_bliss/underground/Storage/proxy/objects.json	dzobj_bufprci8s9	missing_file
ammoboxes_single_open2.p3d	images/structures_bliss/underground/storage/proxy/ammoboxes_single_open2.jpg	database/structures_bliss/underground/Storage/proxy/objects.json	dzobj_g5vgetdu2s	missing_file
ammoboxes_stacked.p3d	images/structures_bliss/underground/storage/proxy/ammoboxes_stacked.jpg	database/structures_bliss/underground/Storage/proxy/objects.json	dzobj_5kgpddqx3r	missing_file
curtain_divider.p3d	images/structures_bliss/underground/storage/proxy/curtain_divider.jpg	database/structures_bliss/underground/Storage/proxy/objects.json	dzobj_1xj3ivem1r	missing_file
enginecrane_01_f.p3d	images/structures_bliss/underground/storage/proxy/enginecrane_01_f.jpg	database/structures_bliss/underground/Storage/proxy/objects.json	dzobj_u24vrpglsz	missing_file
laboratory_scaffolding_1.p3d	images/structures_bliss/underground/storage/proxy/laboratory_scaffolding_1.jpg	database/structures_bliss/underground/Storage/proxy/objects.json	dzobj_bsr00baura	missing_file
laboratory_scaffolding_2.p3d	images/structures_bliss/underground/storage/proxy/laboratory_scaffolding_2.jpg	database/structures_bliss/underground/Storage/proxy/objects.json	dzobj_keb23idmxm	missing_file
laboratory_tarps.p3d	images/structures_bliss/underground/storage/proxy/laboratory_tarps.jpg	database/structures_bliss/underground/Storage/proxy/objects.json	dzobj_jcy99c9032	missing_file
medical_tarp_large_yellow.p3d	images/structures_bliss/underground/storage/proxy/medical_tarp_large_yellow.jpg	database/structures_bliss/underground/Storage/proxy/objects.json	dzobj_h5saiuz12o	missing_file
pallettrolley_01_yellow_f.p3d	images/structures_bliss/underground/storage/proxy/pallettrolley_01_yellow_f.jpg	database/structures_bliss/underground/Storage/proxy/objects.json	dzobj_yrnwlua6pu	missing_file
prison_cell_door.p3d	images/structures_bliss/underground/storage/proxy/prison_cell_door.jpg	database/structures_bliss/underground/Storage/proxy/objects.json	dzobj_p551sj130w	missing_file
prison_cell_nodoor.p3d	images/structures_bliss/underground/storage/proxy/prison_cell_nodoor.jpg	database/structures_bliss/underground/Storage/proxy/objects.json	dzobj_mxs695emp8	missing_file
shell_dummy.p3d	images/structures_bliss/underground/storage/proxy/shell_dummy.jpg	database/structures_bliss/underground/Storage/proxy/objects.json	dzobj_pyz4b6mb33	missing_file
shells.p3d	images/structures_bliss/underground/storage/proxy/shells.jpg	database/structures_bliss/underground/Storage/proxy/objects.json	dzobj_vemc53rj5d	missing_file
shells2.p3d	images/structures_bliss/underground/storage/proxy/shells2.jpg	database/structures_bliss/underground/Storage/proxy/objects.json	dzobj_gzwe2b30mn	missing_file
shells_single.p3d	images/structures_bliss/underground/storage/proxy/shells_single.jpg	database/structures_bliss/underground/Storage/proxy/objects.json	dzobj_faps6eutjl	missing_file
shells_supportbottom.p3d	images/structures_bliss/underground/storage/proxy/shells_supportbottom.jpg	database/structures_bliss/underground/Storage/proxy/objects.json	dzobj_zc1pozbbr2	missing_file
shells_supporttop.p3d	images/structures_bliss/underground/storage/proxy/shells_supporttop.jpg	database/structures_bliss/underground/Storage/proxy/objects.json	dzobj_h5fq1h3zy8	missing_file
StaticObj_ammoboxes_big	images/structures_bliss/underground/storage/proxy/staticobj_ammoboxes_big.jpg	database/structures_bliss/underground/Storage/proxy/objects.json	dzobj_8qet2f0to0	missing_file
StaticObj_ammoboxes_single	images/structures_bliss/underground/storage/proxy/staticobj_ammoboxes_single.jpg	database/structures_bliss/underground/Storage/proxy/objects.json	dzobj_0ezkdy3t6o	missing_file
StaticObj_ammoboxes_stacked	images/structures_bliss/underground/storage/proxy/staticobj_ammoboxes_stacked.jpg	database/structures_bliss/underground/Storage/proxy/objects.json	dzobj_cpc8n1hrov	missing_file
StaticObj_Curtain_Divider	images/structures_bliss/underground/storage/proxy/staticobj_curtain_divider.jpg	database/structures_bliss/underground/Storage/proxy/objects.json	dzobj_7qdrgjtfw9	missing_file
StaticObj_EngineCrane_01_F	images/structures_bliss/underground/storage/proxy/staticobj_enginecrane_01_f.jpg	database/structures_bliss/underground/Storage/proxy/objects.json	dzobj_3mb2igdaiw	missing_file
StaticObj_Medical_Tarp_Large_Yellow	images/structures_bliss/underground/storage/proxy/staticobj_medical_tarp_large_yellow.jpg	database/structures_bliss/underground/Storage/proxy/objects.json	dzobj_rwwa22uzm6	missing_file
StaticObj_PalletTrolley_01_yellow_F	images/structures_bliss/underground/storage/proxy/staticobj_pallettrolley_01_yellow_f.jpg	database/structures_bliss/underground/Storage/proxy/objects.json	dzobj_vg93lqphda	missing_file
StaticObj_ToolTrolley_02_F	images/structures_bliss/underground/storage/proxy/staticobj_tooltrolley_02_f.jpg	database/structures_bliss/underground/Storage/proxy/objects.json	dzobj_3vehqe7kam	missing_file
StaticObj_WhiteBoard	images/structures_bliss/underground/storage/proxy/staticobj_whiteboard.jpg	database/structures_bliss/underground/Storage/proxy/objects.json	dzobj_gdkoh9gp8r	missing_file
StaticObj_WhiteBoard_Laboratory	images/structures_bliss/underground/storage/proxy/staticobj_whiteboard_laboratory.jpg	database/structures_bliss/underground/Storage/proxy/objects.json	dzobj_cokv5i08u4	missing_file
tooltrolley_02_f.p3d	images/structures_bliss/underground/storage/proxy/tooltrolley_02_f.jpg	database/structures_bliss/underground/Storage/proxy/objects.json	dzobj_fbhj4rhj6d	missing_file
unidentified_organic_matter.p3d	images/structures_bliss/underground/storage/proxy/unidentified_organic_matter.jpg	database/structures_bliss/underground/Storage/proxy/objects.json	dzobj_np1ge0b3ki	missing_file
whiteboard.p3d	images/structures_bliss/underground/storage/proxy/whiteboard.jpg	database/structures_bliss/underground/Storage/proxy/objects.json	dzobj_gn626fpuk1	missing_file
whiteboard_laboratory.p3d	images/structures_bliss/underground/storage/proxy/whiteboard_laboratory.jpg	database/structures_bliss/underground/Storage/proxy/objects.json	dzobj_2axyzqrc50	missing_file
dambog_terrain_01.p3d	images/structures_bliss/underground/terrain/dambog_terrain_01.jpg	database/structures_bliss/underground/Terrain/objects.json	dzobj_ngsq5y99rk	missing_file
dambog_terrain_02.p3d	images/structures_bliss/underground/terrain/dambog_terrain_02.jpg	database/structures_bliss/underground/Terrain/objects.json	dzobj_pn0ssiwrlv	missing_file
dambog_terrain_03.p3d	images/structures_bliss/underground/terrain/dambog_terrain_03.jpg	database/structures_bliss/underground/Terrain/objects.json	dzobj_a8fraj28ks	missing_file
dambog_terrain_04.p3d	images/structures_bliss/underground/terrain/dambog_terrain_04.jpg	database/structures_bliss/underground/Terrain/objects.json	dzobj_a3djzxuft5	missing_file
dambog_terrain_05.p3d	images/structures_bliss/underground/terrain/dambog_terrain_05.jpg	database/structures_bliss/underground/Terrain/objects.json	dzobj_dj14hllblo	missing_file
dambog_terrain_06.p3d	images/structures_bliss/underground/terrain/dambog_terrain_06.jpg	database/structures_bliss/underground/Terrain/objects.json	dzobj_nnns7szubc	missing_file
dambog_terrain_07.p3d	images/structures_bliss/underground/terrain/dambog_terrain_07.jpg	database/structures_bliss/underground/Terrain/objects.json	dzobj_fuipfwt3s0	missing_file
dambog_terrain_08.p3d	images/structures_bliss/underground/terrain/dambog_terrain_08.jpg	database/structures_bliss/underground/Terrain/objects.json	dzobj_afowbgk0cf	missing_file
dambog_terrain_09.p3d	images/structures_bliss/underground/terrain/dambog_terrain_09.jpg	database/structures_bliss/underground/Terrain/objects.json	dzobj_klg0pptnj3	missing_file
dambog_terrain_10.p3d	images/structures_bliss/underground/terrain/dambog_terrain_10.jpg	database/structures_bliss/underground/Terrain/objects.json	dzobj_j4olh5vudy	missing_file
dambog_terrain_11.p3d	images/structures_bliss/underground/terrain/dambog_terrain_11.jpg	database/structures_bliss/underground/Terrain/objects.json	dzobj_4uaxfzvewb	missing_file
dambog_terrain_12.p3d	images/structures_bliss/underground/terrain/dambog_terrain_12.jpg	database/structures_bliss/underground/Terrain/objects.json	dzobj_p9eb0j9f9v	missing_file
dambog_terrain_13.p3d	images/structures_bliss/underground/terrain/dambog_terrain_13.jpg	database/structures_bliss/underground/Terrain/objects.json	dzobj_1djebsbt67	missing_file
dambog_terrain_14.p3d	images/structures_bliss/underground/terrain/dambog_terrain_14.jpg	database/structures_bliss/underground/Terrain/objects.json	dzobj_evuwevawj6	missing_file
StaticObj_Terrain_Livonia_ForestPatch	images/structures_bliss/underground/terrain/staticobj_terrain_livoniaa_forestpatch.jpg	database/structures_bliss/underground/Terrain/objects.json	dzobj_6c8naccifn	missing_file
StaticObj_Terrain_Livonia_GrassPatch	images/structures_bliss/underground/terrain/staticobj_terrain_livoniaa_grasspatch.jpg	database/structures_bliss/underground/Terrain/objects.json	dzobj_vi1oc8g0n7	missing_file
terrain_forest_generic.p3d	images/structures_bliss/underground/terrain/terrain_forest_generic.jpg	database/structures_bliss/underground/Terrain/objects.json	dzobj_il2p6i2yjq	missing_file
terrain_livoniaa_forestpatch.p3d	images/structures_bliss/underground/terrain/terrain_livoniaa_forestpatch.jpg	database/structures_bliss/underground/Terrain/objects.json	dzobj_bu3o9uf52l	missing_file
terrain_livoniaa_grasspatch.p3d	images/structures_bliss/underground/terrain/terrain_livoniaa_grasspatch.jpg	database/structures_bliss/underground/Terrain/objects.json	dzobj_phocrqqpp7	missing_file
terrain_occluder_40m.p3d	images/structures_bliss/underground/terrain/terrain_occluder_40m.jpg	database/structures_bliss/underground/Terrain/objects.json	dzobj_dcdqfy9aeu	missing_file
ValveGauge2	images/structures_bliss/underground/water/valvegauge2.jpg	database/structures_bliss/underground/Water/objects.json	dzobj_v2nd1prhpc	missing_file
wall_backalley_01_l_1m_f.p3d	images/structures_bliss/walls/wall_backalley_01_l_1m_f.jpg	database/structures_bliss/walls/objects.json	dzobj_9713n1jzh9	missing_file
wall_backalley_01_l_gap_f.p3d	images/structures_bliss/walls/wall_backalley_01_l_gap_f.jpg	database/structures_bliss/walls/objects.json	dzobj_ffq7wxebcu	missing_file
wall_backalley_02_l_1m_f.p3d	images/structures_bliss/walls/wall_backalley_02_l_1m_f.jpg	database/structures_bliss/walls/objects.json	dzobj_vcfut99hwa	missing_file
wall_barricade1_10.p3d	images/structures_bliss/walls/wall_barricade1_10.jpg	database/structures_bliss/walls/objects.json	dzobj_y52hkwky5i	missing_file
wall_barricade1_4.p3d	images/structures_bliss/walls/wall_barricade1_4.jpg	database/structures_bliss/walls/objects.json	dzobj_iobg7b7r8a	missing_file
wall_canal_10.p3d	images/structures_bliss/walls/wall_canal_10.jpg	database/structures_bliss/walls/objects.json	dzobj_mt2mjxtnwa	missing_file
wall_cncbarrier_4block.p3d	images/structures_bliss/walls/wall_cncbarrier_4block.jpg	database/structures_bliss/walls/objects.json	dzobj_hdakyz7k4v	missing_file
wall_cncbarrier_block.p3d	images/structures_bliss/walls/wall_cncbarrier_block.jpg	database/structures_bliss/walls/objects.json	dzobj_047o1633a6	missing_file
wall_fen3_4.p3d	images/structures_bliss/walls/wall_fen3_4.jpg	database/structures_bliss/walls/objects.json	dzobj_w0669h319q	missing_file
wall_fen3_8.p3d	images/structures_bliss/walls/wall_fen3_8.jpg	database/structures_bliss/walls/objects.json	dzobj_w46bd77x3y	missing_file
wall_fen3_d.p3d	images/structures_bliss/walls/wall_fen3_d.jpg	database/structures_bliss/walls/objects.json	dzobj_9qfg5gvygk	missing_file
wall_fen3_pole.p3d	images/structures_bliss/walls/wall_fen3_pole.jpg	database/structures_bliss/walls/objects.json	dzobj_x5iym5j86p	missing_file
wall_fen4_4.p3d	images/structures_bliss/walls/wall_fen4_4.jpg	database/structures_bliss/walls/objects.json	dzobj_sfd0okixwb	missing_file
wall_fen4_4_nolc.p3d	images/structures_bliss/walls/wall_fen4_4_nolc.jpg	database/structures_bliss/walls/objects.json	dzobj_nw1zgz3bxq	missing_file
wall_fen4_8.p3d	images/structures_bliss/walls/wall_fen4_8.jpg	database/structures_bliss/walls/objects.json	dzobj_m7a29o548e	missing_file
wall_fen4_d.p3d	images/structures_bliss/walls/wall_fen4_d.jpg	database/structures_bliss/walls/objects.json	dzobj_q5qox8l6ji	missing_file
wall_fen4_d_nolc.p3d	images/structures_bliss/walls/wall_fen4_d_nolc.jpg	database/structures_bliss/walls/objects.json	dzobj_9wdu17npvp	missing_file
wall_fen4_pole.p3d	images/structures_bliss/walls/wall_fen4_pole.jpg	database/structures_bliss/walls/objects.json	dzobj_1dajnihvkt	missing_file
wall_fen5_10.p3d	images/structures_bliss/walls/wall_fen5_10.jpg	database/structures_bliss/walls/objects.json	dzobj_k9wq0zwvlw	missing_file
wall_fen5_10_d.p3d	images/structures_bliss/walls/wall_fen5_10_d.jpg	database/structures_bliss/walls/objects.json	dzobj_xzrxu9s3lt	missing_file
wall_fen5_5.p3d	images/structures_bliss/walls/wall_fen5_5.jpg	database/structures_bliss/walls/objects.json	dzobj_omyo7ukf8w	missing_file
wall_fen5_pole.p3d	images/structures_bliss/walls/wall_fen5_pole.jpg	database/structures_bliss/walls/objects.json	dzobj_ung78l58li	missing_file
wall_fen6_8.p3d	images/structures_bliss/walls/wall_fen6_8.jpg	database/structures_bliss/walls/objects.json	dzobj_bmaaf2292r	missing_file
wall_fen6_pole.p3d	images/structures_bliss/walls/wall_fen6_pole.jpg	database/structures_bliss/walls/objects.json	dzobj_d1bmfleo5n	missing_file
wall_fen7_4.p3d	images/structures_bliss/walls/wall_fen7_4.jpg	database/structures_bliss/walls/objects.json	dzobj_upe01jtzdk	missing_file
wall_fen7_pole.p3d	images/structures_bliss/walls/wall_fen7_pole.jpg	database/structures_bliss/walls/objects.json	dzobj_34e57jf6g2	missing_file
wall_fenforest_5.p3d	images/structures_bliss/walls/wall_fenforest_5.jpg	database/structures_bliss/walls/objects.json	dzobj_2hv009n1nv	missing_file
wall_fenforest_5_d.p3d	images/structures_bliss/walls/wall_fenforest_5_d.jpg	database/structures_bliss/walls/objects.json	dzobj_ibxjorjny4	missing_file
wall_fenforest_pole.p3d	images/structures_bliss/walls/wall_fenforest_pole.jpg	database/structures_bliss/walls/objects.json	dzobj_auffg1518o	missing_file
wall_fenstadium.p3d	images/structures_bliss/walls/wall_fenstadium.jpg	database/structures_bliss/walls/objects.json	dzobj_pwihim9cxh	missing_file
wall_fenvineyard.p3d	images/structures_bliss/walls/wall_fenvineyard.jpg	database/structures_bliss/walls/objects.json	dzobj_0gi79hl7cd	missing_file
wall_gate_fen3.p3d	images/structures_bliss/walls/wall_gate_fen3.jpg	database/structures_bliss/walls/objects.json	dzobj_3tert2n2vm	missing_file
wall_gate_fen4.p3d	images/structures_bliss/walls/wall_gate_fen4.jpg	database/structures_bliss/walls/objects.json	dzobj_vdnpnxwj2w	missing_file
wall_gate_ind3.p3d	images/structures_bliss/walls/wall_gate_ind3.jpg	database/structures_bliss/walls/objects.json	dzobj_w98wmj2fjv	missing_file
wall_gate_tin6_1.p3d	images/structures_bliss/walls/wall_gate_tin6_1.jpg	database/structures_bliss/walls/objects.json	dzobj_ui0x6d7ffq	missing_file
wall_gate_tin6_2.p3d	images/structures_bliss/walls/wall_gate_tin6_2.jpg	database/structures_bliss/walls/objects.json	dzobj_c9zlckgcg2	missing_file
wall_indcnc3_1_4.p3d	images/structures_bliss/walls/wall_indcnc3_1_4.jpg	database/structures_bliss/walls/objects.json	dzobj_n5sbz6hbrl	missing_file
wall_indcnc3_1_d.p3d	images/structures_bliss/walls/wall_indcnc3_1_d.jpg	database/structures_bliss/walls/objects.json	dzobj_wniyd1zzbz	missing_file
wall_indcnc3_2_4.p3d	images/structures_bliss/walls/wall_indcnc3_2_4.jpg	database/structures_bliss/walls/objects.json	dzobj_6r5rx24k71	missing_file
wall_indcnc3_2_d.p3d	images/structures_bliss/walls/wall_indcnc3_2_d.jpg	database/structures_bliss/walls/objects.json	dzobj_1egtikdiax	missing_file
wall_indcnc3_end.p3d	images/structures_bliss/walls/wall_indcnc3_end.jpg	database/structures_bliss/walls/objects.json	dzobj_mbrxdc7ag0	missing_file
wall_indcnc3_pole.p3d	images/structures_bliss/walls/wall_indcnc3_pole.jpg	database/structures_bliss/walls/objects.json	dzobj_nayov37kpb	missing_file
wall_indcnc4_4.p3d	images/structures_bliss/walls/wall_indcnc4_4.jpg	database/structures_bliss/walls/objects.json	dzobj_pcnbxlxksf	missing_file
wall_indcnc4_8.p3d	images/structures_bliss/walls/wall_indcnc4_8.jpg	database/structures_bliss/walls/objects.json	dzobj_9fdxwrxm4z	missing_file
wall_indcnc4_8_graffiti.p3d	images/structures_bliss/walls/wall_indcnc4_8_graffiti.jpg	database/structures_bliss/walls/objects.json	dzobj_bmxd84m33n	missing_file
wall_indcnc4_d.p3d	images/structures_bliss/walls/wall_indcnc4_d.jpg	database/structures_bliss/walls/objects.json	dzobj_myebjz1z52	missing_file
wall_indcnc4_low_4.p3d	images/structures_bliss/walls/wall_indcnc4_low_4.jpg	database/structures_bliss/walls/objects.json	dzobj_4p7x7yhfay	missing_file
wall_indcnc4_low_8.p3d	images/structures_bliss/walls/wall_indcnc4_low_8.jpg	database/structures_bliss/walls/objects.json	dzobj_g59fp74b0u	missing_file
wall_indcnc4_low_d.p3d	images/structures_bliss/walls/wall_indcnc4_low_d.jpg	database/structures_bliss/walls/objects.json	dzobj_1hfkvntm0e	missing_file
wall_indcnc4_low_pole.p3d	images/structures_bliss/walls/wall_indcnc4_low_pole.jpg	database/structures_bliss/walls/objects.json	dzobj_l7xismbe22	missing_file
wall_indcnc4_pole.p3d	images/structures_bliss/walls/wall_indcnc4_pole.jpg	database/structures_bliss/walls/objects.json	dzobj_eetqiumiuu	missing_file
wall_indfnc2_3.p3d	images/structures_bliss/walls/wall_indfnc2_3.jpg	database/structures_bliss/walls/objects.json	dzobj_7mx2n4sb39	missing_file
wall_indfnc2_3_d.p3d	images/structures_bliss/walls/wall_indfnc2_3_d.jpg	database/structures_bliss/walls/objects.json	dzobj_cxd1jv7v9u	missing_file
wall_indfnc2_3_d_nolc.p3d	images/structures_bliss/walls/wall_indfnc2_3_d_nolc.jpg	database/structures_bliss/walls/objects.json	dzobj_o1vhzbnjnv	missing_file
wall_indfnc2_3_hole.p3d	images/structures_bliss/walls/wall_indfnc2_3_hole.jpg	database/structures_bliss/walls/objects.json	dzobj_r9wolkjpkc	missing_file
wall_indfnc2_3_nolc.p3d	images/structures_bliss/walls/wall_indfnc2_3_nolc.jpg	database/structures_bliss/walls/objects.json	dzobj_f4koxz3ap3	missing_file
wall_indfnc2_9.p3d	images/structures_bliss/walls/wall_indfnc2_9.jpg	database/structures_bliss/walls/objects.json	dzobj_7nxd3e6sz2	missing_file
wall_indfnc2_9_nolc.p3d	images/structures_bliss/walls/wall_indfnc2_9_nolc.jpg	database/structures_bliss/walls/objects.json	dzobj_mrjyz1emms	missing_file
wall_indfnc2_corner.p3d	images/structures_bliss/walls/wall_indfnc2_corner.jpg	database/structures_bliss/walls/objects.json	dzobj_9ki8a6xoi6	missing_file
wall_indfnc2_pole.p3d	images/structures_bliss/walls/wall_indfnc2_pole.jpg	database/structures_bliss/walls/objects.json	dzobj_imopree4cw	missing_file
wall_indfnc2_pole_nolc.p3d	images/structures_bliss/walls/wall_indfnc2_pole_nolc.jpg	database/structures_bliss/walls/objects.json	dzobj_r9v0sc2bmu	missing_file
wall_indvar3_5.p3d	images/structures_bliss/walls/wall_indvar3_5.jpg	database/structures_bliss/walls/objects.json	dzobj_a5ay8sjsp8	missing_file
wall_indvar3_5_d.p3d	images/structures_bliss/walls/wall_indvar3_5_d.jpg	database/structures_bliss/walls/objects.json	dzobj_d5fcf7lgtu	missing_file
wall_indvar3_pole.p3d	images/structures_bliss/walls/wall_indvar3_pole.jpg	database/structures_bliss/walls/objects.json	dzobj_hj8s5ihxyn	missing_file
wall_milcnc_4.p3d	images/structures_bliss/walls/wall_milcnc_4.jpg	database/structures_bliss/walls/objects.json	dzobj_75i3dlsy7w	missing_file
wall_milcnc_corner.p3d	images/structures_bliss/walls/wall_milcnc_corner.jpg	database/structures_bliss/walls/objects.json	dzobj_nylnfnt9pd	missing_file
wall_milcncbarrier.p3d	images/structures_bliss/walls/wall_milcncbarrier.jpg	database/structures_bliss/walls/objects.json	dzobj_7xemuebeif	missing_file
wall_pipefence_4.p3d	images/structures_bliss/walls/wall_pipefence_4.jpg	database/structures_bliss/walls/objects.json	dzobj_8nydjc28al	missing_file
wall_pipefence_4_nolc.p3d	images/structures_bliss/walls/wall_pipefence_4_nolc.jpg	database/structures_bliss/walls/objects.json	dzobj_lwz4mpxzha	missing_file
wall_pipefence_8.p3d	images/structures_bliss/walls/wall_pipefence_8.jpg	database/structures_bliss/walls/objects.json	dzobj_lldvspjiwj	missing_file
wall_pipefencewall_8.p3d	images/structures_bliss/walls/wall_pipefencewall_8.jpg	database/structures_bliss/walls/objects.json	dzobj_n3fe6zbjgg	missing_file
wall_polewall_5_1.p3d	images/structures_bliss/walls/wall_polewall_5_1.jpg	database/structures_bliss/walls/objects.json	dzobj_470pzhufj4	missing_file
wall_polewall_5_2.p3d	images/structures_bliss/walls/wall_polewall_5_2.jpg	database/structures_bliss/walls/objects.json	dzobj_s2i8yz2iuu	missing_file
wall_polewall_end.p3d	images/structures_bliss/walls/wall_polewall_end.jpg	database/structures_bliss/walls/objects.json	dzobj_ig16izglkr	missing_file
wall_railing_1_pole.p3d	images/structures_bliss/walls/wall_railing_1_pole.jpg	database/structures_bliss/walls/objects.json	dzobj_b4g6dtookb	missing_file
wall_silagewall_5.p3d	images/structures_bliss/walls/wall_silagewall_5.jpg	database/structures_bliss/walls/objects.json	dzobj_zgfdojgbd8	missing_file
wall_silagewall_5_d.p3d	images/structures_bliss/walls/wall_silagewall_5_d.jpg	database/structures_bliss/walls/objects.json	dzobj_gftnyt8zc9	missing_file
wall_silagewall_pole.p3d	images/structures_bliss/walls/wall_silagewall_pole.jpg	database/structures_bliss/walls/objects.json	dzobj_g52q9p6xva	missing_file
wall_stone2.p3d	images/structures_bliss/walls/wall_stone2.jpg	database/structures_bliss/walls/objects.json	dzobj_xuhdt7co5f	missing_file
wall_stone2d.p3d	images/structures_bliss/walls/wall_stone2d.jpg	database/structures_bliss/walls/objects.json	dzobj_pew63djdya	missing_file
wall_tin6_1_4.p3d	images/structures_bliss/walls/wall_tin6_1_4.jpg	database/structures_bliss/walls/objects.json	dzobj_8bkevzyqlp	missing_file
wall_tin6_1_pole.p3d	images/structures_bliss/walls/wall_tin6_1_pole.jpg	database/structures_bliss/walls/objects.json	dzobj_7xjuxftosb	missing_file
wall_tin6_2_4.p3d	images/structures_bliss/walls/wall_tin6_2_4.jpg	database/structures_bliss/walls/objects.json	dzobj_jizdhfutqt	missing_file
wall_tin7_4.p3d	images/structures_bliss/walls/wall_tin7_4.jpg	database/structures_bliss/walls/objects.json	dzobj_hqeu633mi6	missing_file
wall_tin7_8.p3d	images/structures_bliss/walls/wall_tin7_8.jpg	database/structures_bliss/walls/objects.json	dzobj_18b8xu8rzn	missing_file
wall_tin7_pole.p3d	images/structures_bliss/walls/wall_tin7_pole.jpg	database/structures_bliss/walls/objects.json	dzobj_9ar20m8all	missing_file
model_submarine.p3d	images/structures_sakhal/furniture/props/model_submarine.p3d.jpg	database/structures_sakhal/Furniture/Props/objects.json	dzobj_3wikl3y5g4	missing_file
basketball_korb.p3d	images/structures_sakhal/furniture/school_equipment/basketball_korb.p3d.jpg	database/structures_sakhal/Furniture/School_equipment/objects.json	dzobj_9th7qs3cpk	missing_file
flag_sakhal_pole.p3d	images/structures_sakhal/furniture/school_equipment/flag_sakhal_pole.p3d.jpg	database/structures_sakhal/Furniture/School_equipment/objects.json	dzobj_x1ofn9m1y0	missing_file
tac_board_posters_level1.p3d	images/structures_sakhal/furniture/school_equipment/tac_board_posters_level1.p3d.jpg	database/structures_sakhal/Furniture/School_equipment/objects.json	dzobj_actw03fr3b	missing_file
tac_board_posters_level2.p3d	images/structures_sakhal/furniture/school_equipment/tac_board_posters_level2.p3d.jpg	database/structures_sakhal/Furniture/School_equipment/objects.json	dzobj_6217zhd4et	missing_file
Misc_TirePile_Burning_DE	images/structures_sakhal/industrial/misc/misc_tirepile_burning_de.jpg	database/structures_sakhal/industrial/misc/objects.json	dzobj_xm8w753v9e	missing_file
warheadstorage_top_bottomleft_grass.p3d	images/structures_sakhal/military/storage/grass_proxy/warheadstorage_top_bottomleft_grass.p3d.jpg	database/structures_sakhal/military/storage/grass_proxy/objects.json	dzobj_6f2iqdeql5	missing_file
warheadstorage_top_bottomright_grass.p3d	images/structures_sakhal/military/storage/grass_proxy/warheadstorage_top_bottomright_grass.p3d.jpg	database/structures_sakhal/military/storage/grass_proxy/objects.json	dzobj_7w40q41086	missing_file
warheadstorage_top_topleft_grass.p3d	images/structures_sakhal/military/storage/grass_proxy/warheadstorage_top_topleft_grass.p3d.jpg	database/structures_sakhal/military/storage/grass_proxy/objects.json	dzobj_7aak8xf0nm	missing_file
warheadstorage_top_topright_grass.p3d	images/structures_sakhal/military/storage/grass_proxy/warheadstorage_top_topright_grass.p3d.jpg	database/structures_sakhal/military/storage/grass_proxy/objects.json	dzobj_u296p84838	missing_file
Land_WarheadStorage_Entrance	images/structures_sakhal/military/storage/land_warheadstorage_entrance.jpg	database/structures_sakhal/military/storage/objects.json	dzobj_fljfnpzxa8	missing_file
Land_WarheadStorage_Entrance_Roof	images/structures_sakhal/military/storage/land_warheadstorage_entrance_roof.jpg	database/structures_sakhal/military/storage/objects.json	dzobj_rezzdam19l	missing_file
Land_WarheadStorage_PowerStation	images/structures_sakhal/military/storage/land_warheadstorage_powerstation.jpg	database/structures_sakhal/military/storage/objects.json	dzobj_2efhs3kbh7	missing_file
PowerGeneratorStatic	images/structures_sakhal/military/storage/powergeneratorstatic.jpg	database/structures_sakhal/military/storage/objects.json	dzobj_k3wvrv23wh	missing_file
warheadstorage_entrance.p3d	images/structures_sakhal/military/storage/warheadstorage_entrance.p3d.jpg	database/structures_sakhal/military/storage/objects.json	dzobj_mpzla4m3zu	missing_file
warheadstorage_entrance_roof.p3d	images/structures_sakhal/military/storage/warheadstorage_entrance_roof.p3d.jpg	database/structures_sakhal/military/storage/objects.json	dzobj_c03qx05kcs	missing_file
warheadstorage_entrance_roof_detail1.p3d	images/structures_sakhal/military/storage/warheadstorage_entrance_roof_detail1.p3d.jpg	database/structures_sakhal/military/storage/objects.json	dzobj_syptfx23xq	missing_file
warheadstorage_entrance_roof_detail2.p3d	images/structures_sakhal/military/storage/warheadstorage_entrance_roof_detail2.p3d.jpg	database/structures_sakhal/military/storage/objects.json	dzobj_dxl9n9oka0	missing_file
warheadstorage_powerstation.p3d	images/structures_sakhal/military/storage/warheadstorage_powerstation.p3d.jpg	database/structures_sakhal/military/storage/objects.json	dzobj_c0ri69q054	missing_file
warheadstorage_powerstation_generator.p3d	images/structures_sakhal/military/storage/warheadstorage_powerstation_generator.p3d.jpg	database/structures_sakhal/military/storage/objects.json	dzobj_xav013smdw	missing_file
warheadstorage_top.p3d	images/structures_sakhal/military/storage/warheadstorage_top.p3d.jpg	database/structures_sakhal/military/storage/objects.json	dzobj_uxhy0hwbiq	missing_file
StaticObj_Geoplant_PowerHall_Wire	images/structures_sakhal/powerplant/staticobj_geoplant_powerhall_wire.jpg	database/structures_sakhal/powerplant/objects.json	dzobj_12eef1ihet	missing_file
Land_Village_Store_East	images/structures_sakhal/residential/stores/land_village_store_east.jpg	database/structures_sakhal/residential/Stores/objects.json	dzobj_33flzthi4i	missing_file
village_store_east.p3d	images/structures_sakhal/residential/stores/village_store_east.p3d.jpg	database/structures_sakhal/residential/Stores/objects.json	dzobj_pjbpt8gsvz	missing_file
house_1w13_dam_noivy.p3d	images/structures_sakhal/residential/houses/house_1w13_dam_noivy.p3d.jpg	database/structures_sakhal/residential/houses/objects.json	dzobj_h6am4rjtcr	missing_file
Land_House_1W13_Dam_NoIvy	images/structures_sakhal/residential/houses/land_house_1w13_dam_noivy.jpg	database/structures_sakhal/residential/houses/objects.json	dzobj_g91ryqsgo3	missing_file
Land_Misc_FireBarrel_Blue	images/structures_sakhal/residential/misc/land_misc_firebarrel_blue.jpg	database/structures_sakhal/residential/misc/objects.json	dzobj_agz8nkuse5	missing_file
Land_Misc_FireBarrel_Green	images/structures_sakhal/residential/misc/land_misc_firebarrel_green.jpg	database/structures_sakhal/residential/misc/objects.json	dzobj_5ckgu6q3gy	missing_file
Land_Misc_FireBarrel_Red	images/structures_sakhal/residential/misc/land_misc_firebarrel_red.jpg	database/structures_sakhal/residential/misc/objects.json	dzobj_g40jmvbkq2	missing_file
Land_Misc_FireBarrel_Yellow	images/structures_sakhal/residential/misc/land_misc_firebarrel_yellow.jpg	database/structures_sakhal/residential/misc/objects.json	dzobj_s0ujjxznu3	missing_file
Land_OutsideThermometer	images/structures_sakhal/residential/misc/land_outsidethermometer.jpg	database/structures_sakhal/residential/misc/objects.json	dzobj_1ifzfapblc	missing_file
Land_OutsideThermometer_1	images/structures_sakhal/residential/misc/land_outsidethermometer_1.jpg	database/structures_sakhal/residential/misc/objects.json	dzobj_jerefv6q0r	missing_file
Land_OutsideThermometer_2	images/structures_sakhal/residential/misc/land_outsidethermometer_2.jpg	database/structures_sakhal/residential/misc/objects.json	dzobj_t5n5gbclfm	missing_file
Land_OutsideThermometer_2_wall	images/structures_sakhal/residential/misc/land_outsidethermometer_2_wall.jpg	database/structures_sakhal/residential/misc/objects.json	dzobj_9c23tpuecs	missing_file
misc_firebarrel_blue.p3d	images/structures_sakhal/residential/misc/misc_firebarrel_blue.p3d.jpg	database/structures_sakhal/residential/misc/objects.json	dzobj_l42d9dan58	missing_file
misc_firebarrel_green.p3d	images/structures_sakhal/residential/misc/misc_firebarrel_green.p3d.jpg	database/structures_sakhal/residential/misc/objects.json	dzobj_avzrycwk4l	missing_file
misc_firebarrel_red.p3d	images/structures_sakhal/residential/misc/misc_firebarrel_red.p3d.jpg	database/structures_sakhal/residential/misc/objects.json	dzobj_0fngpthzk2	missing_file
misc_firebarrel_yellow.p3d	images/structures_sakhal/residential/misc/misc_firebarrel_yellow.p3d.jpg	database/structures_sakhal/residential/misc/objects.json	dzobj_3rcm7cgz9l	missing_file
misc_fountain_frozen.p3d	images/structures_sakhal/residential/misc/misc_fountain_frozen.p3d.jpg	database/structures_sakhal/residential/misc/objects.json	dzobj_efxe1dtldj	missing_file
misc_satdish.p3d	images/structures_sakhal/residential/misc/misc_satdish.p3d.jpg	database/structures_sakhal/residential/misc/objects.json	dzobj_0z6eespvxb	missing_file
outsidethermometer.p3d	images/structures_sakhal/residential/misc/outsidethermometer.p3d.jpg	database/structures_sakhal/residential/misc/objects.json	dzobj_dfabock5o9	missing_file
outsidethermometer_1.p3d	images/structures_sakhal/residential/misc/outsidethermometer_1.p3d.jpg	database/structures_sakhal/residential/misc/objects.json	dzobj_g3rz0ag669	missing_file
outsidethermometer_2.p3d	images/structures_sakhal/residential/misc/outsidethermometer_2.p3d.jpg	database/structures_sakhal/residential/misc/objects.json	dzobj_itk3ik56s5	missing_file
outsidethermometer_2_wall.p3d	images/structures_sakhal/residential/misc/outsidethermometer_2_wall.p3d.jpg	database/structures_sakhal/residential/misc/objects.json	dzobj_9wrjl649y2	missing_file
StaticObj_Misc_Fountain_Frozen	images/structures_sakhal/residential/misc/staticobj_misc_fountain_frozen.jpg	database/structures_sakhal/residential/misc/objects.json	dzobj_u0y9d70hzi	missing_file
StaticObj_Misc_SatDish	images/structures_sakhal/residential/misc/staticobj_misc_satdish.jpg	database/structures_sakhal/residential/misc/objects.json	dzobj_2wkrsvifi3	missing_file
ThermoGauge	images/structures_sakhal/residential/misc/thermogauge.jpg	database/structures_sakhal/residential/misc/objects.json	dzobj_e4h9ooinqa	missing_file
Land_Tenement_Medium_Ghost1	images/structures_sakhal/residential/tenements/land_tenement_medium_ghost1.jpg	database/structures_sakhal/residential/tenements/objects.json	dzobj_6v64ec8pjz	missing_file
Land_Tenement_Medium_Ghost2	images/structures_sakhal/residential/tenements/land_tenement_medium_ghost2.jpg	database/structures_sakhal/residential/tenements/objects.json	dzobj_41guspt2y4	missing_file
Land_Tenement_Small_Brick_Ghost1	images/structures_sakhal/residential/tenements/land_tenement_small_brick_ghost1.jpg	database/structures_sakhal/residential/tenements/objects.json	dzobj_m0806mei8k	missing_file
Land_Tenement_Small_Brick_Ghost2	images/structures_sakhal/residential/tenements/land_tenement_small_brick_ghost2.jpg	database/structures_sakhal/residential/tenements/objects.json	dzobj_6igva42lpx	missing_file
Land_Tenement_Small_Brown_Ghost1	images/structures_sakhal/residential/tenements/land_tenement_small_brown_ghost1.jpg	database/structures_sakhal/residential/tenements/objects.json	dzobj_xn9d2phej9	missing_file
Land_Tenement_Small_Brown_Ghost2	images/structures_sakhal/residential/tenements/land_tenement_small_brown_ghost2.jpg	database/structures_sakhal/residential/tenements/objects.json	dzobj_xeisio213b	missing_file
Land_Tenement_Small_Yellow_Ghost1	images/structures_sakhal/residential/tenements/land_tenement_small_yellow_ghost1.jpg	database/structures_sakhal/residential/tenements/objects.json	dzobj_o6njvbj03y	missing_file
Land_Tenement_Small_Yellow_Ghost2	images/structures_sakhal/residential/tenements/land_tenement_small_yellow_ghost2.jpg	database/structures_sakhal/residential/tenements/objects.json	dzobj_8wogy80i99	missing_file
tenement_medium_ghost1.p3d	images/structures_sakhal/residential/tenements/tenement_medium_ghost1.p3d.jpg	database/structures_sakhal/residential/tenements/objects.json	dzobj_ymek7cnxn5	missing_file
tenement_medium_ghost2.p3d	images/structures_sakhal/residential/tenements/tenement_medium_ghost2.p3d.jpg	database/structures_sakhal/residential/tenements/objects.json	dzobj_vwyaqe07nz	missing_file
tenement_small_brick_ghost1.p3d	images/structures_sakhal/residential/tenements/tenement_small_brick_ghost1.p3d.jpg	database/structures_sakhal/residential/tenements/objects.json	dzobj_xjizcmb3o1	missing_file
tenement_small_brick_ghost2.p3d	images/structures_sakhal/residential/tenements/tenement_small_brick_ghost2.p3d.jpg	database/structures_sakhal/residential/tenements/objects.json	dzobj_yiv6ich8m5	missing_file
tenement_small_brown_ghost1.p3d	images/structures_sakhal/residential/tenements/tenement_small_brown_ghost1.p3d.jpg	database/structures_sakhal/residential/tenements/objects.json	dzobj_sbn51e7ldo	missing_file
tenement_small_brown_ghost2.p3d	images/structures_sakhal/residential/tenements/tenement_small_brown_ghost2.p3d.jpg	database/structures_sakhal/residential/tenements/objects.json	dzobj_74bii1iej1	missing_file
tenement_small_yellow_ghost1.p3d	images/structures_sakhal/residential/tenements/tenement_small_yellow_ghost1.p3d.jpg	database/structures_sakhal/residential/tenements/objects.json	dzobj_d6nu1x0vnf	missing_file
tenement_small_yellow_ghost2.p3d	images/structures_sakhal/residential/tenements/tenement_small_yellow_ghost2.p3d.jpg	database/structures_sakhal/residential/tenements/objects.json	dzobj_othgew5qth	missing_file
bridge_concrete2_left_sakhal.p3d	images/structures_sakhal/roads/bridges/bridge_concrete2_left_sakhal.p3d.jpg	database/structures_sakhal/roads/bridges/objects.json	dzobj_v8lbysr4pz	missing_file
bridge_concrete2_right_sakhal.p3d	images/structures_sakhal/roads/bridges/bridge_concrete2_right_sakhal.p3d.jpg	database/structures_sakhal/roads/bridges/objects.json	dzobj_0y0b91ui70	missing_file
bridge_concrete3.p3d	images/structures_sakhal/roads/bridges/bridge_concrete3.p3d.jpg	database/structures_sakhal/roads/bridges/objects.json	dzobj_2yj6ml6pjv	missing_file
bridge_concrete3_snow.p3d	images/structures_sakhal/roads/bridges/bridge_concrete3_snow.p3d.jpg	database/structures_sakhal/roads/bridges/objects.json	dzobj_j1za7otpah	missing_file
bridge_wood2.p3d	images/structures_sakhal/roads/bridges/bridge_wood2.p3d.jpg	database/structures_sakhal/roads/bridges/objects.json	dzobj_1609zqe2vj	missing_file
bridge_wood2_pillar.p3d	images/structures_sakhal/roads/bridges/bridge_wood2_pillar.p3d.jpg	database/structures_sakhal/roads/bridges/objects.json	dzobj_jugnil8hv5	missing_file
bridge_wood2_snow.p3d	images/structures_sakhal/roads/bridges/bridge_wood2_snow.p3d.jpg	database/structures_sakhal/roads/bridges/objects.json	dzobj_bd91wku48j	missing_file
StaticObj_Bridge_Concrete3	images/structures_sakhal/roads/bridges/staticobj_bridge_concrete3.jpg	database/structures_sakhal/roads/bridges/objects.json	dzobj_0d22fpowst	missing_file
StaticObj_Bridge_Concrete3_Snow	images/structures_sakhal/roads/bridges/staticobj_bridge_concrete3_snow.jpg	database/structures_sakhal/roads/bridges/objects.json	dzobj_gd7beod3iv	missing_file
StaticObj_Bridge_Wood2	images/structures_sakhal/roads/bridges/staticobj_bridge_wood2.jpg	database/structures_sakhal/roads/bridges/objects.json	dzobj_fxd2yqkyba	missing_file
StaticObj_Bridge_Wood2_Pillar	images/structures_sakhal/roads/bridges/staticobj_bridge_wood2_pillar.jpg	database/structures_sakhal/roads/bridges/objects.json	dzobj_ynokweromp	missing_file
StaticObj_Bridge_Wood2_Snow	images/structures_sakhal/roads/bridges/staticobj_bridge_wood2_snow.jpg	database/structures_sakhal/roads/bridges/objects.json	dzobj_pa6r9rh1gm	missing_file
decal_caveinterior_square.p3d	images/structures_sakhal/roads/decals/decal_caveinterior_square.p3d.jpg	database/structures_sakhal/roads/decals/objects.json	dzobj_xhg0w1w72g	missing_file
decal_crosswalk_east.p3d	images/structures_sakhal/roads/decals/decal_crosswalk_east.p3d.jpg	database/structures_sakhal/roads/decals/objects.json	dzobj_ajea0luu2h	missing_file
decal_sakhal_snow_01.p3d	images/structures_sakhal/roads/decals/decal_sakhal_snow_01.p3d.jpg	database/structures_sakhal/roads/decals/objects.json	dzobj_wrtnz58jg0	missing_file
decal_sakhal_snow_01_nolc.p3d	images/structures_sakhal/roads/decals/decal_sakhal_snow_01_nolc.p3d.jpg	database/structures_sakhal/roads/decals/objects.json	dzobj_yal1sdfe07	missing_file
decal_sakhal_snow_02.p3d	images/structures_sakhal/roads/decals/decal_sakhal_snow_02.p3d.jpg	database/structures_sakhal/roads/decals/objects.json	dzobj_cjloxavwr3	missing_file
decal_sakhal_snow_02_nolc.p3d	images/structures_sakhal/roads/decals/decal_sakhal_snow_02_nolc.p3d.jpg	database/structures_sakhal/roads/decals/objects.json	dzobj_mvyegcjlsz	missing_file
decal_sakhal_snow_03.p3d	images/structures_sakhal/roads/decals/decal_sakhal_snow_03.p3d.jpg	database/structures_sakhal/roads/decals/objects.json	dzobj_z9146n02jj	missing_file
decal_sakhal_snow_03_nolc.p3d	images/structures_sakhal/roads/decals/decal_sakhal_snow_03_nolc.p3d.jpg	database/structures_sakhal/roads/decals/objects.json	dzobj_xzmupulr9z	missing_file
decal_sakhal_snow_04.p3d	images/structures_sakhal/roads/decals/decal_sakhal_snow_04.p3d.jpg	database/structures_sakhal/roads/decals/objects.json	dzobj_8nvcg1zmzy	missing_file
decal_sakhal_snow_04_nolc.p3d	images/structures_sakhal/roads/decals/decal_sakhal_snow_04_nolc.p3d.jpg	database/structures_sakhal/roads/decals/objects.json	dzobj_goq0pqfyt8	missing_file
decal_sakhal_snow_05.p3d	images/structures_sakhal/roads/decals/decal_sakhal_snow_05.p3d.jpg	database/structures_sakhal/roads/decals/objects.json	dzobj_w267snzki5	missing_file
decal_sakhal_snow_05_nolc.p3d	images/structures_sakhal/roads/decals/decal_sakhal_snow_05_nolc.p3d.jpg	database/structures_sakhal/roads/decals/objects.json	dzobj_8rx17sk0sk	missing_file
decal_sakhal_snow_06.p3d	images/structures_sakhal/roads/decals/decal_sakhal_snow_06.p3d.jpg	database/structures_sakhal/roads/decals/objects.json	dzobj_6wjt1tcps5	missing_file
decal_sakhal_snow_06_nolc.p3d	images/structures_sakhal/roads/decals/decal_sakhal_snow_06_nolc.p3d.jpg	database/structures_sakhal/roads/decals/objects.json	dzobj_d5vxxfneba	missing_file
decal_sakhal_snow_long1.p3d	images/structures_sakhal/roads/decals/decal_sakhal_snow_long1.p3d.jpg	database/structures_sakhal/roads/decals/objects.json	dzobj_8cu8use2r5	missing_file
decal_sakhal_snow_long1_nolc.p3d	images/structures_sakhal/roads/decals/decal_sakhal_snow_long1_nolc.p3d.jpg	database/structures_sakhal/roads/decals/objects.json	dzobj_l370ey21zt	missing_file
StaticObj_Decal_CaveInterior_Square	images/structures_sakhal/roads/decals/staticobj_decal_caveinterior_square.jpg	database/structures_sakhal/roads/decals/objects.json	dzobj_kg1c1f8t9p	missing_file
StaticObj_Decal_Crosswalk_East	images/structures_sakhal/roads/decals/staticobj_decal_crosswalk_east.jpg	database/structures_sakhal/roads/decals/objects.json	dzobj_axsegq0isn	missing_file
StaticObj_Decal_Sakhal_Snow_01	images/structures_sakhal/roads/decals/staticobj_decal_sakhal_snow_01.jpg	database/structures_sakhal/roads/decals/objects.json	dzobj_5uiriyygif	missing_file
StaticObj_Decal_Sakhal_Snow_01_noLC	images/structures_sakhal/roads/decals/staticobj_decal_sakhal_snow_01_nolc.jpg	database/structures_sakhal/roads/decals/objects.json	dzobj_7wcd0hdoub	missing_file
StaticObj_Decal_Sakhal_Snow_02	images/structures_sakhal/roads/decals/staticobj_decal_sakhal_snow_02.jpg	database/structures_sakhal/roads/decals/objects.json	dzobj_j0i1096wc7	missing_file
StaticObj_Decal_Sakhal_Snow_02_noLC	images/structures_sakhal/roads/decals/staticobj_decal_sakhal_snow_02_nolc.jpg	database/structures_sakhal/roads/decals/objects.json	dzobj_6ztpzb5lpk	missing_file
StaticObj_Decal_Sakhal_Snow_03	images/structures_sakhal/roads/decals/staticobj_decal_sakhal_snow_03.jpg	database/structures_sakhal/roads/decals/objects.json	dzobj_ivy11exemi	missing_file
StaticObj_Decal_Sakhal_Snow_03_noLC	images/structures_sakhal/roads/decals/staticobj_decal_sakhal_snow_03_nolc.jpg	database/structures_sakhal/roads/decals/objects.json	dzobj_l55z7do99y	missing_file
StaticObj_Decal_Sakhal_Snow_05	images/structures_sakhal/roads/decals/staticobj_decal_sakhal_snow_05.jpg	database/structures_sakhal/roads/decals/objects.json	dzobj_hsz6la55oy	missing_file
StaticObj_Decal_Sakhal_Snow_05_noLC	images/structures_sakhal/roads/decals/staticobj_decal_sakhal_snow_05_nolc.jpg	database/structures_sakhal/roads/decals/objects.json	dzobj_vr5cuj61u5	missing_file
StaticObj_Decal_Sakhal_Snow_06	images/structures_sakhal/roads/decals/staticobj_decal_sakhal_snow_06.jpg	database/structures_sakhal/roads/decals/objects.json	dzobj_q9059o2aso	missing_file
StaticObj_Decal_Sakhal_Snow_06_noLC	images/structures_sakhal/roads/decals/staticobj_decal_sakhal_snow_06_nolc.jpg	database/structures_sakhal/roads/decals/objects.json	dzobj_4h9l6z8s83	missing_file
StaticObj_Decal_Sakhal_snow_long1	images/structures_sakhal/roads/decals/staticobj_decal_sakhal_snow_long1.jpg	database/structures_sakhal/roads/decals/objects.json	dzobj_2uqk68dzmh	missing_file
StaticObj_Decal_Sakhal_snow_long1_noLC	images/structures_sakhal/roads/decals/staticobj_decal_sakhal_snow_long1_nolc.jpg	database/structures_sakhal/roads/decals/objects.json	dzobj_jrygwm4751	missing_file
asf1sakhal_dashedline_0 2000.p3d	images/structures_sakhal/roads/parts/asf1sakhal_dashedline_0 2000.p3d.jpg	database/structures_sakhal/roads/parts/objects.json	dzobj_ayxm45ihf2	missing_file
asf1sakhal_dashedline_1 1000.p3d	images/structures_sakhal/roads/parts/asf1sakhal_dashedline_1 1000.p3d.jpg	database/structures_sakhal/roads/parts/objects.json	dzobj_cxta3gu7xe	missing_file
asf1sakhal_dashedline_10 100.p3d	images/structures_sakhal/roads/parts/asf1sakhal_dashedline_10 100.p3d.jpg	database/structures_sakhal/roads/parts/objects.json	dzobj_b6jrlxewnv	missing_file
asf1sakhal_dashedline_10 25.p3d	images/structures_sakhal/roads/parts/asf1sakhal_dashedline_10 25.p3d.jpg	database/structures_sakhal/roads/parts/objects.json	dzobj_idlgr52g31	missing_file
asf1sakhal_dashedline_10 50.p3d	images/structures_sakhal/roads/parts/asf1sakhal_dashedline_10 50.p3d.jpg	database/structures_sakhal/roads/parts/objects.json	dzobj_0vjoqifa7l	missing_file
asf1sakhal_dashedline_10 75.p3d	images/structures_sakhal/roads/parts/asf1sakhal_dashedline_10 75.p3d.jpg	database/structures_sakhal/roads/parts/objects.json	dzobj_6m5iz6m4dd	missing_file
asf1sakhal_dashedline_12.p3d	images/structures_sakhal/roads/parts/asf1sakhal_dashedline_12.p3d.jpg	database/structures_sakhal/roads/parts/objects.json	dzobj_9ggaq0jt5j	missing_file
asf1sakhal_dashedline_15 75.p3d	images/structures_sakhal/roads/parts/asf1sakhal_dashedline_15 75.p3d.jpg	database/structures_sakhal/roads/parts/objects.json	dzobj_zrg2ctgj9v	missing_file
asf1sakhal_dashedline_22 50.p3d	images/structures_sakhal/roads/parts/asf1sakhal_dashedline_22 50.p3d.jpg	database/structures_sakhal/roads/parts/objects.json	dzobj_3jrge4a7wz	missing_file
asf1sakhal_dashedline_25.p3d	images/structures_sakhal/roads/parts/asf1sakhal_dashedline_25.p3d.jpg	database/structures_sakhal/roads/parts/objects.json	dzobj_r8k0cb52d7	missing_file
asf1sakhal_dashedline_30 25.p3d	images/structures_sakhal/roads/parts/asf1sakhal_dashedline_30 25.p3d.jpg	database/structures_sakhal/roads/parts/objects.json	dzobj_r62u98ccfy	missing_file
asf1sakhal_dashedline_6.p3d	images/structures_sakhal/roads/parts/asf1sakhal_dashedline_6.p3d.jpg	database/structures_sakhal/roads/parts/objects.json	dzobj_3rsiguqpha	missing_file
asf1sakhal_dashedline_60 10.p3d	images/structures_sakhal/roads/parts/asf1sakhal_dashedline_60 10.p3d.jpg	database/structures_sakhal/roads/parts/objects.json	dzobj_3lyw73hkjy	missing_file
asf1sakhal_dashedline_6konec.p3d	images/structures_sakhal/roads/parts/asf1sakhal_dashedline_6konec.p3d.jpg	database/structures_sakhal/roads/parts/objects.json	dzobj_hfbx18k4rd	missing_file
asf1sakhal_dashedline_7 100.p3d	images/structures_sakhal/roads/parts/asf1sakhal_dashedline_7 100.p3d.jpg	database/structures_sakhal/roads/parts/objects.json	dzobj_dey1785b5t	missing_file
asf1sakhal_fullline_0 2000.p3d	images/structures_sakhal/roads/parts/asf1sakhal_fullline_0 2000.p3d.jpg	database/structures_sakhal/roads/parts/objects.json	dzobj_4azd52ue84	missing_file
asf1sakhal_fullline_1 1000.p3d	images/structures_sakhal/roads/parts/asf1sakhal_fullline_1 1000.p3d.jpg	database/structures_sakhal/roads/parts/objects.json	dzobj_ztpvdwl9ac	missing_file
asf1sakhal_fullline_10 100.p3d	images/structures_sakhal/roads/parts/asf1sakhal_fullline_10 100.p3d.jpg	database/structures_sakhal/roads/parts/objects.json	dzobj_ptszfyi1bg	missing_file
asf1sakhal_fullline_10 25.p3d	images/structures_sakhal/roads/parts/asf1sakhal_fullline_10 25.p3d.jpg	database/structures_sakhal/roads/parts/objects.json	dzobj_m9sey3azw2	missing_file
asf1sakhal_fullline_10 50.p3d	images/structures_sakhal/roads/parts/asf1sakhal_fullline_10 50.p3d.jpg	database/structures_sakhal/roads/parts/objects.json	dzobj_h85cxnqkam	missing_file
asf1sakhal_fullline_10 75.p3d	images/structures_sakhal/roads/parts/asf1sakhal_fullline_10 75.p3d.jpg	database/structures_sakhal/roads/parts/objects.json	dzobj_30qmlt9bku	missing_file
asf1sakhal_fullline_12.p3d	images/structures_sakhal/roads/parts/asf1sakhal_fullline_12.p3d.jpg	database/structures_sakhal/roads/parts/objects.json	dzobj_t6z5muqffr	missing_file
asf1sakhal_fullline_15 75.p3d	images/structures_sakhal/roads/parts/asf1sakhal_fullline_15 75.p3d.jpg	database/structures_sakhal/roads/parts/objects.json	dzobj_4a37mphs2k	missing_file
asf1sakhal_fullline_22 50.p3d	images/structures_sakhal/roads/parts/asf1sakhal_fullline_22 50.p3d.jpg	database/structures_sakhal/roads/parts/objects.json	dzobj_yaimehiou3	missing_file
asf1sakhal_fullline_25.p3d	images/structures_sakhal/roads/parts/asf1sakhal_fullline_25.p3d.jpg	database/structures_sakhal/roads/parts/objects.json	dzobj_iv5y4gyx0p	missing_file
asf1sakhal_fullline_30 25.p3d	images/structures_sakhal/roads/parts/asf1sakhal_fullline_30 25.p3d.jpg	database/structures_sakhal/roads/parts/objects.json	dzobj_uhq7lcsg95	missing_file
asf1sakhal_fullline_6.p3d	images/structures_sakhal/roads/parts/asf1sakhal_fullline_6.p3d.jpg	database/structures_sakhal/roads/parts/objects.json	dzobj_c2ublubq2n	missing_file
asf1sakhal_fullline_60 10.p3d	images/structures_sakhal/roads/parts/asf1sakhal_fullline_60 10.p3d.jpg	database/structures_sakhal/roads/parts/objects.json	dzobj_e7a124ze15	missing_file
asf1sakhal_fullline_6konec.p3d	images/structures_sakhal/roads/parts/asf1sakhal_fullline_6konec.p3d.jpg	database/structures_sakhal/roads/parts/objects.json	dzobj_d1yhzq2e59	missing_file
asf1sakhal_fullline_7 100.p3d	images/structures_sakhal/roads/parts/asf1sakhal_fullline_7 100.p3d.jpg	database/structures_sakhal/roads/parts/objects.json	dzobj_mfqfjf2f80	missing_file
asf2sakhal_0 2000.p3d	images/structures_sakhal/roads/parts/asf2sakhal_0 2000.p3d.jpg	database/structures_sakhal/roads/parts/objects.json	dzobj_qk7l8iwmjk	missing_file
asf2sakhal_1 1000.p3d	images/structures_sakhal/roads/parts/asf2sakhal_1 1000.p3d.jpg	database/structures_sakhal/roads/parts/objects.json	dzobj_gdxjypiob0	missing_file
asf2sakhal_10 100.p3d	images/structures_sakhal/roads/parts/asf2sakhal_10 100.p3d.jpg	database/structures_sakhal/roads/parts/objects.json	dzobj_nojh1u3tka	missing_file
asf2sakhal_10 25.p3d	images/structures_sakhal/roads/parts/asf2sakhal_10 25.p3d.jpg	database/structures_sakhal/roads/parts/objects.json	dzobj_4lp58gk79m	missing_file
asf2sakhal_10 50.p3d	images/structures_sakhal/roads/parts/asf2sakhal_10 50.p3d.jpg	database/structures_sakhal/roads/parts/objects.json	dzobj_d4e408m0ld	missing_file
asf2sakhal_10 75.p3d	images/structures_sakhal/roads/parts/asf2sakhal_10 75.p3d.jpg	database/structures_sakhal/roads/parts/objects.json	dzobj_wb19cg5dam	missing_file
asf2sakhal_12.p3d	images/structures_sakhal/roads/parts/asf2sakhal_12.p3d.jpg	database/structures_sakhal/roads/parts/objects.json	dzobj_ngm6kdpcnt	missing_file
asf2sakhal_15 75.p3d	images/structures_sakhal/roads/parts/asf2sakhal_15 75.p3d.jpg	database/structures_sakhal/roads/parts/objects.json	dzobj_zzretrl9ih	missing_file
asf2sakhal_22 50.p3d	images/structures_sakhal/roads/parts/asf2sakhal_22 50.p3d.jpg	database/structures_sakhal/roads/parts/objects.json	dzobj_hdqi8gm3xr	missing_file
asf2sakhal_25.p3d	images/structures_sakhal/roads/parts/asf2sakhal_25.p3d.jpg	database/structures_sakhal/roads/parts/objects.json	dzobj_n54ghdwxqo	missing_file
asf2sakhal_30 25.p3d	images/structures_sakhal/roads/parts/asf2sakhal_30 25.p3d.jpg	database/structures_sakhal/roads/parts/objects.json	dzobj_sxu2pe2iqq	missing_file
asf2sakhal_6.p3d	images/structures_sakhal/roads/parts/asf2sakhal_6.p3d.jpg	database/structures_sakhal/roads/parts/objects.json	dzobj_zv1o0f06wn	missing_file
asf2sakhal_60 10.p3d	images/structures_sakhal/roads/parts/asf2sakhal_60 10.p3d.jpg	database/structures_sakhal/roads/parts/objects.json	dzobj_mblzvxgmwz	missing_file
asf2sakhal_6konec1.p3d	images/structures_sakhal/roads/parts/asf2sakhal_6konec1.p3d.jpg	database/structures_sakhal/roads/parts/objects.json	dzobj_4znel2sy2l	missing_file
asf2sakhal_6konec2.p3d	images/structures_sakhal/roads/parts/asf2sakhal_6konec2.p3d.jpg	database/structures_sakhal/roads/parts/objects.json	dzobj_57zjwle493	missing_file
asf2sakhal_7 100.p3d	images/structures_sakhal/roads/parts/asf2sakhal_7 100.p3d.jpg	database/structures_sakhal/roads/parts/objects.json	dzobj_j0ibo7siy8	missing_file
asf3sakhal_0 2000.p3d	images/structures_sakhal/roads/parts/asf3sakhal_0 2000.p3d.jpg	database/structures_sakhal/roads/parts/objects.json	dzobj_4y7z6igm71	missing_file
asf3sakhal_1 1000.p3d	images/structures_sakhal/roads/parts/asf3sakhal_1 1000.p3d.jpg	database/structures_sakhal/roads/parts/objects.json	dzobj_uhsy6rgnd3	missing_file
asf3sakhal_10 100.p3d	images/structures_sakhal/roads/parts/asf3sakhal_10 100.p3d.jpg	database/structures_sakhal/roads/parts/objects.json	dzobj_l7igifxxsf	missing_file
asf3sakhal_10 25.p3d	images/structures_sakhal/roads/parts/asf3sakhal_10 25.p3d.jpg	database/structures_sakhal/roads/parts/objects.json	dzobj_ptmy5skqu3	missing_file
asf3sakhal_10 50.p3d	images/structures_sakhal/roads/parts/asf3sakhal_10 50.p3d.jpg	database/structures_sakhal/roads/parts/objects.json	dzobj_lyfqde4hl1	missing_file
asf3sakhal_10 75.p3d	images/structures_sakhal/roads/parts/asf3sakhal_10 75.p3d.jpg	database/structures_sakhal/roads/parts/objects.json	dzobj_d8ao2g8nlt	missing_file
asf3sakhal_12.p3d	images/structures_sakhal/roads/parts/asf3sakhal_12.p3d.jpg	database/structures_sakhal/roads/parts/objects.json	dzobj_zrnfuyrszl	missing_file
asf3sakhal_15 75.p3d	images/structures_sakhal/roads/parts/asf3sakhal_15 75.p3d.jpg	database/structures_sakhal/roads/parts/objects.json	dzobj_hgoq9tsc4b	missing_file
asf3sakhal_22 50.p3d	images/structures_sakhal/roads/parts/asf3sakhal_22 50.p3d.jpg	database/structures_sakhal/roads/parts/objects.json	dzobj_bmmpkb3kjk	missing_file
asf3sakhal_25.p3d	images/structures_sakhal/roads/parts/asf3sakhal_25.p3d.jpg	database/structures_sakhal/roads/parts/objects.json	dzobj_yu5glf3jph	missing_file
asf3sakhal_30 25.p3d	images/structures_sakhal/roads/parts/asf3sakhal_30 25.p3d.jpg	database/structures_sakhal/roads/parts/objects.json	dzobj_wh2y709tpf	missing_file
asf3sakhal_6.p3d	images/structures_sakhal/roads/parts/asf3sakhal_6.p3d.jpg	database/structures_sakhal/roads/parts/objects.json	dzobj_9l1cxqi0yi	missing_file
asf3sakhal_60 10.p3d	images/structures_sakhal/roads/parts/asf3sakhal_60 10.p3d.jpg	database/structures_sakhal/roads/parts/objects.json	dzobj_80gk73bkkv	missing_file
asf3sakhal_6konec.p3d	images/structures_sakhal/roads/parts/asf3sakhal_6konec.p3d.jpg	database/structures_sakhal/roads/parts/objects.json	dzobj_qp2gj58ny0	missing_file
asf3sakhal_7 100.p3d	images/structures_sakhal/roads/parts/asf3sakhal_7 100.p3d.jpg	database/structures_sakhal/roads/parts/objects.json	dzobj_nyo7k8m8xq	missing_file
gravsakhal_0 2000.p3d	images/structures_sakhal/roads/parts/gravsakhal_0 2000.p3d.jpg	database/structures_sakhal/roads/parts/objects.json	dzobj_43dzdqbbea	missing_file
gravsakhal_1 1000.p3d	images/structures_sakhal/roads/parts/gravsakhal_1 1000.p3d.jpg	database/structures_sakhal/roads/parts/objects.json	dzobj_u1coju5ksp	missing_file
gravsakhal_10 100.p3d	images/structures_sakhal/roads/parts/gravsakhal_10 100.p3d.jpg	database/structures_sakhal/roads/parts/objects.json	dzobj_bwtszf8sr5	missing_file
gravsakhal_10 25.p3d	images/structures_sakhal/roads/parts/gravsakhal_10 25.p3d.jpg	database/structures_sakhal/roads/parts/objects.json	dzobj_eo0w4ikt8j	missing_file
gravsakhal_10 50.p3d	images/structures_sakhal/roads/parts/gravsakhal_10 50.p3d.jpg	database/structures_sakhal/roads/parts/objects.json	dzobj_83i9xflzm5	missing_file
gravsakhal_10 75.p3d	images/structures_sakhal/roads/parts/gravsakhal_10 75.p3d.jpg	database/structures_sakhal/roads/parts/objects.json	dzobj_jw9v9nzlfl	missing_file
gravsakhal_12.p3d	images/structures_sakhal/roads/parts/gravsakhal_12.p3d.jpg	database/structures_sakhal/roads/parts/objects.json	dzobj_gk7vz2ntwb	missing_file
gravsakhal_15 75.p3d	images/structures_sakhal/roads/parts/gravsakhal_15 75.p3d.jpg	database/structures_sakhal/roads/parts/objects.json	dzobj_8yqcb2abnc	missing_file
gravsakhal_22 50.p3d	images/structures_sakhal/roads/parts/gravsakhal_22 50.p3d.jpg	database/structures_sakhal/roads/parts/objects.json	dzobj_ppne0liwkj	missing_file
gravsakhal_25.p3d	images/structures_sakhal/roads/parts/gravsakhal_25.p3d.jpg	database/structures_sakhal/roads/parts/objects.json	dzobj_ocw6vusqdp	missing_file
gravsakhal_30 25.p3d	images/structures_sakhal/roads/parts/gravsakhal_30 25.p3d.jpg	database/structures_sakhal/roads/parts/objects.json	dzobj_fbsle2szp4	missing_file
gravsakhal_6.p3d	images/structures_sakhal/roads/parts/gravsakhal_6.p3d.jpg	database/structures_sakhal/roads/parts/objects.json	dzobj_zgi79z5o9k	missing_file
gravsakhal_60 10.p3d	images/structures_sakhal/roads/parts/gravsakhal_60 10.p3d.jpg	database/structures_sakhal/roads/parts/objects.json	dzobj_l0ps1wtl6o	missing_file
gravsakhal_6konec.p3d	images/structures_sakhal/roads/parts/gravsakhal_6konec.p3d.jpg	database/structures_sakhal/roads/parts/objects.json	dzobj_2ue76wb4z3	missing_file
gravsakhal_7 100.p3d	images/structures_sakhal/roads/parts/gravsakhal_7 100.p3d.jpg	database/structures_sakhal/roads/parts/objects.json	dzobj_16zz33op6c	missing_file
mudsakhal_0 2000.p3d	images/structures_sakhal/roads/parts/mudsakhal_0 2000.p3d.jpg	database/structures_sakhal/roads/parts/objects.json	dzobj_6xnrumz5vk	missing_file
mudsakhal_1 1000.p3d	images/structures_sakhal/roads/parts/mudsakhal_1 1000.p3d.jpg	database/structures_sakhal/roads/parts/objects.json	dzobj_89dnmrzatw	missing_file
mudsakhal_10 100.p3d	images/structures_sakhal/roads/parts/mudsakhal_10 100.p3d.jpg	database/structures_sakhal/roads/parts/objects.json	dzobj_zvcnzyurh4	missing_file
mudsakhal_10 25.p3d	images/structures_sakhal/roads/parts/mudsakhal_10 25.p3d.jpg	database/structures_sakhal/roads/parts/objects.json	dzobj_s8pm5v64hl	missing_file
mudsakhal_10 50.p3d	images/structures_sakhal/roads/parts/mudsakhal_10 50.p3d.jpg	database/structures_sakhal/roads/parts/objects.json	dzobj_x44aecvv93	missing_file
mudsakhal_10 75.p3d	images/structures_sakhal/roads/parts/mudsakhal_10 75.p3d.jpg	database/structures_sakhal/roads/parts/objects.json	dzobj_f2twp0hjoq	missing_file
mudsakhal_12.p3d	images/structures_sakhal/roads/parts/mudsakhal_12.p3d.jpg	database/structures_sakhal/roads/parts/objects.json	dzobj_82843ny4kv	missing_file
mudsakhal_15 75.p3d	images/structures_sakhal/roads/parts/mudsakhal_15 75.p3d.jpg	database/structures_sakhal/roads/parts/objects.json	dzobj_zvh20ngumo	missing_file
mudsakhal_22 50.p3d	images/structures_sakhal/roads/parts/mudsakhal_22 50.p3d.jpg	database/structures_sakhal/roads/parts/objects.json	dzobj_t0nnfy5rbn	missing_file
mudsakhal_25.p3d	images/structures_sakhal/roads/parts/mudsakhal_25.p3d.jpg	database/structures_sakhal/roads/parts/objects.json	dzobj_s6c4klbej3	missing_file
mudsakhal_30 25.p3d	images/structures_sakhal/roads/parts/mudsakhal_30 25.p3d.jpg	database/structures_sakhal/roads/parts/objects.json	dzobj_7d9983is5i	missing_file
mudsakhal_6.p3d	images/structures_sakhal/roads/parts/mudsakhal_6.p3d.jpg	database/structures_sakhal/roads/parts/objects.json	dzobj_q61viubr3t	missing_file
mudsakhal_60 10.p3d	images/structures_sakhal/roads/parts/mudsakhal_60 10.p3d.jpg	database/structures_sakhal/roads/parts/objects.json	dzobj_nj1k3adc7a	missing_file
mudsakhal_6konec.p3d	images/structures_sakhal/roads/parts/mudsakhal_6konec.p3d.jpg	database/structures_sakhal/roads/parts/objects.json	dzobj_4z8100otll	missing_file
mudsakhal_7 100.p3d	images/structures_sakhal/roads/parts/mudsakhal_7 100.p3d.jpg	database/structures_sakhal/roads/parts/objects.json	dzobj_zjgk4f8rfd	missing_file
quarrysakhal_0 2000.p3d	images/structures_sakhal/roads/parts/quarrysakhal_0 2000.p3d.jpg	database/structures_sakhal/roads/parts/objects.json	dzobj_loruwasmou	missing_file
quarrysakhal_1 1000.p3d	images/structures_sakhal/roads/parts/quarrysakhal_1 1000.p3d.jpg	database/structures_sakhal/roads/parts/objects.json	dzobj_tc9rtv9zn1	missing_file
quarrysakhal_10 100.p3d	images/structures_sakhal/roads/parts/quarrysakhal_10 100.p3d.jpg	database/structures_sakhal/roads/parts/objects.json	dzobj_3znq8mrt5t	missing_file
quarrysakhal_10 25.p3d	images/structures_sakhal/roads/parts/quarrysakhal_10 25.p3d.jpg	database/structures_sakhal/roads/parts/objects.json	dzobj_pzl63va0z7	missing_file
quarrysakhal_10 50.p3d	images/structures_sakhal/roads/parts/quarrysakhal_10 50.p3d.jpg	database/structures_sakhal/roads/parts/objects.json	dzobj_ter4xk6qr9	missing_file
quarrysakhal_10 75.p3d	images/structures_sakhal/roads/parts/quarrysakhal_10 75.p3d.jpg	database/structures_sakhal/roads/parts/objects.json	dzobj_uugzfl4u6t	missing_file
quarrysakhal_12.p3d	images/structures_sakhal/roads/parts/quarrysakhal_12.p3d.jpg	database/structures_sakhal/roads/parts/objects.json	dzobj_1vrdaflspn	missing_file
quarrysakhal_15 75.p3d	images/structures_sakhal/roads/parts/quarrysakhal_15 75.p3d.jpg	database/structures_sakhal/roads/parts/objects.json	dzobj_ltpvfbd82y	missing_file
quarrysakhal_22 50.p3d	images/structures_sakhal/roads/parts/quarrysakhal_22 50.p3d.jpg	database/structures_sakhal/roads/parts/objects.json	dzobj_qcbivp346q	missing_file
quarrysakhal_25.p3d	images/structures_sakhal/roads/parts/quarrysakhal_25.p3d.jpg	database/structures_sakhal/roads/parts/objects.json	dzobj_bgzx7ak68r	missing_file
quarrysakhal_30 25.p3d	images/structures_sakhal/roads/parts/quarrysakhal_30 25.p3d.jpg	database/structures_sakhal/roads/parts/objects.json	dzobj_f5tkiy3spx	missing_file
quarrysakhal_6.p3d	images/structures_sakhal/roads/parts/quarrysakhal_6.p3d.jpg	database/structures_sakhal/roads/parts/objects.json	dzobj_hdfz3mn22b	missing_file
quarrysakhal_60 10.p3d	images/structures_sakhal/roads/parts/quarrysakhal_60 10.p3d.jpg	database/structures_sakhal/roads/parts/objects.json	dzobj_m42yya2vri	missing_file
quarrysakhal_6konec.p3d	images/structures_sakhal/roads/parts/quarrysakhal_6konec.p3d.jpg	database/structures_sakhal/roads/parts/objects.json	dzobj_z5e5c71wro	missing_file
quarrysakhal_7 100.p3d	images/structures_sakhal/roads/parts/quarrysakhal_7 100.p3d.jpg	database/structures_sakhal/roads/parts/objects.json	dzobj_y24f68brh6	missing_file
snowroad_0 2000.p3d	images/structures_sakhal/roads/parts/snowroad_0 2000.p3d.jpg	database/structures_sakhal/roads/parts/objects.json	dzobj_we14bnh6nu	missing_file
snowroad_1 1000.p3d	images/structures_sakhal/roads/parts/snowroad_1 1000.p3d.jpg	database/structures_sakhal/roads/parts/objects.json	dzobj_2a03pr138d	missing_file
snowroad_10 100.p3d	images/structures_sakhal/roads/parts/snowroad_10 100.p3d.jpg	database/structures_sakhal/roads/parts/objects.json	dzobj_36z01gbhy1	missing_file
snowroad_10 25.p3d	images/structures_sakhal/roads/parts/snowroad_10 25.p3d.jpg	database/structures_sakhal/roads/parts/objects.json	dzobj_x03x2jkcmg	missing_file
snowroad_10 50.p3d	images/structures_sakhal/roads/parts/snowroad_10 50.p3d.jpg	database/structures_sakhal/roads/parts/objects.json	dzobj_4rt8fl3dj0	missing_file
snowroad_10 75.p3d	images/structures_sakhal/roads/parts/snowroad_10 75.p3d.jpg	database/structures_sakhal/roads/parts/objects.json	dzobj_x5uuimkyz1	missing_file
snowroad_12.p3d	images/structures_sakhal/roads/parts/snowroad_12.p3d.jpg	database/structures_sakhal/roads/parts/objects.json	dzobj_m3e4p864si	missing_file
snowroad_15 75.p3d	images/structures_sakhal/roads/parts/snowroad_15 75.p3d.jpg	database/structures_sakhal/roads/parts/objects.json	dzobj_byv68dtpnh	missing_file
snowroad_22 50.p3d	images/structures_sakhal/roads/parts/snowroad_22 50.p3d.jpg	database/structures_sakhal/roads/parts/objects.json	dzobj_d6z46x4b4n	missing_file
snowroad_25.p3d	images/structures_sakhal/roads/parts/snowroad_25.p3d.jpg	database/structures_sakhal/roads/parts/objects.json	dzobj_77i7fgd7a5	missing_file
snowroad_30 25.p3d	images/structures_sakhal/roads/parts/snowroad_30 25.p3d.jpg	database/structures_sakhal/roads/parts/objects.json	dzobj_0nmc9rx7i6	missing_file
snowroad_6.p3d	images/structures_sakhal/roads/parts/snowroad_6.p3d.jpg	database/structures_sakhal/roads/parts/objects.json	dzobj_ws07h8pqe1	missing_file
snowroad_60 10.p3d	images/structures_sakhal/roads/parts/snowroad_60 10.p3d.jpg	database/structures_sakhal/roads/parts/objects.json	dzobj_irjne7dx8h	missing_file
snowroad_6konec.p3d	images/structures_sakhal/roads/parts/snowroad_6konec.p3d.jpg	database/structures_sakhal/roads/parts/objects.json	dzobj_53a4ztibgs	missing_file
snowroad_7 100.p3d	images/structures_sakhal/roads/parts/snowroad_7 100.p3d.jpg	database/structures_sakhal/roads/parts/objects.json	dzobj_fpjz0vxflw	missing_file
StaticObj_asf1sakhal_dashedline_0_2000	images/structures_sakhal/roads/parts/staticobj_asf1sakhal_dashedline_0_2000.jpg	database/structures_sakhal/roads/parts/objects.json	dzobj_67dhfqq30j	missing_file
StaticObj_asf1sakhal_dashedline_10_100	images/structures_sakhal/roads/parts/staticobj_asf1sakhal_dashedline_10_100.jpg	database/structures_sakhal/roads/parts/objects.json	dzobj_quj2730fej	missing_file
StaticObj_asf1sakhal_dashedline_10_25	images/structures_sakhal/roads/parts/staticobj_asf1sakhal_dashedline_10_25.jpg	database/structures_sakhal/roads/parts/objects.json	dzobj_khrkqcjwr5	missing_file
StaticObj_asf1sakhal_dashedline_10_50	images/structures_sakhal/roads/parts/staticobj_asf1sakhal_dashedline_10_50.jpg	database/structures_sakhal/roads/parts/objects.json	dzobj_s554k0k4u7	missing_file
StaticObj_asf1sakhal_dashedline_10_75	images/structures_sakhal/roads/parts/staticobj_asf1sakhal_dashedline_10_75.jpg	database/structures_sakhal/roads/parts/objects.json	dzobj_c94cpqcdaz	missing_file
StaticObj_asf1sakhal_dashedline_12	images/structures_sakhal/roads/parts/staticobj_asf1sakhal_dashedline_12.jpg	database/structures_sakhal/roads/parts/objects.json	dzobj_7rq2t77nbe	missing_file
StaticObj_asf1sakhal_dashedline_1_1000	images/structures_sakhal/roads/parts/staticobj_asf1sakhal_dashedline_1_1000.jpg	database/structures_sakhal/roads/parts/objects.json	dzobj_dpna7dfm5a	missing_file
StaticObj_asf1sakhal_dashedline_30_25	images/structures_sakhal/roads/parts/staticobj_asf1sakhal_dashedline_30_25.jpg	database/structures_sakhal/roads/parts/objects.json	dzobj_wsl0kewtwk	missing_file
StaticObj_asf1sakhal_dashedline_6	images/structures_sakhal/roads/parts/staticobj_asf1sakhal_dashedline_6.jpg	database/structures_sakhal/roads/parts/objects.json	dzobj_nki9hdhhrw	missing_file
StaticObj_asf1sakhal_dashedline_60_10	images/structures_sakhal/roads/parts/staticobj_asf1sakhal_dashedline_60_10.jpg	database/structures_sakhal/roads/parts/objects.json	dzobj_dyg1dqwtfo	missing_file
StaticObj_asf1sakhal_dashedline_6konec	images/structures_sakhal/roads/parts/staticobj_asf1sakhal_dashedline_6konec.jpg	database/structures_sakhal/roads/parts/objects.json	dzobj_wdbztm6tm8	missing_file
StaticObj_asf1sakhal_dashedline_7_100	images/structures_sakhal/roads/parts/staticobj_asf1sakhal_dashedline_7_100.jpg	database/structures_sakhal/roads/parts/objects.json	dzobj_vmnbt25tq2	missing_file
StaticObj_asf1sakhal_fullline_0_2000	images/structures_sakhal/roads/parts/staticobj_asf1sakhal_fullline_0_2000.jpg	database/structures_sakhal/roads/parts/objects.json	dzobj_o71o5voftj	missing_file
StaticObj_asf1sakhal_fullline_10_100	images/structures_sakhal/roads/parts/staticobj_asf1sakhal_fullline_10_100.jpg	database/structures_sakhal/roads/parts/objects.json	dzobj_r48oesfiep	missing_file
StaticObj_asf1sakhal_fullline_10_25	images/structures_sakhal/roads/parts/staticobj_asf1sakhal_fullline_10_25.jpg	database/structures_sakhal/roads/parts/objects.json	dzobj_4j7aoxtt2t	missing_file
StaticObj_asf1sakhal_fullline_10_50	images/structures_sakhal/roads/parts/staticobj_asf1sakhal_fullline_10_50.jpg	database/structures_sakhal/roads/parts/objects.json	dzobj_xf3u6zb7ps	missing_file
StaticObj_asf1sakhal_fullline_10_75	images/structures_sakhal/roads/parts/staticobj_asf1sakhal_fullline_10_75.jpg	database/structures_sakhal/roads/parts/objects.json	dzobj_5p1ajgctmp	missing_file
StaticObj_asf1sakhal_fullline_12	images/structures_sakhal/roads/parts/staticobj_asf1sakhal_fullline_12.jpg	database/structures_sakhal/roads/parts/objects.json	dzobj_158nj81825	missing_file
StaticObj_asf1sakhal_fullline_1_1000	images/structures_sakhal/roads/parts/staticobj_asf1sakhal_fullline_1_1000.jpg	database/structures_sakhal/roads/parts/objects.json	dzobj_f2nrveq8ex	missing_file
StaticObj_asf1sakhal_fullline_30_25	images/structures_sakhal/roads/parts/staticobj_asf1sakhal_fullline_30_25.jpg	database/structures_sakhal/roads/parts/objects.json	dzobj_0ezeu3om2t	missing_file
StaticObj_asf1sakhal_fullline_6	images/structures_sakhal/roads/parts/staticobj_asf1sakhal_fullline_6.jpg	database/structures_sakhal/roads/parts/objects.json	dzobj_ugqqz6rgbb	missing_file
StaticObj_asf1sakhal_fullline_60_10	images/structures_sakhal/roads/parts/staticobj_asf1sakhal_fullline_60_10.jpg	database/structures_sakhal/roads/parts/objects.json	dzobj_u622k9tw1c	missing_file
StaticObj_asf1sakhal_fullline_6konec	images/structures_sakhal/roads/parts/staticobj_asf1sakhal_fullline_6konec.jpg	database/structures_sakhal/roads/parts/objects.json	dzobj_sf249mlw5d	missing_file
StaticObj_asf1sakhal_fullline_7_100	images/structures_sakhal/roads/parts/staticobj_asf1sakhal_fullline_7_100.jpg	database/structures_sakhal/roads/parts/objects.json	dzobj_drhrrmzr9j	missing_file
StaticObj_asf2sakhal_0_2000	images/structures_sakhal/roads/parts/staticobj_asf2sakhal_0_2000.jpg	database/structures_sakhal/roads/parts/objects.json	dzobj_vyod5bbzvj	missing_file
StaticObj_asf2sakhal_10_100	images/structures_sakhal/roads/parts/staticobj_asf2sakhal_10_100.jpg	database/structures_sakhal/roads/parts/objects.json	dzobj_n0gsh6dhd0	missing_file
StaticObj_asf2sakhal_10_25	images/structures_sakhal/roads/parts/staticobj_asf2sakhal_10_25.jpg	database/structures_sakhal/roads/parts/objects.json	dzobj_snbultdh1v	missing_file
StaticObj_asf2sakhal_10_50	images/structures_sakhal/roads/parts/staticobj_asf2sakhal_10_50.jpg	database/structures_sakhal/roads/parts/objects.json	dzobj_88ikrunetr	missing_file
StaticObj_asf2sakhal_10_75	images/structures_sakhal/roads/parts/staticobj_asf2sakhal_10_75.jpg	database/structures_sakhal/roads/parts/objects.json	dzobj_l1jp3lrj2i	missing_file
StaticObj_asf2sakhal_12	images/structures_sakhal/roads/parts/staticobj_asf2sakhal_12.jpg	database/structures_sakhal/roads/parts/objects.json	dzobj_44uc6zugyo	missing_file
StaticObj_asf2sakhal_1_1000	images/structures_sakhal/roads/parts/staticobj_asf2sakhal_1_1000.jpg	database/structures_sakhal/roads/parts/objects.json	dzobj_opq4s1zj1v	missing_file
StaticObj_asf2sakhal_30_25	images/structures_sakhal/roads/parts/staticobj_asf2sakhal_30_25.jpg	database/structures_sakhal/roads/parts/objects.json	dzobj_ma4ggav9ps	missing_file
StaticObj_asf2sakhal_6	images/structures_sakhal/roads/parts/staticobj_asf2sakhal_6.jpg	database/structures_sakhal/roads/parts/objects.json	dzobj_o1nz39pzfi	missing_file
StaticObj_asf2sakhal_60_10	images/structures_sakhal/roads/parts/staticobj_asf2sakhal_60_10.jpg	database/structures_sakhal/roads/parts/objects.json	dzobj_p4wjmikx53	missing_file
StaticObj_asf2sakhal_6konec1	images/structures_sakhal/roads/parts/staticobj_asf2sakhal_6konec1.jpg	database/structures_sakhal/roads/parts/objects.json	dzobj_sdcn0fikru	missing_file
StaticObj_asf2sakhal_6konec2	images/structures_sakhal/roads/parts/staticobj_asf2sakhal_6konec2.jpg	database/structures_sakhal/roads/parts/objects.json	dzobj_51rgga476s	missing_file
StaticObj_asf2sakhal_7_100	images/structures_sakhal/roads/parts/staticobj_asf2sakhal_7_100.jpg	database/structures_sakhal/roads/parts/objects.json	dzobj_ivtset3met	missing_file
StaticObj_asf3sakhal_0_2000	images/structures_sakhal/roads/parts/staticobj_asf3sakhal_0_2000.jpg	database/structures_sakhal/roads/parts/objects.json	dzobj_tel0er4ljs	missing_file
StaticObj_asf3sakhal_10_100	images/structures_sakhal/roads/parts/staticobj_asf3sakhal_10_100.jpg	database/structures_sakhal/roads/parts/objects.json	dzobj_6oihqxvy79	missing_file
StaticObj_asf3sakhal_10_25	images/structures_sakhal/roads/parts/staticobj_asf3sakhal_10_25.jpg	database/structures_sakhal/roads/parts/objects.json	dzobj_wtw95kigbr	missing_file
StaticObj_asf3sakhal_10_50	images/structures_sakhal/roads/parts/staticobj_asf3sakhal_10_50.jpg	database/structures_sakhal/roads/parts/objects.json	dzobj_qgn66aywrz	missing_file
StaticObj_asf3sakhal_10_75	images/structures_sakhal/roads/parts/staticobj_asf3sakhal_10_75.jpg	database/structures_sakhal/roads/parts/objects.json	dzobj_alkivawhk3	missing_file
StaticObj_asf3sakhal_12	images/structures_sakhal/roads/parts/staticobj_asf3sakhal_12.jpg	database/structures_sakhal/roads/parts/objects.json	dzobj_pt5depp8vr	missing_file
StaticObj_asf3sakhal_1_1000	images/structures_sakhal/roads/parts/staticobj_asf3sakhal_1_1000.jpg	database/structures_sakhal/roads/parts/objects.json	dzobj_z0kxfgdrw3	missing_file
StaticObj_asf3sakhal_30_25	images/structures_sakhal/roads/parts/staticobj_asf3sakhal_30_25.jpg	database/structures_sakhal/roads/parts/objects.json	dzobj_a4mcv8v43e	missing_file
StaticObj_asf3sakhal_6	images/structures_sakhal/roads/parts/staticobj_asf3sakhal_6.jpg	database/structures_sakhal/roads/parts/objects.json	dzobj_tb6tupy5ay	missing_file
StaticObj_asf3sakhal_60_10	images/structures_sakhal/roads/parts/staticobj_asf3sakhal_60_10.jpg	database/structures_sakhal/roads/parts/objects.json	dzobj_ow5f549kcp	missing_file
StaticObj_asf3sakhal_6konec1	images/structures_sakhal/roads/parts/staticobj_asf3sakhal_6konec1.jpg	database/structures_sakhal/roads/parts/objects.json	dzobj_0dlxlezfls	missing_file
StaticObj_asf3sakhal_7_100	images/structures_sakhal/roads/parts/staticobj_asf3sakhal_7_100.jpg	database/structures_sakhal/roads/parts/objects.json	dzobj_i32fbxfqsm	missing_file
StaticObj_gravsakhal_0_2000	images/structures_sakhal/roads/parts/staticobj_gravsakhal_0_2000.jpg	database/structures_sakhal/roads/parts/objects.json	dzobj_8zx7pa15ky	missing_file
StaticObj_gravsakhal_10_100	images/structures_sakhal/roads/parts/staticobj_gravsakhal_10_100.jpg	database/structures_sakhal/roads/parts/objects.json	dzobj_7o7rgfd7ap	missing_file
StaticObj_gravsakhal_10_25	images/structures_sakhal/roads/parts/staticobj_gravsakhal_10_25.jpg	database/structures_sakhal/roads/parts/objects.json	dzobj_hl19qhtv1g	missing_file
StaticObj_gravsakhal_10_50	images/structures_sakhal/roads/parts/staticobj_gravsakhal_10_50.jpg	database/structures_sakhal/roads/parts/objects.json	dzobj_1xprlyjxb7	missing_file
StaticObj_gravsakhal_10_75	images/structures_sakhal/roads/parts/staticobj_gravsakhal_10_75.jpg	database/structures_sakhal/roads/parts/objects.json	dzobj_ac36ndt0tj	missing_file
StaticObj_gravsakhal_12	images/structures_sakhal/roads/parts/staticobj_gravsakhal_12.jpg	database/structures_sakhal/roads/parts/objects.json	dzobj_o93q5lpzsa	missing_file
StaticObj_gravsakhal_1_1000	images/structures_sakhal/roads/parts/staticobj_gravsakhal_1_1000.jpg	database/structures_sakhal/roads/parts/objects.json	dzobj_ppgpup8m35	missing_file
StaticObj_gravsakhal_30_25	images/structures_sakhal/roads/parts/staticobj_gravsakhal_30_25.jpg	database/structures_sakhal/roads/parts/objects.json	dzobj_hdtrx5nfaq	missing_file
StaticObj_gravsakhal_6	images/structures_sakhal/roads/parts/staticobj_gravsakhal_6.jpg	database/structures_sakhal/roads/parts/objects.json	dzobj_qoi6c4eu9z	missing_file
StaticObj_gravsakhal_60_10	images/structures_sakhal/roads/parts/staticobj_gravsakhal_60_10.jpg	database/structures_sakhal/roads/parts/objects.json	dzobj_zo9mj67vv6	missing_file
StaticObj_gravsakhal_6konec1	images/structures_sakhal/roads/parts/staticobj_gravsakhal_6konec1.jpg	database/structures_sakhal/roads/parts/objects.json	dzobj_38zagct6yx	missing_file
StaticObj_gravsakhal_7_100	images/structures_sakhal/roads/parts/staticobj_gravsakhal_7_100.jpg	database/structures_sakhal/roads/parts/objects.json	dzobj_utvs3szv29	missing_file
StaticObj_mudsakhal_0_2000	images/structures_sakhal/roads/parts/staticobj_mudsakhal_0_2000.jpg	database/structures_sakhal/roads/parts/objects.json	dzobj_b6na9pl214	missing_file
StaticObj_mudsakhal_10_100	images/structures_sakhal/roads/parts/staticobj_mudsakhal_10_100.jpg	database/structures_sakhal/roads/parts/objects.json	dzobj_qdhpm13yrk	missing_file
StaticObj_mudsakhal_10_25	images/structures_sakhal/roads/parts/staticobj_mudsakhal_10_25.jpg	database/structures_sakhal/roads/parts/objects.json	dzobj_1y3aluepww	missing_file
StaticObj_mudsakhal_10_50	images/structures_sakhal/roads/parts/staticobj_mudsakhal_10_50.jpg	database/structures_sakhal/roads/parts/objects.json	dzobj_29m0znwmi5	missing_file
StaticObj_mudsakhal_10_75	images/structures_sakhal/roads/parts/staticobj_mudsakhal_10_75.jpg	database/structures_sakhal/roads/parts/objects.json	dzobj_4k4a4sg3yr	missing_file
StaticObj_mudsakhal_12	images/structures_sakhal/roads/parts/staticobj_mudsakhal_12.jpg	database/structures_sakhal/roads/parts/objects.json	dzobj_5mvobwfxsb	missing_file
StaticObj_mudsakhal_1_1000	images/structures_sakhal/roads/parts/staticobj_mudsakhal_1_1000.jpg	database/structures_sakhal/roads/parts/objects.json	dzobj_r6q2t3s8oz	missing_file
StaticObj_mudsakhal_30_25	images/structures_sakhal/roads/parts/staticobj_mudsakhal_30_25.jpg	database/structures_sakhal/roads/parts/objects.json	dzobj_aau0hn02y5	missing_file
StaticObj_mudsakhal_6	images/structures_sakhal/roads/parts/staticobj_mudsakhal_6.jpg	database/structures_sakhal/roads/parts/objects.json	dzobj_tmmwwt77pw	missing_file
StaticObj_mudsakhal_60_10	images/structures_sakhal/roads/parts/staticobj_mudsakhal_60_10.jpg	database/structures_sakhal/roads/parts/objects.json	dzobj_f3bln2huye	missing_file
StaticObj_mudsakhal_6konec1	images/structures_sakhal/roads/parts/staticobj_mudsakhal_6konec1.jpg	database/structures_sakhal/roads/parts/objects.json	dzobj_ykujvlgqcc	missing_file
StaticObj_mudsakhal_7_100	images/structures_sakhal/roads/parts/staticobj_mudsakhal_7_100.jpg	database/structures_sakhal/roads/parts/objects.json	dzobj_csp80v42gb	missing_file
StaticObj_quarrysakhal_0_2000	images/structures_sakhal/roads/parts/staticobj_quarrysakhal_0_2000.jpg	database/structures_sakhal/roads/parts/objects.json	dzobj_ge4bhunydb	missing_file
StaticObj_quarrysakhal_10_100	images/structures_sakhal/roads/parts/staticobj_quarrysakhal_10_100.jpg	database/structures_sakhal/roads/parts/objects.json	dzobj_4rfra9h0po	missing_file
StaticObj_quarrysakhal_10_25	images/structures_sakhal/roads/parts/staticobj_quarrysakhal_10_25.jpg	database/structures_sakhal/roads/parts/objects.json	dzobj_alt0uwjf0e	missing_file
StaticObj_quarrysakhal_10_50	images/structures_sakhal/roads/parts/staticobj_quarrysakhal_10_50.jpg	database/structures_sakhal/roads/parts/objects.json	dzobj_xq85ou6wk9	missing_file
StaticObj_quarrysakhal_10_75	images/structures_sakhal/roads/parts/staticobj_quarrysakhal_10_75.jpg	database/structures_sakhal/roads/parts/objects.json	dzobj_hjp8p0dc3w	missing_file
StaticObj_quarrysakhal_12	images/structures_sakhal/roads/parts/staticobj_quarrysakhal_12.jpg	database/structures_sakhal/roads/parts/objects.json	dzobj_h782z99puj	missing_file
StaticObj_quarrysakhal_1_1000	images/structures_sakhal/roads/parts/staticobj_quarrysakhal_1_1000.jpg	database/structures_sakhal/roads/parts/objects.json	dzobj_gjaa28kxwm	missing_file
StaticObj_quarrysakhal_30_25	images/structures_sakhal/roads/parts/staticobj_quarrysakhal_30_25.jpg	database/structures_sakhal/roads/parts/objects.json	dzobj_20o3m6vydq	missing_file
StaticObj_quarrysakhal_6	images/structures_sakhal/roads/parts/staticobj_quarrysakhal_6.jpg	database/structures_sakhal/roads/parts/objects.json	dzobj_hqyxopd41l	missing_file
StaticObj_quarrysakhal_60_10	images/structures_sakhal/roads/parts/staticobj_quarrysakhal_60_10.jpg	database/structures_sakhal/roads/parts/objects.json	dzobj_5bpn88l2m9	missing_file
StaticObj_quarrysakhal_6konec1	images/structures_sakhal/roads/parts/staticobj_quarrysakhal_6konec1.jpg	database/structures_sakhal/roads/parts/objects.json	dzobj_4d1znnv7b1	missing_file
StaticObj_quarrysakhal_7_100	images/structures_sakhal/roads/parts/staticobj_quarrysakhal_7_100.jpg	database/structures_sakhal/roads/parts/objects.json	dzobj_l57qmr4dnz	missing_file
billboard_crabcan.p3d	images/structures_sakhal/signs/billboards/staticobj_billboard_crabcan.jpg	database/structures_sakhal/signs/billboards/objects.json	dzobj_u4minys8tu	missing_file
billboard_filterbottle.p3d	images/structures_sakhal/signs/billboards/staticobj_billboard_filterbottle.jpg	database/structures_sakhal/signs/billboards/objects.json	dzobj_ali8r2iht2	missing_file
billboard_service.p3d	images/structures_sakhal/signs/billboards/staticobj_billboard_service.jpg	database/structures_sakhal/signs/billboards/objects.json	dzobj_9e8lmqcj4i	missing_file
StaticObj_Billboard_CrabCan	images/structures_sakhal/signs/billboards/staticobj_billboard_crabcan.jpg	database/structures_sakhal/signs/billboards/objects.json	dzobj_eaavwt0ne4	missing_file
StaticObj_Billboard_FilterBottle	images/structures_sakhal/signs/billboards/staticobj_billboard_filterbottle.jpg	database/structures_sakhal/signs/billboards/objects.json	dzobj_nn5eym5j49	missing_file
StaticObj_Billboard_Service	images/structures_sakhal/signs/billboards/staticobj_billboard_service.jpg	database/structures_sakhal/signs/billboards/objects.json	dzobj_els0kw49hq	missing_file
misc_snowpole.p3d	images/structures_sakhal/signs/misc/misc_snowpole.p3d.jpg	database/structures_sakhal/signs/misc/objects.json	dzobj_162gu841ax	missing_file
sign_build_bluecross.p3d	images/structures_sakhal/signs/misc/sign_build_bluecross.p3d.jpg	database/structures_sakhal/signs/misc/objects.json	dzobj_vj25hjsp8t	missing_file
StaticObj_Misc_SnowPole	images/structures_sakhal/signs/misc/staticobj_misc_snowpole.jpg	database/structures_sakhal/signs/misc/objects.json	dzobj_4ncmdgcdhw	missing_file
StaticObj_Sign_Build_BlueCross	images/structures_sakhal/signs/misc/staticobj_sign_build_bluecross.jpg	database/structures_sakhal/signs/misc/objects.json	dzobj_klu0li0g06	missing_file
sign_petropavlovsk.p3d	images/structures_sakhal/signs/settlements/sign_petropavlovsk.p3d.jpg	database/structures_sakhal/signs/settlements/objects.json	dzobj_f18myy548n	missing_file
StaticObj_Sign_Petropavlovsk	images/structures_sakhal/signs/settlements/staticobj_sign_petropavlovsk.jpg	database/structures_sakhal/signs/settlements/objects.json	dzobj_qbpp9fo48n	missing_file
monument_bears.p3d	images/structures_sakhal/specific/monuments/monument_bears.p3d.jpg	database/structures_sakhal/specific/monuments/objects.json	dzobj_c52xdoiyj1	missing_file
monument_workcamp.p3d	images/structures_sakhal/specific/monuments/monument_workcamp.p3d.jpg	database/structures_sakhal/specific/monuments/objects.json	dzobj_t8oybcz00g	missing_file
StaticObj_Monument_Bears	images/structures_sakhal/specific/monuments/staticobj_monument_bears.jpg	database/structures_sakhal/specific/monuments/objects.json	dzobj_lcqx26lttl	missing_file
StaticObj_Monument_Workcamp	images/structures_sakhal/specific/monuments/staticobj_monument_workcamp.jpg	database/structures_sakhal/specific/monuments/objects.json	dzobj_l1au38buwq	missing_file
Land_MobileLaboratory_Ruin	images/structures_sakhal/specific/volcano/land_mobilelaboratory_ruin.jpg	database/structures_sakhal/specific/volcano/objects.json	dzobj_jwuqnc84st	missing_file
mobilelaboratory_ruin.p3d	images/structures_sakhal/specific/volcano/mobilelaboratory_ruin.p3d.jpg	database/structures_sakhal/specific/volcano/objects.json	dzobj_6gkqxph7pq	missing_file
Land_Wall_Gate_Village_Green	images/structures_sakhal/walls/land_wall_gate_village_green.jpg	database/structures_sakhal/walls/objects.json	dzobj_j66iw4h5wm	missing_file
Land_Wall_Gate_Village_Red	images/structures_sakhal/walls/land_wall_gate_village_red.jpg	database/structures_sakhal/walls/objects.json	dzobj_3yd6u6rzii	missing_file
StaticObj_Wall_Tin7_Blue_4	images/structures_sakhal/walls/staticobj_wall_tin7_blue_4.jpg	database/structures_sakhal/walls/objects.json	dzobj_5xck45bqer	missing_file
StaticObj_Wall_Tin7_Blue_8	images/structures_sakhal/walls/staticobj_wall_tin7_blue_8.jpg	database/structures_sakhal/walls/objects.json	dzobj_sf3lcf9ul8	missing_file
StaticObj_Wall_Tin8_LowBlue_4	images/structures_sakhal/walls/staticobj_wall_tin8_lowblue_4.jpg	database/structures_sakhal/walls/objects.json	dzobj_i4rlhj1yf7	missing_file
StaticObj_Wall_Tin8_LowBlue_8	images/structures_sakhal/walls/staticobj_wall_tin8_lowblue_8.jpg	database/structures_sakhal/walls/objects.json	dzobj_5s9txlyy18	missing_file
StaticObj_Wall_Tin8_LowBlue_Pole	images/structures_sakhal/walls/staticobj_wall_tin8_lowblue_pole.jpg	database/structures_sakhal/walls/objects.json	dzobj_7g4oh9jvab	missing_file
StaticObj_Wall_Tin8_LowGreen_4	images/structures_sakhal/walls/staticobj_wall_tin8_lowgreen_4.jpg	database/structures_sakhal/walls/objects.json	dzobj_vsq1orf246	missing_file
StaticObj_Wall_Tin8_LowGreen_8	images/structures_sakhal/walls/staticobj_wall_tin8_lowgreen_8.jpg	database/structures_sakhal/walls/objects.json	dzobj_vvwvgj6okg	missing_file
StaticObj_Wall_Tin8_LowGreen_Pole	images/structures_sakhal/walls/staticobj_wall_tin8_lowgreen_pole.jpg	database/structures_sakhal/walls/objects.json	dzobj_m5vf71jts1	missing_file
StaticObj_Wall_Tin8_LowRed_4	images/structures_sakhal/walls/staticobj_wall_tin8_lowred_4.jpg	database/structures_sakhal/walls/objects.json	dzobj_pc0arbs6sj	missing_file
StaticObj_Wall_Tin8_LowRed_8	images/structures_sakhal/walls/staticobj_wall_tin8_lowred_8.jpg	database/structures_sakhal/walls/objects.json	dzobj_yoglh9bx92	missing_file
StaticObj_Wall_Tin8_LowRed_Pole	images/structures_sakhal/walls/staticobj_wall_tin8_lowred_pole.jpg	database/structures_sakhal/walls/objects.json	dzobj_mef61aqqz1	missing_file
StaticObj_Wall_VilVar2_Green_4	images/structures_sakhal/walls/staticobj_wall_vilvar2_green_4.jpg	database/structures_sakhal/walls/objects.json	dzobj_00iwywjiky	missing_file
StaticObj_Wall_VilVar2_Green_4_2	images/structures_sakhal/walls/staticobj_wall_vilvar2_green_4_2.jpg	database/structures_sakhal/walls/objects.json	dzobj_qehzlx30n2	missing_file
StaticObj_Wall_VilVar2_Green_4_D	images/structures_sakhal/walls/staticobj_wall_vilvar2_green_4_d.jpg	database/structures_sakhal/walls/objects.json	dzobj_xw91j697a5	missing_file
StaticObj_Wall_VilVar2_Green_4_End	images/structures_sakhal/walls/staticobj_wall_vilvar2_green_4_end.jpg	database/structures_sakhal/walls/objects.json	dzobj_7kw0hkuh07	missing_file
StaticObj_Wall_VilVar2_Green_Pole	images/structures_sakhal/walls/staticobj_wall_vilvar2_green_pole.jpg	database/structures_sakhal/walls/objects.json	dzobj_ywmoc8v4if	missing_file
StaticObj_Wall_VilVar2_Red_4	images/structures_sakhal/walls/staticobj_wall_vilvar2_red_4.jpg	database/structures_sakhal/walls/objects.json	dzobj_e4hj3470qq	missing_file
StaticObj_Wall_VilVar2_Red_4_2	images/structures_sakhal/walls/staticobj_wall_vilvar2_red_4_2.jpg	database/structures_sakhal/walls/objects.json	dzobj_lyd2emys5t	missing_file
StaticObj_Wall_VilVar2_Red_4_D	images/structures_sakhal/walls/staticobj_wall_vilvar2_red_4_d.jpg	database/structures_sakhal/walls/objects.json	dzobj_1kbus5tsbv	missing_file
StaticObj_Wall_VilVar2_Red_4_End	images/structures_sakhal/walls/staticobj_wall_vilvar2_red_4_end.jpg	database/structures_sakhal/walls/objects.json	dzobj_hu3o5hlm1q	missing_file
StaticObj_Wall_VilVar2_Red_Pole	images/structures_sakhal/walls/staticobj_wall_vilvar2_red_pole.jpg	database/structures_sakhal/walls/objects.json	dzobj_mdzxiym8px	missing_file
StaticObj_Wall_Wood5_4	images/structures_sakhal/walls/staticobj_wall_wood5_4.jpg	database/structures_sakhal/walls/objects.json	dzobj_nddib0p0ku	missing_file
StaticObj_Wall_Wood5_4_2	images/structures_sakhal/walls/staticobj_wall_wood5_4_2.jpg	database/structures_sakhal/walls/objects.json	dzobj_s92vbfdv6e	missing_file
StaticObj_Wall_Wood5_4_D	images/structures_sakhal/walls/staticobj_wall_wood5_4_d.jpg	database/structures_sakhal/walls/objects.json	dzobj_lxx8nkdxnq	missing_file
StaticObj_Wall_Wood5_4_End	images/structures_sakhal/walls/staticobj_wall_wood5_4_end.jpg	database/structures_sakhal/walls/objects.json	dzobj_9wcj0ds1rz	missing_file
StaticObj_Wall_Wood5_4_Pole	images/structures_sakhal/walls/staticobj_wall_wood5_4_pole.jpg	database/structures_sakhal/walls/objects.json	dzobj_mn8jpuegln	missing_file
wall_gate_village_green.p3d	images/structures_sakhal/walls/wall_gate_village_green.p3d.jpg	database/structures_sakhal/walls/objects.json	dzobj_vpynqm4nj9	missing_file
wall_gate_village_red.p3d	images/structures_sakhal/walls/wall_gate_village_red.p3d.jpg	database/structures_sakhal/walls/objects.json	dzobj_rp02hck5pe	missing_file
wall_tin7_blue_4.p3d	images/structures_sakhal/walls/wall_tin7_blue_4.p3d.jpg	database/structures_sakhal/walls/objects.json	dzobj_l6zbdhede7	missing_file
wall_tin7_blue_8.p3d	images/structures_sakhal/walls/wall_tin7_blue_8.p3d.jpg	database/structures_sakhal/walls/objects.json	dzobj_27w8wb35ff	missing_file
wall_tin8_lowblue_4.p3d	images/structures_sakhal/walls/wall_tin8_lowblue_4.p3d.jpg	database/structures_sakhal/walls/objects.json	dzobj_9unsrquxhd	missing_file
wall_tin8_lowblue_8.p3d	images/structures_sakhal/walls/wall_tin8_lowblue_8.p3d.jpg	database/structures_sakhal/walls/objects.json	dzobj_t8acy9g35x	missing_file
wall_tin8_lowblue_pole.p3d	images/structures_sakhal/walls/wall_tin8_lowblue_pole.p3d.jpg	database/structures_sakhal/walls/objects.json	dzobj_22a9tq0emr	missing_file
wall_tin8_lowgreen_4.p3d	images/structures_sakhal/walls/wall_tin8_lowgreen_4.p3d.jpg	database/structures_sakhal/walls/objects.json	dzobj_vy84qugheh	missing_file
wall_tin8_lowgreen_8.p3d	images/structures_sakhal/walls/wall_tin8_lowgreen_8.p3d.jpg	database/structures_sakhal/walls/objects.json	dzobj_dcqfh9d95c	missing_file
wall_tin8_lowgreen_pole.p3d	images/structures_sakhal/walls/wall_tin8_lowgreen_pole.p3d.jpg	database/structures_sakhal/walls/objects.json	dzobj_alpy2wtopd	missing_file
wall_tin8_lowred_4.p3d	images/structures_sakhal/walls/wall_tin8_lowred_4.p3d.jpg	database/structures_sakhal/walls/objects.json	dzobj_b2m1ahuhyv	missing_file
wall_tin8_lowred_8.p3d	images/structures_sakhal/walls/wall_tin8_lowred_8.p3d.jpg	database/structures_sakhal/walls/objects.json	dzobj_er9bu771y1	missing_file
wall_tin8_lowred_pole.p3d	images/structures_sakhal/walls/wall_tin8_lowred_pole.p3d.jpg	database/structures_sakhal/walls/objects.json	dzobj_cp4oukokb7	missing_file
wall_vilvar2_green_4.p3d	images/structures_sakhal/walls/wall_vilvar2_green_4.p3d.jpg	database/structures_sakhal/walls/objects.json	dzobj_m7f9jrodyi	missing_file
wall_vilvar2_green_4_2.p3d	images/structures_sakhal/walls/wall_vilvar2_green_4_2.p3d.jpg	database/structures_sakhal/walls/objects.json	dzobj_5uct8160y4	missing_file
wall_vilvar2_green_4_d.p3d	images/structures_sakhal/walls/wall_vilvar2_green_4_d.p3d.jpg	database/structures_sakhal/walls/objects.json	dzobj_pjqyftwk8o	missing_file
wall_vilvar2_green_4_end.p3d	images/structures_sakhal/walls/wall_vilvar2_green_4_end.p3d.jpg	database/structures_sakhal/walls/objects.json	dzobj_499q9xquqg	missing_file
wall_vilvar2_green_pole.p3d	images/structures_sakhal/walls/wall_vilvar2_green_pole.p3d.jpg	database/structures_sakhal/walls/objects.json	dzobj_rft72qbosn	missing_file
wall_vilvar2_red_4.p3d	images/structures_sakhal/walls/wall_vilvar2_red_4.p3d.jpg	database/structures_sakhal/walls/objects.json	dzobj_oikxkf46mm	missing_file
wall_vilvar2_red_4_2.p3d	images/structures_sakhal/walls/wall_vilvar2_red_4_2.p3d.jpg	database/structures_sakhal/walls/objects.json	dzobj_glbwka2nwr	missing_file
wall_vilvar2_red_4_d.p3d	images/structures_sakhal/walls/wall_vilvar2_red_4_d.p3d.jpg	database/structures_sakhal/walls/objects.json	dzobj_777n38i31o	missing_file
wall_vilvar2_red_4_end.p3d	images/structures_sakhal/walls/wall_vilvar2_red_4_end.p3d.jpg	database/structures_sakhal/walls/objects.json	dzobj_1hg7jas625	missing_file
wall_vilvar2_red_pole.p3d	images/structures_sakhal/walls/wall_vilvar2_red_pole.p3d.jpg	database/structures_sakhal/walls/objects.json	dzobj_vpu48fu6wx	missing_file
wall_wood5_4.p3d	images/structures_sakhal/walls/wall_wood5_4.p3d.jpg	database/structures_sakhal/walls/objects.json	dzobj_7g6xtufrln	missing_file
wall_wood5_4_2.p3d	images/structures_sakhal/walls/wall_wood5_4_2.p3d.jpg	database/structures_sakhal/walls/objects.json	dzobj_i6h2r60e3t	missing_file
wall_wood5_4_d.p3d	images/structures_sakhal/walls/wall_wood5_4_d.p3d.jpg	database/structures_sakhal/walls/objects.json	dzobj_30hfemv7sl	missing_file
wall_wood5_4_end.p3d	images/structures_sakhal/walls/wall_wood5_4_end.p3d.jpg	database/structures_sakhal/walls/objects.json	dzobj_plssq3mj67	missing_file
wall_wood5_4_pole.p3d	images/structures_sakhal/walls/wall_wood5_4_pole.p3d.jpg	database/structures_sakhal/walls/objects.json	dzobj_jqi5engcmf	missing_file
boat_small8_blue.p3d	images/structures_sakhal/wrecks/boat_small8_blue.p3d.jpg	database/structures_sakhal/wrecks/objects.json	dzobj_ifs0s6prca	missing_file
boat_small8_red.p3d	images/structures_sakhal/wrecks/boat_small8_red.p3d.jpg	database/structures_sakhal/wrecks/objects.json	dzobj_7b9o15rqxb	missing_file
Land_Boat_Small8_Blue	images/structures_sakhal/wrecks/land_boat_small8_blue.jpg	database/structures_sakhal/wrecks/objects.json	dzobj_0nvk77h67u	missing_file
Land_Boat_Small8_Red	images/structures_sakhal/wrecks/land_boat_small8_red.jpg	database/structures_sakhal/wrecks/objects.json	dzobj_3ohqcd48g9	missing_file
Land_Static_An2	images/structures_sakhal/wrecks/land_static_an2.jpg	database/structures_sakhal/wrecks/objects.json	dzobj_my7n04p8y5	missing_file
Land_Submarine_Back	images/structures_sakhal/wrecks/land_submarine_back.jpg	database/structures_sakhal/wrecks/objects.json	dzobj_cuv0tw3vwq	missing_file
Land_Submarine_Front	images/structures_sakhal/wrecks/land_submarine_front.jpg	database/structures_sakhal/wrecks/objects.json	dzobj_9d54j05p9v	missing_file
Land_Submarine_Middle	images/structures_sakhal/wrecks/land_submarine_middle.jpg	database/structures_sakhal/wrecks/objects.json	dzobj_h49ip5tywf	missing_file
Land_wreck_sed02_aban1_police	images/structures_sakhal/wrecks/land_wreck_sed02_aban1_police.jpg	database/structures_sakhal/wrecks/objects.json	dzobj_p5yx1ummax	missing_file
Land_wreck_sed02_aban2_police	images/structures_sakhal/wrecks/land_wreck_sed02_aban2_police.jpg	database/structures_sakhal/wrecks/objects.json	dzobj_8odxx21ikf	missing_file
patrolboat_military.p3d	images/structures_sakhal/wrecks/patrolboat_military.p3d.jpg	database/structures_sakhal/wrecks/objects.json	dzobj_gruwhp22ql	missing_file
static_an2.p3d	images/structures_sakhal/wrecks/static_an2.p3d.jpg	database/structures_sakhal/wrecks/objects.json	dzobj_lmnbhphl2k	missing_file
submarine_back.p3d	images/structures_sakhal/wrecks/submarine_back.p3d.jpg	database/structures_sakhal/wrecks/objects.json	dzobj_450ylxbmep	missing_file
submarine_front.p3d	images/structures_sakhal/wrecks/submarine_front.p3d.jpg	database/structures_sakhal/wrecks/objects.json	dzobj_osezhd7i5o	missing_file
submarine_middle.p3d	images/structures_sakhal/wrecks/submarine_middle.p3d.jpg	database/structures_sakhal/wrecks/objects.json	dzobj_ph6im63b1g	missing_file
pond_50x50_moss.p3d	images/water/ponds/moss/pond_50x50_moss.p3d.jpg	database/water/Ponds/moss/objects.json	dzobj_g8pokhn4ll	missing_file
pond_big_28_01_moss.p3d	images/water/ponds/moss/pond_big_28_01_moss.p3d.jpg	database/water/Ponds/moss/objects.json	dzobj_q07ya0r2gi	missing_file
pond_big_28_02_moss.p3d	images/water/ponds/moss/pond_big_28_02_moss.p3d.jpg	database/water/Ponds/moss/objects.json	dzobj_qi1d2gc0cm	missing_file
pond_big_28_03_moss.p3d	images/water/ponds/moss/pond_big_28_03_moss.p3d.jpg	database/water/Ponds/moss/objects.json	dzobj_yh3kc20ioe	missing_file
pond_big_28_04_moss.p3d	images/water/ponds/moss/pond_big_28_04_moss.p3d.jpg	database/water/Ponds/moss/objects.json	dzobj_nw7iezin8a	missing_file
pond_big_29_01_moss.p3d	images/water/ponds/moss/pond_big_29_01_moss.p3d.jpg	database/water/Ponds/moss/objects.json	dzobj_1cjy5z0v2d	missing_file
pond_big_29_02_moss.p3d	images/water/ponds/moss/pond_big_29_02_moss.p3d.jpg	database/water/Ponds/moss/objects.json	dzobj_79npfnf4mb	missing_file
pond_big_29_03_moss.p3d	images/water/ponds/moss/pond_big_29_03_moss.p3d.jpg	database/water/Ponds/moss/objects.json	dzobj_czzpunajrm	missing_file
pond_big_29_04_moss.p3d	images/water/ponds/moss/pond_big_29_04_moss.p3d.jpg	database/water/Ponds/moss/objects.json	dzobj_3489mt5m8y	missing_file
pond_big_30_01_moss.p3d	images/water/ponds/moss/pond_big_30_01_moss.p3d.jpg	database/water/Ponds/moss/objects.json	dzobj_3wabv0awje	missing_file
pond_big_30_02_moss.p3d	images/water/ponds/moss/pond_big_30_02_moss.p3d.jpg	database/water/Ponds/moss/objects.json	dzobj_4b4rilvicr	missing_file
pond_big_30_03_moss.p3d	images/water/ponds/moss/pond_big_30_03_moss.p3d.jpg	database/water/Ponds/moss/objects.json	dzobj_4h0x3ik2ea	missing_file
pond_big_30_04_moss.p3d	images/water/ponds/moss/pond_big_30_04_moss.p3d.jpg	database/water/Ponds/moss/objects.json	dzobj_98k9d719pc	missing_file
pond_big_31_01_moss.p3d	images/water/ponds/moss/pond_big_31_01_moss.p3d.jpg	database/water/Ponds/moss/objects.json	dzobj_fgs49ccxi0	missing_file
pond_big_31_02_moss.p3d	images/water/ponds/moss/pond_big_31_02_moss.p3d.jpg	database/water/Ponds/moss/objects.json	dzobj_yp80tj9kno	missing_file
pond_big_31_03_moss.p3d	images/water/ponds/moss/pond_big_31_03_moss.p3d.jpg	database/water/Ponds/moss/objects.json	dzobj_6ghs4lfjj6	missing_file
pond_big_31_04_moss.p3d	images/water/ponds/moss/pond_big_31_04_moss.p3d.jpg	database/water/Ponds/moss/objects.json	dzobj_lc6skhnvoy	missing_file
pond_big_32_01_moss.p3d	images/water/ponds/moss/pond_big_32_01_moss.p3d.jpg	database/water/Ponds/moss/objects.json	dzobj_1m58natvpe	missing_file
pond_big_32_02_moss.p3d	images/water/ponds/moss/pond_big_32_02_moss.p3d.jpg	database/water/Ponds/moss/objects.json	dzobj_nw02jyhgg6	missing_file
pond_big_32_03_moss.p3d	images/water/ponds/moss/pond_big_32_03_moss.p3d.jpg	database/water/Ponds/moss/objects.json	dzobj_qaisuvy5px	missing_file
pond_big_33_01_moss.p3d	images/water/ponds/moss/pond_big_33_01_moss.p3d.jpg	database/water/Ponds/moss/objects.json	dzobj_5qqbjkkkcg	missing_file
pond_big_33_02_moss.p3d	images/water/ponds/moss/pond_big_33_02_moss.p3d.jpg	database/water/Ponds/moss/objects.json	dzobj_dhutr5u6sm	missing_file
pond_big_33_03_moss.p3d	images/water/ponds/moss/pond_big_33_03_moss.p3d.jpg	database/water/Ponds/moss/objects.json	dzobj_92v4m5tohy	missing_file
pond_big_34_01_moss.p3d	images/water/ponds/moss/pond_big_34_01_moss.p3d.jpg	database/water/Ponds/moss/objects.json	dzobj_99bco6lt7w	missing_file
pond_big_34_02_moss.p3d	images/water/ponds/moss/pond_big_34_02_moss.p3d.jpg	database/water/Ponds/moss/objects.json	dzobj_dgzjlcxoo3	missing_file
pond_big_34_03_moss.p3d	images/water/ponds/moss/pond_big_34_03_moss.p3d.jpg	database/water/Ponds/moss/objects.json	dzobj_dno7kl84xa	missing_file
pond_big_34_04_moss.p3d	images/water/ponds/moss/pond_big_34_04_moss.p3d.jpg	database/water/Ponds/moss/objects.json	dzobj_n5pl1g800b	missing_file
pond_big_35_02_moss.p3d	images/water/ponds/moss/pond_big_35_02_moss.p3d.jpg	database/water/Ponds/moss/objects.json	dzobj_uhdbvnf8jw	missing_file
pond_big_36_01_moss.p3d	images/water/ponds/moss/pond_big_36_01_moss.p3d.jpg	database/water/Ponds/moss/objects.json	dzobj_15x4rz98ak	missing_file
pond_big_36_02_moss.p3d	images/water/ponds/moss/pond_big_36_02_moss.p3d.jpg	database/water/Ponds/moss/objects.json	dzobj_4gycn8bscy	missing_file
pond_big_36_03_moss.p3d	images/water/ponds/moss/pond_big_36_03_moss.p3d.jpg	database/water/Ponds/moss/objects.json	dzobj_m6upazgnfz	missing_file
pond_big_36_04_moss.p3d	images/water/ponds/moss/pond_big_36_04_moss.p3d.jpg	database/water/Ponds/moss/objects.json	dzobj_of4od94djq	missing_file
pond_big_37_01_moss.p3d	images/water/ponds/moss/pond_big_37_01_moss.p3d.jpg	database/water/Ponds/moss/objects.json	dzobj_ymc1ovhe97	missing_file
pond_big_37_02_moss.p3d	images/water/ponds/moss/pond_big_37_02_moss.p3d.jpg	database/water/Ponds/moss/objects.json	dzobj_wmpin5r538	missing_file
pond_big_37_03_moss.p3d	images/water/ponds/moss/pond_big_37_03_moss.p3d.jpg	database/water/Ponds/moss/objects.json	dzobj_wlgwhu9nvl	missing_file
pond_big_37_04_moss.p3d	images/water/ponds/moss/pond_big_37_04_moss.p3d.jpg	database/water/Ponds/moss/objects.json	dzobj_uzyraofoa5	missing_file
pond_big_38_01_moss.p3d	images/water/ponds/moss/pond_big_38_01_moss.p3d.jpg	database/water/Ponds/moss/objects.json	dzobj_sa4sfn4d41	missing_file
pond_big_38_02_moss.p3d	images/water/ponds/moss/pond_big_38_02_moss.p3d.jpg	database/water/Ponds/moss/objects.json	dzobj_sdkte80o9z	missing_file
pond_big_38_03_moss.p3d	images/water/ponds/moss/pond_big_38_03_moss.p3d.jpg	database/water/Ponds/moss/objects.json	dzobj_n1cm5q68di	missing_file
pond_big_38_04_moss.p3d	images/water/ponds/moss/pond_big_38_04_moss.p3d.jpg	database/water/Ponds/moss/objects.json	dzobj_oalvug9wtz	missing_file
pond_big_40_01_moss.p3d	images/water/ponds/moss/pond_big_40_01_moss.p3d.jpg	database/water/Ponds/moss/objects.json	dzobj_32cmvno8o8	missing_file
pond_big_40_02_moss.p3d	images/water/ponds/moss/pond_big_40_02_moss.p3d.jpg	database/water/Ponds/moss/objects.json	dzobj_hytcjsi1ns	missing_file
pond_big_40_03_moss.p3d	images/water/ponds/moss/pond_big_40_03_moss.p3d.jpg	database/water/Ponds/moss/objects.json	dzobj_3p489j2dkj	missing_file
pond_big_40_04_moss.p3d	images/water/ponds/moss/pond_big_40_04_moss.p3d.jpg	database/water/Ponds/moss/objects.json	dzobj_hlq8a1ybe4	missing_file
pond_big_41_01_moss.p3d	images/water/ponds/moss/pond_big_41_01_moss.p3d.jpg	database/water/Ponds/moss/objects.json	dzobj_kxv2bc4b78	missing_file
pond_big_41_02_moss.p3d	images/water/ponds/moss/pond_big_41_02_moss.p3d.jpg	database/water/Ponds/moss/objects.json	dzobj_yojzx1oidf	missing_file
pond_big_41_03_moss.p3d	images/water/ponds/moss/pond_big_41_03_moss.p3d.jpg	database/water/Ponds/moss/objects.json	dzobj_1ihiohdg1s	missing_file
pond_big_41_04_moss.p3d	images/water/ponds/moss/pond_big_41_04_moss.p3d.jpg	database/water/Ponds/moss/objects.json	dzobj_31fgaj2g73	missing_file
pond_big_41_05_moss.p3d	images/water/ponds/moss/pond_big_41_05_moss.p3d.jpg	database/water/Ponds/moss/objects.json	dzobj_hlaff4xnqj	missing_file
pond_big_42_01_moss.p3d	images/water/ponds/moss/pond_big_42_01_moss.p3d.jpg	database/water/Ponds/moss/objects.json	dzobj_nd3qp3v41g	missing_file
pond_big_42_02_moss.p3d	images/water/ponds/moss/pond_big_42_02_moss.p3d.jpg	database/water/Ponds/moss/objects.json	dzobj_dt1wmo7qul	missing_file
pond_big_42_03_moss.p3d	images/water/ponds/moss/pond_big_42_03_moss.p3d.jpg	database/water/Ponds/moss/objects.json	dzobj_bwmslclmeb	missing_file
pond_big_42_04_moss.p3d	images/water/ponds/moss/pond_big_42_04_moss.p3d.jpg	database/water/Ponds/moss/objects.json	dzobj_4y0wzcls5z	missing_file
pond_big_43_30_moss.p3d	images/water/ponds/moss/pond_big_43_30_moss.p3d.jpg	database/water/Ponds/moss/objects.json	dzobj_x72tlzdu6q	missing_file
pond_big_43_31_moss.p3d	images/water/ponds/moss/pond_big_43_31_moss.p3d.jpg	database/water/Ponds/moss/objects.json	dzobj_y63q8x6nz7	missing_file
pond_small_01_moss.p3d	images/water/ponds/moss/pond_small_01_moss.p3d.jpg	database/water/Ponds/moss/objects.json	dzobj_5ors8bdbtn	missing_file
pond_small_02_moss.p3d	images/water/ponds/moss/pond_small_02_moss.p3d.jpg	database/water/Ponds/moss/objects.json	dzobj_8rdqglpzjt	missing_file
pond_small_03_moss.p3d	images/water/ponds/moss/pond_small_03_moss.p3d.jpg	database/water/Ponds/moss/objects.json	dzobj_o37s7pa97p	missing_file
pond_small_04_moss.p3d	images/water/ponds/moss/pond_small_04_moss.p3d.jpg	database/water/Ponds/moss/objects.json	dzobj_0og9ozd7fq	missing_file
pond_small_05_moss.p3d	images/water/ponds/moss/pond_small_05_moss.p3d.jpg	database/water/Ponds/moss/objects.json	dzobj_p08f9w9nkl	missing_file
pond_small_06_moss.p3d	images/water/ponds/moss/pond_small_06_moss.p3d.jpg	database/water/Ponds/moss/objects.json	dzobj_qyvlwli6er	missing_file
pond_small_08_moss.p3d	images/water/ponds/moss/pond_small_08_moss.p3d.jpg	database/water/Ponds/moss/objects.json	dzobj_scxlv2w7iv	missing_file
pond_small_09_moss.p3d	images/water/ponds/moss/pond_small_09_moss.p3d.jpg	database/water/Ponds/moss/objects.json	dzobj_6dmjcsp1xs	missing_file
pond_small_15_moss.p3d	images/water/ponds/moss/pond_small_15_moss.p3d.jpg	database/water/Ponds/moss/objects.json	dzobj_qn424pxolg	missing_file
pond_small_16_moss.p3d	images/water/ponds/moss/pond_small_16_moss.p3d.jpg	database/water/Ponds/moss/objects.json	dzobj_55m2tn0hx0	missing_file
pond_small_17_moss.p3d	images/water/ponds/moss/pond_small_17_moss.p3d.jpg	database/water/Ponds/moss/objects.json	dzobj_mp3zxedb0g	missing_file
pond_small_18_moss.p3d	images/water/ponds/moss/pond_small_18_moss.p3d.jpg	database/water/Ponds/moss/objects.json	dzobj_0nia657rj3	missing_file
pond_small_19_moss.p3d	images/water/ponds/moss/pond_small_19_moss.p3d.jpg	database/water/Ponds/moss/objects.json	dzobj_54uqs9gm4w	missing_file
pond_small_20_moss.p3d	images/water/ponds/moss/pond_small_20_moss.p3d.jpg	database/water/Ponds/moss/objects.json	dzobj_ei6lj9ltey	missing_file
pond_small_21_moss.p3d	images/water/ponds/moss/pond_small_21_moss.p3d.jpg	database/water/Ponds/moss/objects.json	dzobj_2y4cdw0n34	missing_file
pond_small_22_moss.p3d	images/water/ponds/moss/pond_small_22_moss.p3d.jpg	database/water/Ponds/moss/objects.json	dzobj_g1q55g1hn8	missing_file
pond_small_24_moss.p3d	images/water/ponds/moss/pond_small_24_moss.p3d.jpg	database/water/Ponds/moss/objects.json	dzobj_q4bsoihryx	missing_file
pond_small_25_moss.p3d	images/water/ponds/moss/pond_small_25_moss.p3d.jpg	database/water/Ponds/moss/objects.json	dzobj_uqsuno1kn6	missing_file
pond_small_26_moss.p3d	images/water/ponds/moss/pond_small_26_moss.p3d.jpg	database/water/Ponds/moss/objects.json	dzobj_sgno71kwvk	missing_file
pond_small_27_moss.p3d	images/water/ponds/moss/pond_small_27_moss.p3d.jpg	database/water/Ponds/moss/objects.json	dzobj_7f7p4q717d	missing_file
lake_50x50.p3d	images/water/ponds/lake_50x50.p3d.jpg	database/water/Ponds/objects.json	dzobj_0daujctom2	missing_file
pond_50x50.p3d	images/water/ponds/pond_50x50.p3d.jpg	database/water/Ponds/objects.json	dzobj_nepc4kgqu6	missing_file
pond_big_29_01.p3d	images/water/ponds/pond_big_29_01.p3d.jpg	database/water/Ponds/objects.json	dzobj_zq51ycozg3	missing_file
pond_big_29_02.p3d	images/water/ponds/pond_big_29_02.p3d.jpg	database/water/Ponds/objects.json	dzobj_j2bx1xegnr	missing_file
pond_big_29_03.p3d	images/water/ponds/pond_big_29_03.p3d.jpg	database/water/Ponds/objects.json	dzobj_cnfnfx4bah	missing_file
pond_big_29_04.p3d	images/water/ponds/pond_big_29_04.p3d.jpg	database/water/Ponds/objects.json	dzobj_fc4usotilt	missing_file
pond_big_30_01.p3d	images/water/ponds/pond_big_30_01.p3d.jpg	database/water/Ponds/objects.json	dzobj_5n28j7er6b	missing_file
pond_big_30_02.p3d	images/water/ponds/pond_big_30_02.p3d.jpg	database/water/Ponds/objects.json	dzobj_x22fzqeaip	missing_file
pond_big_30_03.p3d	images/water/ponds/pond_big_30_03.p3d.jpg	database/water/Ponds/objects.json	dzobj_hrfll2qshx	missing_file
pond_big_30_04.p3d	images/water/ponds/pond_big_30_04.p3d.jpg	database/water/Ponds/objects.json	dzobj_dad5czs7be	missing_file
pond_big_31_01.p3d	images/water/ponds/pond_big_31_01.p3d.jpg	database/water/Ponds/objects.json	dzobj_3h8mgg0qpr	missing_file
pond_big_31_02.p3d	images/water/ponds/pond_big_31_02.p3d.jpg	database/water/Ponds/objects.json	dzobj_7rbyo3ycra	missing_file
pond_big_31_03.p3d	images/water/ponds/pond_big_31_03.p3d.jpg	database/water/Ponds/objects.json	dzobj_bvs6ut41ox	missing_file
pond_big_31_04.p3d	images/water/ponds/pond_big_31_04.p3d.jpg	database/water/Ponds/objects.json	dzobj_4d5zj48em4	missing_file
pond_big_33_01.p3d	images/water/ponds/pond_big_33_01.p3d.jpg	database/water/Ponds/objects.json	dzobj_3vlfsyk8vg	missing_file
pond_big_33_02.p3d	images/water/ponds/pond_big_33_02.p3d.jpg	database/water/Ponds/objects.json	dzobj_7zj5mhfwnx	missing_file
pond_big_33_03.p3d	images/water/ponds/pond_big_33_03.p3d.jpg	database/water/Ponds/objects.json	dzobj_ahedg13h56	missing_file
pond_big_34_01.p3d	images/water/ponds/pond_big_34_01.p3d.jpg	database/water/Ponds/objects.json	dzobj_bub4179551	missing_file
pond_big_34_02.p3d	images/water/ponds/pond_big_34_02.p3d.jpg	database/water/Ponds/objects.json	dzobj_3qdf77hn5k	missing_file
pond_big_34_03.p3d	images/water/ponds/pond_big_34_03.p3d.jpg	database/water/Ponds/objects.json	dzobj_z1h5860zny	missing_file
pond_big_34_04.p3d	images/water/ponds/pond_big_34_04.p3d.jpg	database/water/Ponds/objects.json	dzobj_0a1e54z6we	missing_file
pond_big_35_01.p3d	images/water/ponds/pond_big_35_01.p3d.jpg	database/water/Ponds/objects.json	dzobj_66sx5lxky8	missing_file
pond_big_35_02.p3d	images/water/ponds/pond_big_35_02.p3d.jpg	database/water/Ponds/objects.json	dzobj_kbnht6rnpv	missing_file
pond_big_36_01.p3d	images/water/ponds/pond_big_36_01.p3d.jpg	database/water/Ponds/objects.json	dzobj_58o0gdfn3j	missing_file
pond_big_36_02.p3d	images/water/ponds/pond_big_36_02.p3d.jpg	database/water/Ponds/objects.json	dzobj_1jijzrm97a	missing_file
pond_big_36_03.p3d	images/water/ponds/pond_big_36_03.p3d.jpg	database/water/Ponds/objects.json	dzobj_0nf9a5libb	missing_file
pond_big_36_04.p3d	images/water/ponds/pond_big_36_04.p3d.jpg	database/water/Ponds/objects.json	dzobj_gp4a9mzm7q	missing_file
pond_big_37_01.p3d	images/water/ponds/pond_big_37_01.p3d.jpg	database/water/Ponds/objects.json	dzobj_fqscr3jn9p	missing_file
pond_big_37_02.p3d	images/water/ponds/pond_big_37_02.p3d.jpg	database/water/Ponds/objects.json	dzobj_aed0h27idn	missing_file
pond_big_37_03.p3d	images/water/ponds/pond_big_37_03.p3d.jpg	database/water/Ponds/objects.json	dzobj_c56lc9cni6	missing_file
pond_big_37_04.p3d	images/water/ponds/pond_big_37_04.p3d.jpg	database/water/Ponds/objects.json	dzobj_5etr47mv2d	missing_file
pond_big_38_01.p3d	images/water/ponds/pond_big_38_01.p3d.jpg	database/water/Ponds/objects.json	dzobj_crtmfsbgfd	missing_file
pond_big_38_02.p3d	images/water/ponds/pond_big_38_02.p3d.jpg	database/water/Ponds/objects.json	dzobj_hu0lkl5raz	missing_file
pond_big_38_03.p3d	images/water/ponds/pond_big_38_03.p3d.jpg	database/water/Ponds/objects.json	dzobj_vsqixaushq	missing_file
pond_big_38_04.p3d	images/water/ponds/pond_big_38_04.p3d.jpg	database/water/Ponds/objects.json	dzobj_qomamoqlym	missing_file
pond_big_39_01.p3d	images/water/ponds/pond_big_39_01.p3d.jpg	database/water/Ponds/objects.json	dzobj_hrx80ihwa0	missing_file
pond_big_39_02.p3d	images/water/ponds/pond_big_39_02.p3d.jpg	database/water/Ponds/objects.json	dzobj_qk504atqfb	missing_file
pond_big_39_03.p3d	images/water/ponds/pond_big_39_03.p3d.jpg	database/water/Ponds/objects.json	dzobj_ljatk41bnp	missing_file
pond_big_39_04.p3d	images/water/ponds/pond_big_39_04.p3d.jpg	database/water/Ponds/objects.json	dzobj_0g4y2tmnar	missing_file
pond_big_40_01.p3d	images/water/ponds/pond_big_40_01.p3d.jpg	database/water/Ponds/objects.json	dzobj_1bqdnwou22	missing_file
pond_big_40_02.p3d	images/water/ponds/pond_big_40_02.p3d.jpg	database/water/Ponds/objects.json	dzobj_raemwo959f	missing_file
pond_big_40_03.p3d	images/water/ponds/pond_big_40_03.p3d.jpg	database/water/Ponds/objects.json	dzobj_jj4rprnvzu	missing_file
pond_big_40_04.p3d	images/water/ponds/pond_big_40_04.p3d.jpg	database/water/Ponds/objects.json	dzobj_t18o7tbyb2	missing_file
pond_big_41_01.p3d	images/water/ponds/pond_big_41_01.p3d.jpg	database/water/Ponds/objects.json	dzobj_cxdos1ubqh	missing_file
pond_big_41_02.p3d	images/water/ponds/pond_big_41_02.p3d.jpg	database/water/Ponds/objects.json	dzobj_sdrl3nbrvi	missing_file
pond_big_41_03.p3d	images/water/ponds/pond_big_41_03.p3d.jpg	database/water/Ponds/objects.json	dzobj_xojhm7dedy	missing_file
pond_big_41_04.p3d	images/water/ponds/pond_big_41_04.p3d.jpg	database/water/Ponds/objects.json	dzobj_xbvhbdo41p	missing_file
pond_big_41_05.p3d	images/water/ponds/pond_big_41_05.p3d.jpg	database/water/Ponds/objects.json	dzobj_wnyb0zkype	missing_file
pond_big_42_01.p3d	images/water/ponds/pond_big_42_01.p3d.jpg	database/water/Ponds/objects.json	dzobj_jrqaiqwst1	missing_file
pond_big_42_02.p3d	images/water/ponds/pond_big_42_02.p3d.jpg	database/water/Ponds/objects.json	dzobj_s6lvep6qq0	missing_file
pond_big_42_03.p3d	images/water/ponds/pond_big_42_03.p3d.jpg	database/water/Ponds/objects.json	dzobj_nf6j45aesh	missing_file
pond_big_42_04.p3d	images/water/ponds/pond_big_42_04.p3d.jpg	database/water/Ponds/objects.json	dzobj_mpopyo24xm	missing_file
pond_big_42_05.p3d	images/water/ponds/pond_big_42_05.p3d.jpg	database/water/Ponds/objects.json	dzobj_cbspdgzywd	missing_file
pond_big_42_06.p3d	images/water/ponds/pond_big_42_06.p3d.jpg	database/water/Ponds/objects.json	dzobj_mm9xofzu86	missing_file
pond_big_42_07.p3d	images/water/ponds/pond_big_42_07.p3d.jpg	database/water/Ponds/objects.json	dzobj_0f6vw2uy8r	missing_file
pond_big_42_08.p3d	images/water/ponds/pond_big_42_08.p3d.jpg	database/water/Ponds/objects.json	dzobj_jbng17hrxl	missing_file
pond_big_42_09.p3d	images/water/ponds/pond_big_42_09.p3d.jpg	database/water/Ponds/objects.json	dzobj_k1r1y9yn7h	missing_file
pond_big_42_10.p3d	images/water/ponds/pond_big_42_10.p3d.jpg	database/water/Ponds/objects.json	dzobj_8gwwljb8gv	missing_file
pond_big_42_11.p3d	images/water/ponds/pond_big_42_11.p3d.jpg	database/water/Ponds/objects.json	dzobj_srdojaps3v	missing_file
pond_big_42_12.p3d	images/water/ponds/pond_big_42_12.p3d.jpg	database/water/Ponds/objects.json	dzobj_jf0ow2me3u	missing_file
pond_big_42_13.p3d	images/water/ponds/pond_big_42_13.p3d.jpg	database/water/Ponds/objects.json	dzobj_0qqngzrbdj	missing_file
pond_big_42_14.p3d	images/water/ponds/pond_big_42_14.p3d.jpg	database/water/Ponds/objects.json	dzobj_8vmswsqqcf	missing_file
pond_big_42_15.p3d	images/water/ponds/pond_big_42_15.p3d.jpg	database/water/Ponds/objects.json	dzobj_s23aq45wqz	missing_file
pond_big_42_16.p3d	images/water/ponds/pond_big_42_16.p3d.jpg	database/water/Ponds/objects.json	dzobj_o85kq8ko32	missing_file
pond_big_42_17.p3d	images/water/ponds/pond_big_42_17.p3d.jpg	database/water/Ponds/objects.json	dzobj_tparhouehs	missing_file
pond_big_42_18.p3d	images/water/ponds/pond_big_42_18.p3d.jpg	database/water/Ponds/objects.json	dzobj_f1bbw50jyo	missing_file
pond_big_42_19.p3d	images/water/ponds/pond_big_42_19.p3d.jpg	database/water/Ponds/objects.json	dzobj_gzrn9d3198	missing_file
pond_big_42_20.p3d	images/water/ponds/pond_big_42_20.p3d.jpg	database/water/Ponds/objects.json	dzobj_usaef5wsce	missing_file
pond_big_44.p3d	images/water/ponds/pond_big_44.p3d.jpg	database/water/Ponds/objects.json	dzobj_sticb9itsy	missing_file
pond_big_ly_1.p3d	images/water/ponds/pond_big_ly_1.p3d.jpg	database/water/Ponds/objects.json	dzobj_l5p17zj9t0	missing_file
pond_big_ly_10.p3d	images/water/ponds/pond_big_ly_10.p3d.jpg	database/water/Ponds/objects.json	dzobj_yxfhgu682f	missing_file
pond_big_ly_11.p3d	images/water/ponds/pond_big_ly_11.p3d.jpg	database/water/Ponds/objects.json	dzobj_d9y3l8duix	missing_file
pond_big_ly_2.p3d	images/water/ponds/pond_big_ly_2.p3d.jpg	database/water/Ponds/objects.json	dzobj_bipn4c93ea	missing_file
pond_big_ly_3.p3d	images/water/ponds/pond_big_ly_3.p3d.jpg	database/water/Ponds/objects.json	dzobj_uyn3j5vez4	missing_file
pond_big_ly_4.p3d	images/water/ponds/pond_big_ly_4.p3d.jpg	database/water/Ponds/objects.json	dzobj_3cq6519xq8	missing_file
pond_big_ly_5.p3d	images/water/ponds/pond_big_ly_5.p3d.jpg	database/water/Ponds/objects.json	dzobj_r7c0nnpci4	missing_file
pond_big_ly_6.p3d	images/water/ponds/pond_big_ly_6.p3d.jpg	database/water/Ponds/objects.json	dzobj_w1pwzq67c0	missing_file
pond_big_ly_7.p3d	images/water/ponds/pond_big_ly_7.p3d.jpg	database/water/Ponds/objects.json	dzobj_5991jtkj6z	missing_file
pond_big_ly_8.p3d	images/water/ponds/pond_big_ly_8.p3d.jpg	database/water/Ponds/objects.json	dzobj_wmadeknq7p	missing_file
pond_big_ly_9.p3d	images/water/ponds/pond_big_ly_9.p3d.jpg	database/water/Ponds/objects.json	dzobj_y8xzr78j1l	missing_file
pond_severogd_novo_down.p3d	images/water/ponds/pond_severogd_novo_down.p3d.jpg	database/water/Ponds/objects.json	dzobj_tkogi14k0y	missing_file
pond_small_01.p3d	images/water/ponds/pond_small_01.p3d.jpg	database/water/Ponds/objects.json	dzobj_q1oh27ctc0	missing_file
pond_small_02.p3d	images/water/ponds/pond_small_02.p3d.jpg	database/water/Ponds/objects.json	dzobj_iwu2tcrh8i	missing_file
pond_small_03.p3d	images/water/ponds/pond_small_03.p3d.jpg	database/water/Ponds/objects.json	dzobj_f8xnprn6yk	missing_file
pond_small_04.p3d	images/water/ponds/pond_small_04.p3d.jpg	database/water/Ponds/objects.json	dzobj_dlddnsydu1	missing_file
pond_small_05.p3d	images/water/ponds/pond_small_05.p3d.jpg	database/water/Ponds/objects.json	dzobj_u9nmi23xmg	missing_file
pond_small_06.p3d	images/water/ponds/pond_small_06.p3d.jpg	database/water/Ponds/objects.json	dzobj_r93khnl3xz	missing_file
pond_small_08.p3d	images/water/ponds/pond_small_08.p3d.jpg	database/water/Ponds/objects.json	dzobj_jd5fty8j2g	missing_file
pond_small_09.p3d	images/water/ponds/pond_small_09.p3d.jpg	database/water/Ponds/objects.json	dzobj_18e73yqcxt	missing_file
pond_small_10.p3d	images/water/ponds/pond_small_10.p3d.jpg	database/water/Ponds/objects.json	dzobj_zxwwprv8po	missing_file
pond_small_11.p3d	images/water/ponds/pond_small_11.p3d.jpg	database/water/Ponds/objects.json	dzobj_09axtaze2n	missing_file
pond_small_12.p3d	images/water/ponds/pond_small_12.p3d.jpg	database/water/Ponds/objects.json	dzobj_9x0iez554b	missing_file
pond_small_13.p3d	images/water/ponds/pond_small_13.p3d.jpg	database/water/Ponds/objects.json	dzobj_w1hgyy4r2u	missing_file
pond_small_14.p3d	images/water/ponds/pond_small_14.p3d.jpg	database/water/Ponds/objects.json	dzobj_rga9azrsjf	missing_file
pond_small_15.p3d	images/water/ponds/pond_small_15.p3d.jpg	database/water/Ponds/objects.json	dzobj_ll4zsfrgbx	missing_file
pond_small_16.p3d	images/water/ponds/pond_small_16.p3d.jpg	database/water/Ponds/objects.json	dzobj_x43yt0j24x	missing_file
pond_small_17.p3d	images/water/ponds/pond_small_17.p3d.jpg	database/water/Ponds/objects.json	dzobj_gjmbaj7g25	missing_file
pond_small_18.p3d	images/water/ponds/pond_small_18.p3d.jpg	database/water/Ponds/objects.json	dzobj_vm2b9a4hxe	missing_file
pond_small_19.p3d	images/water/ponds/pond_small_19.p3d.jpg	database/water/Ponds/objects.json	dzobj_5ypgsdx4px	missing_file
pond_small_20.p3d	images/water/ponds/pond_small_20.p3d.jpg	database/water/Ponds/objects.json	dzobj_wzp1pjxn0o	missing_file
pond_small_21.p3d	images/water/ponds/pond_small_21.p3d.jpg	database/water/Ponds/objects.json	dzobj_2ja6zc0lpl	missing_file
pond_small_22.p3d	images/water/ponds/pond_small_22.p3d.jpg	database/water/Ponds/objects.json	dzobj_4pmvfcvr71	missing_file
pond_small_23.p3d	images/water/ponds/pond_small_23.p3d.jpg	database/water/Ponds/objects.json	dzobj_733dvcbj9x	missing_file
pond_small_24.p3d	images/water/ponds/pond_small_24.p3d.jpg	database/water/Ponds/objects.json	dzobj_2l88b8643i	missing_file
pond_small_25.p3d	images/water/ponds/pond_small_25.p3d.jpg	database/water/Ponds/objects.json	dzobj_ij9yk7wt6r	missing_file
pond_small_26.p3d	images/water/ponds/pond_small_26.p3d.jpg	database/water/Ponds/objects.json	dzobj_u9bvml9p14	missing_file
pond_small_27.p3d	images/water/ponds/pond_small_27.p3d.jpg	database/water/Ponds/objects.json	dzobj_nkzdbhij1a	missing_file
stones_leaf_bar.p3d	images/water/streambed/misc/stones_leaf_bar.p3d.jpg	database/water/Streambed/misc/objects.json	dzobj_g2qun7uwzr	missing_file
stones_leaf_bar_curve.p3d	images/water/streambed/misc/stones_leaf_bar_curve.p3d.jpg	database/water/Streambed/misc/objects.json	dzobj_6n9kqf8vue	missing_file
stones_leaf_group_1.p3d	images/water/streambed/misc/stones_leaf_group_1.p3d.jpg	database/water/Streambed/misc/objects.json	dzobj_0xzoat67c9	missing_file
stones_leaf_group_2.p3d	images/water/streambed/misc/stones_leaf_group_2.p3d.jpg	database/water/Streambed/misc/objects.json	dzobj_0yrgglq7zz	missing_file
stones_leaf_group_3.p3d	images/water/streambed/misc/stones_leaf_group_3.p3d.jpg	database/water/Streambed/misc/objects.json	dzobj_e4i1usawzl	missing_file
stones_moss_bar.p3d	images/water/streambed/misc/stones_moss_bar.p3d.jpg	database/water/Streambed/misc/objects.json	dzobj_yvsied7rsc	missing_file
stones_moss_bar_curve.p3d	images/water/streambed/misc/stones_moss_bar_curve.p3d.jpg	database/water/Streambed/misc/objects.json	dzobj_l4trfrj9j4	missing_file
stones_moss_group_1.p3d	images/water/streambed/misc/stones_moss_group_1.p3d.jpg	database/water/Streambed/misc/objects.json	dzobj_262lblf49l	missing_file
stones_moss_group_2.p3d	images/water/streambed/misc/stones_moss_group_2.p3d.jpg	database/water/Streambed/misc/objects.json	dzobj_lupd3irl0r	missing_file
stones_moss_group_3.p3d	images/water/streambed/misc/stones_moss_group_3.p3d.jpg	database/water/Streambed/misc/objects.json	dzobj_68hxjzk4o0	missing_file
stones_sand_bar.p3d	images/water/streambed/misc/stones_sand_bar.p3d.jpg	database/water/Streambed/misc/objects.json	dzobj_d6h59b5opn	missing_file
stones_sand_bar_curve.p3d	images/water/streambed/misc/stones_sand_bar_curve.p3d.jpg	database/water/Streambed/misc/objects.json	dzobj_j7epg8posw	missing_file
stones_sand_group_1.p3d	images/water/streambed/misc/stones_sand_group_1.p3d.jpg	database/water/Streambed/misc/objects.json	dzobj_5w47pcs0os	missing_file
stones_sand_group_2.p3d	images/water/streambed/misc/stones_sand_group_2.p3d.jpg	database/water/Streambed/misc/objects.json	dzobj_oe70qfc2gp	missing_file
stones_sand_group_3.p3d	images/water/streambed/misc/stones_sand_group_3.p3d.jpg	database/water/Streambed/misc/objects.json	dzobj_htz1shggq8	missing_file
Land_streambed_leaf_short_slanted_inv	images/water/streambed/land_streambed_leaf_short_slanted_inv.jpg	database/water/Streambed/objects.json	dzobj_kg96gknllu	missing_file
streambed_leaf_short_slanted_inv.p3d	images/water/streambed/land_streambed_leaf_short_slanted_inv.jpg	database/water/Streambed/objects.json	dzobj_kz28fdrzum	missing_file
river_24_12.p3d	images/water/streams/river_24_12.p3d.jpg	database/water/Streams/objects.json	dzobj_019tv1nlea	missing_file
river_24_24.p3d	images/water/streams/river_24_24.p3d.jpg	database/water/Streams/objects.json	dzobj_g5k2ogleac	missing_file
river_24_24_l10.p3d	images/water/streams/river_24_24_l10.p3d.jpg	database/water/Streams/objects.json	dzobj_cyxonbafs0	missing_file
river_24_24_l30.p3d	images/water/streams/river_24_24_l30.p3d.jpg	database/water/Streams/objects.json	dzobj_6tp38q6jci	missing_file
river_24_24_r10.p3d	images/water/streams/river_24_24_r10.p3d.jpg	database/water/Streams/objects.json	dzobj_f75he8wfem	missing_file
river_24_24_r30.p3d	images/water/streams/river_24_24_r30.p3d.jpg	database/water/Streams/objects.json	dzobj_wvue4d2wmq	missing_file
river_24_6.p3d	images/water/streams/river_24_6.p3d.jpg	database/water/Streams/objects.json	dzobj_yqn0b2fmd7	missing_file
stream_14_12.p3d	images/water/streams/stream_14_12.p3d.jpg	database/water/Streams/objects.json	dzobj_mu6vhbctxw	missing_file
stream_14_16_l45.p3d	images/water/streams/stream_14_16_l45.p3d.jpg	database/water/Streams/objects.json	dzobj_2e5cyt2b9q	missing_file
stream_14_16_l90.p3d	images/water/streams/stream_14_16_l90.p3d.jpg	database/water/Streams/objects.json	dzobj_ssly0ihq7b	missing_file
stream_14_16_r45.p3d	images/water/streams/stream_14_16_r45.p3d.jpg	database/water/Streams/objects.json	dzobj_pt17atsf21	missing_file
stream_14_16_r90.p3d	images/water/streams/stream_14_16_r90.p3d.jpg	database/water/Streams/objects.json	dzobj_sm7a2xxvsc	missing_file
stream_14_24.p3d	images/water/streams/stream_14_24.p3d.jpg	database/water/Streams/objects.json	dzobj_u2is62m67g	missing_file
stream_14_24_l10.p3d	images/water/streams/stream_14_24_l10.p3d.jpg	database/water/Streams/objects.json	dzobj_9uyduxvolj	missing_file
stream_14_24_l30.p3d	images/water/streams/stream_14_24_l30.p3d.jpg	database/water/Streams/objects.json	dzobj_cun1fqh3vj	missing_file
stream_14_24_l45.p3d	images/water/streams/stream_14_24_l45.p3d.jpg	database/water/Streams/objects.json	dzobj_3kj4k1dl31	missing_file
stream_14_24_r10.p3d	images/water/streams/stream_14_24_r10.p3d.jpg	database/water/Streams/objects.json	dzobj_xdb8u21fj6	missing_file
stream_14_24_r30.p3d	images/water/streams/stream_14_24_r30.p3d.jpg	database/water/Streams/objects.json	dzobj_xd06qoq2vx	missing_file
stream_14_24_r45.p3d	images/water/streams/stream_14_24_r45.p3d.jpg	database/water/Streams/objects.json	dzobj_ol08jcy9m5	missing_file
stream_14_6.p3d	images/water/streams/stream_14_6.p3d.jpg	database/water/Streams/objects.json	dzobj_x88zkj0ezo	missing_file
enoch_50x50.p3d	images/water_bliss/ponds/enoch_50x50.p3d.jpg	database/water_bliss/ponds/objects.json	dzobj_7yogu2tpwh	missing_file
enoch_50x50_clear.p3d	images/water_bliss/ponds/enoch_50x50_clear.p3d.jpg	database/water_bliss/ponds/objects.json	dzobj_0seswzkrq4	missing_file
enoch_50x50_moss.p3d	images/water_bliss/ponds/enoch_50x50_moss.p3d.jpg	database/water_bliss/ponds/objects.json	dzobj_7gwj3ge2vv	missing_file
enoch_grabinskie_0.p3d	images/water_bliss/ponds/enoch_grabinskie_0.p3d.jpg	database/water_bliss/ponds/objects.json	dzobj_taaxjhf5m2	missing_file
enoch_grabinskie_1.p3d	images/water_bliss/ponds/enoch_grabinskie_1.p3d.jpg	database/water_bliss/ponds/objects.json	dzobj_t1h95nca2z	missing_file
enoch_grabinskie_10.p3d	images/water_bliss/ponds/enoch_grabinskie_10.p3d.jpg	database/water_bliss/ponds/objects.json	dzobj_kftjgrqy1d	missing_file
enoch_grabinskie_11.p3d	images/water_bliss/ponds/enoch_grabinskie_11.p3d.jpg	database/water_bliss/ponds/objects.json	dzobj_d518w87xwd	missing_file
enoch_grabinskie_12.p3d	images/water_bliss/ponds/enoch_grabinskie_12.p3d.jpg	database/water_bliss/ponds/objects.json	dzobj_rjrmsaxux4	missing_file
enoch_grabinskie_13.p3d	images/water_bliss/ponds/enoch_grabinskie_13.p3d.jpg	database/water_bliss/ponds/objects.json	dzobj_7kmdwcdqes	missing_file
enoch_grabinskie_14.p3d	images/water_bliss/ponds/enoch_grabinskie_14.p3d.jpg	database/water_bliss/ponds/objects.json	dzobj_pth1avvkvw	missing_file
enoch_grabinskie_15.p3d	images/water_bliss/ponds/enoch_grabinskie_15.p3d.jpg	database/water_bliss/ponds/objects.json	dzobj_kl0dxkomy1	missing_file
enoch_grabinskie_16.p3d	images/water_bliss/ponds/enoch_grabinskie_16.p3d.jpg	database/water_bliss/ponds/objects.json	dzobj_teiyml8zfe	missing_file
enoch_grabinskie_17.p3d	images/water_bliss/ponds/enoch_grabinskie_17.p3d.jpg	database/water_bliss/ponds/objects.json	dzobj_10kzrtza44	missing_file
enoch_grabinskie_18.p3d	images/water_bliss/ponds/enoch_grabinskie_18.p3d.jpg	database/water_bliss/ponds/objects.json	dzobj_t9q5k489k5	missing_file
enoch_grabinskie_19.p3d	images/water_bliss/ponds/enoch_grabinskie_19.p3d.jpg	database/water_bliss/ponds/objects.json	dzobj_vodvy628p7	missing_file
enoch_grabinskie_2.p3d	images/water_bliss/ponds/enoch_grabinskie_2.p3d.jpg	database/water_bliss/ponds/objects.json	dzobj_4c7uc2ud11	missing_file
enoch_grabinskie_20.p3d	images/water_bliss/ponds/enoch_grabinskie_20.p3d.jpg	database/water_bliss/ponds/objects.json	dzobj_vva2l75vkq	missing_file
enoch_grabinskie_21.p3d	images/water_bliss/ponds/enoch_grabinskie_21.p3d.jpg	database/water_bliss/ponds/objects.json	dzobj_ioi4sci3uv	missing_file
enoch_grabinskie_22.p3d	images/water_bliss/ponds/enoch_grabinskie_22.p3d.jpg	database/water_bliss/ponds/objects.json	dzobj_ga77fqwmg4	missing_file
enoch_grabinskie_23.p3d	images/water_bliss/ponds/enoch_grabinskie_23.p3d.jpg	database/water_bliss/ponds/objects.json	dzobj_237n0izeq7	missing_file
enoch_grabinskie_24.p3d	images/water_bliss/ponds/enoch_grabinskie_24.p3d.jpg	database/water_bliss/ponds/objects.json	dzobj_kkv1876jht	missing_file
enoch_grabinskie_25.p3d	images/water_bliss/ponds/enoch_grabinskie_25.p3d.jpg	database/water_bliss/ponds/objects.json	dzobj_pkr2itlbe5	missing_file
enoch_grabinskie_26.p3d	images/water_bliss/ponds/enoch_grabinskie_26.p3d.jpg	database/water_bliss/ponds/objects.json	dzobj_dq1vz1tnxz	missing_file
enoch_grabinskie_27.p3d	images/water_bliss/ponds/enoch_grabinskie_27.p3d.jpg	database/water_bliss/ponds/objects.json	dzobj_a3j16ea95q	missing_file
enoch_grabinskie_28.p3d	images/water_bliss/ponds/enoch_grabinskie_28.p3d.jpg	database/water_bliss/ponds/objects.json	dzobj_1ff8nelni8	missing_file
enoch_grabinskie_29.p3d	images/water_bliss/ponds/enoch_grabinskie_29.p3d.jpg	database/water_bliss/ponds/objects.json	dzobj_tkpiev8wda	missing_file
enoch_grabinskie_3.p3d	images/water_bliss/ponds/enoch_grabinskie_3.p3d.jpg	database/water_bliss/ponds/objects.json	dzobj_096eakq3cf	missing_file
enoch_grabinskie_30.p3d	images/water_bliss/ponds/enoch_grabinskie_30.p3d.jpg	database/water_bliss/ponds/objects.json	dzobj_v12f32unkc	missing_file
enoch_grabinskie_31.p3d	images/water_bliss/ponds/enoch_grabinskie_31.p3d.jpg	database/water_bliss/ponds/objects.json	dzobj_yf679gvt2s	missing_file
enoch_grabinskie_32.p3d	images/water_bliss/ponds/enoch_grabinskie_32.p3d.jpg	database/water_bliss/ponds/objects.json	dzobj_8ziojo8gp1	missing_file
enoch_grabinskie_33.p3d	images/water_bliss/ponds/enoch_grabinskie_33.p3d.jpg	database/water_bliss/ponds/objects.json	dzobj_7kbw96aylh	missing_file
enoch_grabinskie_34.p3d	images/water_bliss/ponds/enoch_grabinskie_34.p3d.jpg	database/water_bliss/ponds/objects.json	dzobj_ktpg68t6uz	missing_file
enoch_grabinskie_35.p3d	images/water_bliss/ponds/enoch_grabinskie_35.p3d.jpg	database/water_bliss/ponds/objects.json	dzobj_cl7fysq30y	missing_file
enoch_grabinskie_36.p3d	images/water_bliss/ponds/enoch_grabinskie_36.p3d.jpg	database/water_bliss/ponds/objects.json	dzobj_4pnlitc31l	missing_file
enoch_grabinskie_37.p3d	images/water_bliss/ponds/enoch_grabinskie_37.p3d.jpg	database/water_bliss/ponds/objects.json	dzobj_el0974d6js	missing_file
enoch_grabinskie_38.p3d	images/water_bliss/ponds/enoch_grabinskie_38.p3d.jpg	database/water_bliss/ponds/objects.json	dzobj_0f22i159io	missing_file
enoch_grabinskie_39.p3d	images/water_bliss/ponds/enoch_grabinskie_39.p3d.jpg	database/water_bliss/ponds/objects.json	dzobj_0d04f61hw2	missing_file
enoch_grabinskie_4.p3d	images/water_bliss/ponds/enoch_grabinskie_4.p3d.jpg	database/water_bliss/ponds/objects.json	dzobj_nq4ndw281b	missing_file
enoch_grabinskie_40.p3d	images/water_bliss/ponds/enoch_grabinskie_40.p3d.jpg	database/water_bliss/ponds/objects.json	dzobj_4wu9c3hshf	missing_file
enoch_grabinskie_41.p3d	images/water_bliss/ponds/enoch_grabinskie_41.p3d.jpg	database/water_bliss/ponds/objects.json	dzobj_hk32z37uc2	missing_file
enoch_grabinskie_42.p3d	images/water_bliss/ponds/enoch_grabinskie_42.p3d.jpg	database/water_bliss/ponds/objects.json	dzobj_zo2lwupz3j	missing_file
enoch_grabinskie_43.p3d	images/water_bliss/ponds/enoch_grabinskie_43.p3d.jpg	database/water_bliss/ponds/objects.json	dzobj_yg6ta93npq	missing_file
enoch_grabinskie_44.p3d	images/water_bliss/ponds/enoch_grabinskie_44.p3d.jpg	database/water_bliss/ponds/objects.json	dzobj_lq7lyqwae4	missing_file
enoch_grabinskie_45.p3d	images/water_bliss/ponds/enoch_grabinskie_45.p3d.jpg	database/water_bliss/ponds/objects.json	dzobj_d39j7vn67x	missing_file
enoch_grabinskie_46.p3d	images/water_bliss/ponds/enoch_grabinskie_46.p3d.jpg	database/water_bliss/ponds/objects.json	dzobj_qaweeqz559	missing_file
enoch_grabinskie_47.p3d	images/water_bliss/ponds/enoch_grabinskie_47.p3d.jpg	database/water_bliss/ponds/objects.json	dzobj_qbtfwhqylr	missing_file
enoch_grabinskie_48.p3d	images/water_bliss/ponds/enoch_grabinskie_48.p3d.jpg	database/water_bliss/ponds/objects.json	dzobj_see8hg2b7k	missing_file
enoch_grabinskie_49.p3d	images/water_bliss/ponds/enoch_grabinskie_49.p3d.jpg	database/water_bliss/ponds/objects.json	dzobj_mmc1cz14ww	missing_file
enoch_grabinskie_5.p3d	images/water_bliss/ponds/enoch_grabinskie_5.p3d.jpg	database/water_bliss/ponds/objects.json	dzobj_5lvg9zg3t4	missing_file
enoch_grabinskie_6.p3d	images/water_bliss/ponds/enoch_grabinskie_6.p3d.jpg	database/water_bliss/ponds/objects.json	dzobj_zufya3mkva	missing_file
enoch_grabinskie_7.p3d	images/water_bliss/ponds/enoch_grabinskie_7.p3d.jpg	database/water_bliss/ponds/objects.json	dzobj_ydn9ryds9a	missing_file
enoch_grabinskie_8.p3d	images/water_bliss/ponds/enoch_grabinskie_8.p3d.jpg	database/water_bliss/ponds/objects.json	dzobj_46n9go6v50	missing_file
enoch_grabinskie_9.p3d	images/water_bliss/ponds/enoch_grabinskie_9.p3d.jpg	database/water_bliss/ponds/objects.json	dzobj_q5sokg1zbf	missing_file
enoch_jantar_0.p3d	images/water_bliss/ponds/enoch_jantar_0.p3d.jpg	database/water_bliss/ponds/objects.json	dzobj_5m3a5iqzxl	missing_file
enoch_jantar_1.p3d	images/water_bliss/ponds/enoch_jantar_1.p3d.jpg	database/water_bliss/ponds/objects.json	dzobj_0qf0j2rzzj	missing_file
enoch_jantar_10.p3d	images/water_bliss/ponds/enoch_jantar_10.p3d.jpg	database/water_bliss/ponds/objects.json	dzobj_eo2t77aywp	missing_file
enoch_jantar_11.p3d	images/water_bliss/ponds/enoch_jantar_11.p3d.jpg	database/water_bliss/ponds/objects.json	dzobj_0io66zzazb	missing_file
enoch_jantar_12.p3d	images/water_bliss/ponds/enoch_jantar_12.p3d.jpg	database/water_bliss/ponds/objects.json	dzobj_svwmqsgxa7	missing_file
enoch_jantar_13.p3d	images/water_bliss/ponds/enoch_jantar_13.p3d.jpg	database/water_bliss/ponds/objects.json	dzobj_5zaai39b5o	missing_file
enoch_jantar_14.p3d	images/water_bliss/ponds/enoch_jantar_14.p3d.jpg	database/water_bliss/ponds/objects.json	dzobj_ee7vett9m8	missing_file
enoch_jantar_15.p3d	images/water_bliss/ponds/enoch_jantar_15.p3d.jpg	database/water_bliss/ponds/objects.json	dzobj_9amif05j12	missing_file
enoch_jantar_16.p3d	images/water_bliss/ponds/enoch_jantar_16.p3d.jpg	database/water_bliss/ponds/objects.json	dzobj_uvkmidfy3f	missing_file
enoch_jantar_17.p3d	images/water_bliss/ponds/enoch_jantar_17.p3d.jpg	database/water_bliss/ponds/objects.json	dzobj_8aomit0mik	missing_file
enoch_jantar_18.p3d	images/water_bliss/ponds/enoch_jantar_18.p3d.jpg	database/water_bliss/ponds/objects.json	dzobj_ffmosb77ne	missing_file
enoch_jantar_19.p3d	images/water_bliss/ponds/enoch_jantar_19.p3d.jpg	database/water_bliss/ponds/objects.json	dzobj_8uvxzfr74m	missing_file
enoch_jantar_2.p3d	images/water_bliss/ponds/enoch_jantar_2.p3d.jpg	database/water_bliss/ponds/objects.json	dzobj_9zwjn9bnra	missing_file
enoch_jantar_20.p3d	images/water_bliss/ponds/enoch_jantar_20.p3d.jpg	database/water_bliss/ponds/objects.json	dzobj_gn43y9kjtp	missing_file
enoch_jantar_21.p3d	images/water_bliss/ponds/enoch_jantar_21.p3d.jpg	database/water_bliss/ponds/objects.json	dzobj_wnftjjsn7b	missing_file
enoch_jantar_22.p3d	images/water_bliss/ponds/enoch_jantar_22.p3d.jpg	database/water_bliss/ponds/objects.json	dzobj_q0d9bjtw7w	missing_file
enoch_jantar_3.p3d	images/water_bliss/ponds/enoch_jantar_3.p3d.jpg	database/water_bliss/ponds/objects.json	dzobj_n8m0wcx623	missing_file
enoch_jantar_4.p3d	images/water_bliss/ponds/enoch_jantar_4.p3d.jpg	database/water_bliss/ponds/objects.json	dzobj_xa4eabzxw8	missing_file
enoch_jantar_5.p3d	images/water_bliss/ponds/enoch_jantar_5.p3d.jpg	database/water_bliss/ponds/objects.json	dzobj_r5d5m24jyt	missing_file
enoch_jantar_6.p3d	images/water_bliss/ponds/enoch_jantar_6.p3d.jpg	database/water_bliss/ponds/objects.json	dzobj_f5s9cq8b4r	missing_file
enoch_jantar_7.p3d	images/water_bliss/ponds/enoch_jantar_7.p3d.jpg	database/water_bliss/ponds/objects.json	dzobj_ji7175hxep	missing_file
enoch_jantar_8.p3d	images/water_bliss/ponds/enoch_jantar_8.p3d.jpg	database/water_bliss/ponds/objects.json	dzobj_szsym5ojmx	missing_file
enoch_jantar_9.p3d	images/water_bliss/ponds/enoch_jantar_9.p3d.jpg	database/water_bliss/ponds/objects.json	dzobj_xa1vc03b3c	missing_file
enoch_male_0.p3d	images/water_bliss/ponds/enoch_male_0.p3d.jpg	database/water_bliss/ponds/objects.json	dzobj_2w95p2dcej	missing_file
enoch_male_1.p3d	images/water_bliss/ponds/enoch_male_1.p3d.jpg	database/water_bliss/ponds/objects.json	dzobj_mjqsr2244t	missing_file
enoch_male_2.p3d	images/water_bliss/ponds/enoch_male_2.p3d.jpg	database/water_bliss/ponds/objects.json	dzobj_qzfduzc1bk	missing_file
enoch_male_3.p3d	images/water_bliss/ponds/enoch_male_3.p3d.jpg	database/water_bliss/ponds/objects.json	dzobj_t7l86zbzq0	missing_file
enoch_sitnicke_0.p3d	images/water_bliss/ponds/enoch_sitnicke_0.p3d.jpg	database/water_bliss/ponds/objects.json	dzobj_ojrfoof3ir	missing_file
enoch_sitnicke_1.p3d	images/water_bliss/ponds/enoch_sitnicke_1.p3d.jpg	database/water_bliss/ponds/objects.json	dzobj_34wfc4ywrz	missing_file
enoch_sitnicke_10.p3d	images/water_bliss/ponds/enoch_sitnicke_10.p3d.jpg	database/water_bliss/ponds/objects.json	dzobj_ji6tkn8y4e	missing_file
enoch_sitnicke_11.p3d	images/water_bliss/ponds/enoch_sitnicke_11.p3d.jpg	database/water_bliss/ponds/objects.json	dzobj_hjbcqr1ad6	missing_file
enoch_sitnicke_12.p3d	images/water_bliss/ponds/enoch_sitnicke_12.p3d.jpg	database/water_bliss/ponds/objects.json	dzobj_zi014o6hhr	missing_file
enoch_sitnicke_13.p3d	images/water_bliss/ponds/enoch_sitnicke_13.p3d.jpg	database/water_bliss/ponds/objects.json	dzobj_0x1y9tvb7f	missing_file
enoch_sitnicke_14.p3d	images/water_bliss/ponds/enoch_sitnicke_14.p3d.jpg	database/water_bliss/ponds/objects.json	dzobj_dee8rxq736	missing_file
enoch_sitnicke_15.p3d	images/water_bliss/ponds/enoch_sitnicke_15.p3d.jpg	database/water_bliss/ponds/objects.json	dzobj_ugqldoci7z	missing_file
enoch_sitnicke_16.p3d	images/water_bliss/ponds/enoch_sitnicke_16.p3d.jpg	database/water_bliss/ponds/objects.json	dzobj_bpn77oi8vx	missing_file
enoch_sitnicke_17.p3d	images/water_bliss/ponds/enoch_sitnicke_17.p3d.jpg	database/water_bliss/ponds/objects.json	dzobj_9sz2p3y812	missing_file
enoch_sitnicke_18.p3d	images/water_bliss/ponds/enoch_sitnicke_18.p3d.jpg	database/water_bliss/ponds/objects.json	dzobj_f55mupl0hm	missing_file
enoch_sitnicke_19.p3d	images/water_bliss/ponds/enoch_sitnicke_19.p3d.jpg	database/water_bliss/ponds/objects.json	dzobj_03f4qfjcxu	missing_file
enoch_sitnicke_2.p3d	images/water_bliss/ponds/enoch_sitnicke_2.p3d.jpg	database/water_bliss/ponds/objects.json	dzobj_3usphn36xs	missing_file
enoch_sitnicke_20.p3d	images/water_bliss/ponds/enoch_sitnicke_20.p3d.jpg	database/water_bliss/ponds/objects.json	dzobj_ypy3gcvupl	missing_file
enoch_sitnicke_21.p3d	images/water_bliss/ponds/enoch_sitnicke_21.p3d.jpg	database/water_bliss/ponds/objects.json	dzobj_p5o49hg1ct	missing_file
enoch_sitnicke_22.p3d	images/water_bliss/ponds/enoch_sitnicke_22.p3d.jpg	database/water_bliss/ponds/objects.json	dzobj_k2b54mjdn5	missing_file
enoch_sitnicke_23.p3d	images/water_bliss/ponds/enoch_sitnicke_23.p3d.jpg	database/water_bliss/ponds/objects.json	dzobj_ajjdr8odl0	missing_file
enoch_sitnicke_24.p3d	images/water_bliss/ponds/enoch_sitnicke_24.p3d.jpg	database/water_bliss/ponds/objects.json	dzobj_42aw5n0x2j	missing_file
enoch_sitnicke_25.p3d	images/water_bliss/ponds/enoch_sitnicke_25.p3d.jpg	database/water_bliss/ponds/objects.json	dzobj_crosj3e7gf	missing_file
enoch_sitnicke_26.p3d	images/water_bliss/ponds/enoch_sitnicke_26.p3d.jpg	database/water_bliss/ponds/objects.json	dzobj_batap63vme	missing_file
enoch_sitnicke_27.p3d	images/water_bliss/ponds/enoch_sitnicke_27.p3d.jpg	database/water_bliss/ponds/objects.json	dzobj_hzgo8lw9ms	missing_file
enoch_sitnicke_28.p3d	images/water_bliss/ponds/enoch_sitnicke_28.p3d.jpg	database/water_bliss/ponds/objects.json	dzobj_69iynmlnmv	missing_file
enoch_sitnicke_29.p3d	images/water_bliss/ponds/enoch_sitnicke_29.p3d.jpg	database/water_bliss/ponds/objects.json	dzobj_ixsxql8bbx	missing_file
enoch_sitnicke_3.p3d	images/water_bliss/ponds/enoch_sitnicke_3.p3d.jpg	database/water_bliss/ponds/objects.json	dzobj_xvyvec8728	missing_file
enoch_sitnicke_30.p3d	images/water_bliss/ponds/enoch_sitnicke_30.p3d.jpg	database/water_bliss/ponds/objects.json	dzobj_5svh8gamxh	missing_file
enoch_sitnicke_31.p3d	images/water_bliss/ponds/enoch_sitnicke_31.p3d.jpg	database/water_bliss/ponds/objects.json	dzobj_m4y85qnsb2	missing_file
enoch_sitnicke_32.p3d	images/water_bliss/ponds/enoch_sitnicke_32.p3d.jpg	database/water_bliss/ponds/objects.json	dzobj_kue0ghjg5f	missing_file
enoch_sitnicke_33.p3d	images/water_bliss/ponds/enoch_sitnicke_33.p3d.jpg	database/water_bliss/ponds/objects.json	dzobj_pkkpyo4k15	missing_file
enoch_sitnicke_34.p3d	images/water_bliss/ponds/enoch_sitnicke_34.p3d.jpg	database/water_bliss/ponds/objects.json	dzobj_b3kl0tdpgn	missing_file
enoch_sitnicke_35.p3d	images/water_bliss/ponds/enoch_sitnicke_35.p3d.jpg	database/water_bliss/ponds/objects.json	dzobj_ns0icqf3ig	missing_file
enoch_sitnicke_36.p3d	images/water_bliss/ponds/enoch_sitnicke_36.p3d.jpg	database/water_bliss/ponds/objects.json	dzobj_hvw3b2is6v	missing_file
enoch_sitnicke_37.p3d	images/water_bliss/ponds/enoch_sitnicke_37.p3d.jpg	database/water_bliss/ponds/objects.json	dzobj_csqw1li0gd	missing_file
enoch_sitnicke_38.p3d	images/water_bliss/ponds/enoch_sitnicke_38.p3d.jpg	database/water_bliss/ponds/objects.json	dzobj_u8ol3uvui6	missing_file
enoch_sitnicke_39.p3d	images/water_bliss/ponds/enoch_sitnicke_39.p3d.jpg	database/water_bliss/ponds/objects.json	dzobj_makraje8vu	missing_file
enoch_sitnicke_4.p3d	images/water_bliss/ponds/enoch_sitnicke_4.p3d.jpg	database/water_bliss/ponds/objects.json	dzobj_nl0nj7d6e0	missing_file
enoch_sitnicke_40.p3d	images/water_bliss/ponds/enoch_sitnicke_40.p3d.jpg	database/water_bliss/ponds/objects.json	dzobj_6jdfhy8plp	missing_file
enoch_sitnicke_41.p3d	images/water_bliss/ponds/enoch_sitnicke_41.p3d.jpg	database/water_bliss/ponds/objects.json	dzobj_4vsdt1d0ac	missing_file
enoch_sitnicke_42.p3d	images/water_bliss/ponds/enoch_sitnicke_42.p3d.jpg	database/water_bliss/ponds/objects.json	dzobj_u19t186ue2	missing_file
enoch_sitnicke_43.p3d	images/water_bliss/ponds/enoch_sitnicke_43.p3d.jpg	database/water_bliss/ponds/objects.json	dzobj_8l3tuasr5g	missing_file
enoch_sitnicke_44.p3d	images/water_bliss/ponds/enoch_sitnicke_44.p3d.jpg	database/water_bliss/ponds/objects.json	dzobj_rimts6uajk	missing_file
enoch_sitnicke_45.p3d	images/water_bliss/ponds/enoch_sitnicke_45.p3d.jpg	database/water_bliss/ponds/objects.json	dzobj_o3xk8t7wq8	missing_file
enoch_sitnicke_46.p3d	images/water_bliss/ponds/enoch_sitnicke_46.p3d.jpg	database/water_bliss/ponds/objects.json	dzobj_33lok8sqkv	missing_file
enoch_sitnicke_47.p3d	images/water_bliss/ponds/enoch_sitnicke_47.p3d.jpg	database/water_bliss/ponds/objects.json	dzobj_ycblxnjnda	missing_file
enoch_sitnicke_48.p3d	images/water_bliss/ponds/enoch_sitnicke_48.p3d.jpg	database/water_bliss/ponds/objects.json	dzobj_kjs4wlvzdo	missing_file
enoch_sitnicke_49.p3d	images/water_bliss/ponds/enoch_sitnicke_49.p3d.jpg	database/water_bliss/ponds/objects.json	dzobj_5sle8h83fp	missing_file
enoch_sitnicke_5.p3d	images/water_bliss/ponds/enoch_sitnicke_5.p3d.jpg	database/water_bliss/ponds/objects.json	dzobj_nrl209r9dd	missing_file
enoch_sitnicke_50.p3d	images/water_bliss/ponds/enoch_sitnicke_50.p3d.jpg	database/water_bliss/ponds/objects.json	dzobj_yjjk4r5ww7	missing_file
enoch_sitnicke_51.p3d	images/water_bliss/ponds/enoch_sitnicke_51.p3d.jpg	database/water_bliss/ponds/objects.json	dzobj_ue320thijn	missing_file
enoch_sitnicke_52.p3d	images/water_bliss/ponds/enoch_sitnicke_52.p3d.jpg	database/water_bliss/ponds/objects.json	dzobj_2oejg9b08k	missing_file
enoch_sitnicke_53.p3d	images/water_bliss/ponds/enoch_sitnicke_53.p3d.jpg	database/water_bliss/ponds/objects.json	dzobj_x6xkxwi5e6	missing_file
enoch_sitnicke_54.p3d	images/water_bliss/ponds/enoch_sitnicke_54.p3d.jpg	database/water_bliss/ponds/objects.json	dzobj_mxh3sg9al8	missing_file
enoch_sitnicke_55.p3d	images/water_bliss/ponds/enoch_sitnicke_55.p3d.jpg	database/water_bliss/ponds/objects.json	dzobj_kxj9i7jj0y	missing_file
enoch_sitnicke_56.p3d	images/water_bliss/ponds/enoch_sitnicke_56.p3d.jpg	database/water_bliss/ponds/objects.json	dzobj_grbgu1shya	missing_file
enoch_sitnicke_57.p3d	images/water_bliss/ponds/enoch_sitnicke_57.p3d.jpg	database/water_bliss/ponds/objects.json	dzobj_yj11rkkmnt	missing_file
enoch_sitnicke_58.p3d	images/water_bliss/ponds/enoch_sitnicke_58.p3d.jpg	database/water_bliss/ponds/objects.json	dzobj_znctuzk5xq	missing_file
enoch_sitnicke_59.p3d	images/water_bliss/ponds/enoch_sitnicke_59.p3d.jpg	database/water_bliss/ponds/objects.json	dzobj_zn0bb9j2os	missing_file
enoch_sitnicke_6.p3d	images/water_bliss/ponds/enoch_sitnicke_6.p3d.jpg	database/water_bliss/ponds/objects.json	dzobj_k9uhiw3fcl	missing_file
enoch_sitnicke_60.p3d	images/water_bliss/ponds/enoch_sitnicke_60.p3d.jpg	database/water_bliss/ponds/objects.json	dzobj_wb800ze9vw	missing_file
enoch_sitnicke_61.p3d	images/water_bliss/ponds/enoch_sitnicke_61.p3d.jpg	database/water_bliss/ponds/objects.json	dzobj_n56zpawxfg	missing_file
enoch_sitnicke_62.p3d	images/water_bliss/ponds/enoch_sitnicke_62.p3d.jpg	database/water_bliss/ponds/objects.json	dzobj_5wlvnoqkkd	missing_file
enoch_sitnicke_7.p3d	images/water_bliss/ponds/enoch_sitnicke_7.p3d.jpg	database/water_bliss/ponds/objects.json	dzobj_xju0rvvpab	missing_file
enoch_sitnicke_8.p3d	images/water_bliss/ponds/enoch_sitnicke_8.p3d.jpg	database/water_bliss/ponds/objects.json	dzobj_woqzq52nme	missing_file
enoch_sitnicke_9.p3d	images/water_bliss/ponds/enoch_sitnicke_9.p3d.jpg	database/water_bliss/ponds/objects.json	dzobj_he3ob93ogv	missing_file
enoch_wolisko_1.p3d	images/water_bliss/ponds/enoch_wolisko_1.p3d.jpg	database/water_bliss/ponds/objects.json	dzobj_55hgvhx5bb	missing_file
enoch_wolisko_10.p3d	images/water_bliss/ponds/enoch_wolisko_10.p3d.jpg	database/water_bliss/ponds/objects.json	dzobj_xbp3cpe6ke	missing_file
enoch_wolisko_11.p3d	images/water_bliss/ponds/enoch_wolisko_11.p3d.jpg	database/water_bliss/ponds/objects.json	dzobj_pxe0rwwmi5	missing_file
enoch_wolisko_12.p3d	images/water_bliss/ponds/enoch_wolisko_12.p3d.jpg	database/water_bliss/ponds/objects.json	dzobj_ly737k83n8	missing_file
enoch_wolisko_13.p3d	images/water_bliss/ponds/enoch_wolisko_13.p3d.jpg	database/water_bliss/ponds/objects.json	dzobj_vqvlggiwpy	missing_file
enoch_wolisko_14.p3d	images/water_bliss/ponds/enoch_wolisko_14.p3d.jpg	database/water_bliss/ponds/objects.json	dzobj_8msd4n6qbc	missing_file
enoch_wolisko_15.p3d	images/water_bliss/ponds/enoch_wolisko_15.p3d.jpg	database/water_bliss/ponds/objects.json	dzobj_ajaunletn3	missing_file
enoch_wolisko_16.p3d	images/water_bliss/ponds/enoch_wolisko_16.p3d.jpg	database/water_bliss/ponds/objects.json	dzobj_s20046qr5h	missing_file
enoch_wolisko_17.p3d	images/water_bliss/ponds/enoch_wolisko_17.p3d.jpg	database/water_bliss/ponds/objects.json	dzobj_4nqzv289hz	missing_file
enoch_wolisko_18.p3d	images/water_bliss/ponds/enoch_wolisko_18.p3d.jpg	database/water_bliss/ponds/objects.json	dzobj_ip0n0464xx	missing_file
enoch_wolisko_19.p3d	images/water_bliss/ponds/enoch_wolisko_19.p3d.jpg	database/water_bliss/ponds/objects.json	dzobj_lnp8kjs6bv	missing_file
enoch_wolisko_2.p3d	images/water_bliss/ponds/enoch_wolisko_2.p3d.jpg	database/water_bliss/ponds/objects.json	dzobj_rup5u2btln	missing_file
enoch_wolisko_20.p3d	images/water_bliss/ponds/enoch_wolisko_20.p3d.jpg	database/water_bliss/ponds/objects.json	dzobj_dir7qnpi47	missing_file
enoch_wolisko_21.p3d	images/water_bliss/ponds/enoch_wolisko_21.p3d.jpg	database/water_bliss/ponds/objects.json	dzobj_a9x1ftsxhb	missing_file
enoch_wolisko_22.p3d	images/water_bliss/ponds/enoch_wolisko_22.p3d.jpg	database/water_bliss/ponds/objects.json	dzobj_0i51lq2ccp	missing_file
enoch_wolisko_23.p3d	images/water_bliss/ponds/enoch_wolisko_23.p3d.jpg	database/water_bliss/ponds/objects.json	dzobj_e4negsumw7	missing_file
enoch_wolisko_24.p3d	images/water_bliss/ponds/enoch_wolisko_24.p3d.jpg	database/water_bliss/ponds/objects.json	dzobj_9whhbury5g	missing_file
enoch_wolisko_25.p3d	images/water_bliss/ponds/enoch_wolisko_25.p3d.jpg	database/water_bliss/ponds/objects.json	dzobj_iyqv4vq6n2	missing_file
enoch_wolisko_26.p3d	images/water_bliss/ponds/enoch_wolisko_26.p3d.jpg	database/water_bliss/ponds/objects.json	dzobj_5gnxr6fxxx	missing_file
enoch_wolisko_27.p3d	images/water_bliss/ponds/enoch_wolisko_27.p3d.jpg	database/water_bliss/ponds/objects.json	dzobj_m1zd9quf5o	missing_file
enoch_wolisko_28.p3d	images/water_bliss/ponds/enoch_wolisko_28.p3d.jpg	database/water_bliss/ponds/objects.json	dzobj_bwcj37274s	missing_file
enoch_wolisko_29.p3d	images/water_bliss/ponds/enoch_wolisko_29.p3d.jpg	database/water_bliss/ponds/objects.json	dzobj_vwkzlrke31	missing_file
enoch_wolisko_3.p3d	images/water_bliss/ponds/enoch_wolisko_3.p3d.jpg	database/water_bliss/ponds/objects.json	dzobj_x7xivbaah8	missing_file
enoch_wolisko_30.p3d	images/water_bliss/ponds/enoch_wolisko_30.p3d.jpg	database/water_bliss/ponds/objects.json	dzobj_lxxubhtg0s	missing_file
enoch_wolisko_31.p3d	images/water_bliss/ponds/enoch_wolisko_31.p3d.jpg	database/water_bliss/ponds/objects.json	dzobj_o2qv8yq9so	missing_file
enoch_wolisko_32.p3d	images/water_bliss/ponds/enoch_wolisko_32.p3d.jpg	database/water_bliss/ponds/objects.json	dzobj_npazvbmhxh	missing_file
enoch_wolisko_33.p3d	images/water_bliss/ponds/enoch_wolisko_33.p3d.jpg	database/water_bliss/ponds/objects.json	dzobj_q3xxaptumt	missing_file
enoch_wolisko_34.p3d	images/water_bliss/ponds/enoch_wolisko_34.p3d.jpg	database/water_bliss/ponds/objects.json	dzobj_hs25fr3uu3	missing_file
enoch_wolisko_35.p3d	images/water_bliss/ponds/enoch_wolisko_35.p3d.jpg	database/water_bliss/ponds/objects.json	dzobj_l483brjdqd	missing_file
enoch_wolisko_36.p3d	images/water_bliss/ponds/enoch_wolisko_36.p3d.jpg	database/water_bliss/ponds/objects.json	dzobj_nfzo0jfexg	missing_file
enoch_wolisko_38.p3d	images/water_bliss/ponds/enoch_wolisko_38.p3d.jpg	database/water_bliss/ponds/objects.json	dzobj_1ibw1e0dbx	missing_file
enoch_wolisko_39.p3d	images/water_bliss/ponds/enoch_wolisko_39.p3d.jpg	database/water_bliss/ponds/objects.json	dzobj_hjupyid3ox	missing_file
enoch_wolisko_4.p3d	images/water_bliss/ponds/enoch_wolisko_4.p3d.jpg	database/water_bliss/ponds/objects.json	dzobj_bqnymp3rhk	missing_file
enoch_wolisko_40.p3d	images/water_bliss/ponds/enoch_wolisko_40.p3d.jpg	database/water_bliss/ponds/objects.json	dzobj_k39e0uskur	missing_file
enoch_wolisko_41.p3d	images/water_bliss/ponds/enoch_wolisko_41.p3d.jpg	database/water_bliss/ponds/objects.json	dzobj_nfmrd4whfy	missing_file
enoch_wolisko_42.p3d	images/water_bliss/ponds/enoch_wolisko_42.p3d.jpg	database/water_bliss/ponds/objects.json	dzobj_qy555eeits	missing_file
enoch_wolisko_43.p3d	images/water_bliss/ponds/enoch_wolisko_43.p3d.jpg	database/water_bliss/ponds/objects.json	dzobj_6vhtlhbju3	missing_file
enoch_wolisko_5.p3d	images/water_bliss/ponds/enoch_wolisko_5.p3d.jpg	database/water_bliss/ponds/objects.json	dzobj_ec0algl3gq	missing_file
enoch_wolisko_6.p3d	images/water_bliss/ponds/enoch_wolisko_6.p3d.jpg	database/water_bliss/ponds/objects.json	dzobj_ewon96eqmd	missing_file
enoch_wolisko_7.p3d	images/water_bliss/ponds/enoch_wolisko_7.p3d.jpg	database/water_bliss/ponds/objects.json	dzobj_7bpyww136e	missing_file
enoch_wolisko_8.p3d	images/water_bliss/ponds/enoch_wolisko_8.p3d.jpg	database/water_bliss/ponds/objects.json	dzobj_v9qe0xykjm	missing_file
enoch_wolisko_9.p3d	images/water_bliss/ponds/enoch_wolisko_9.p3d.jpg	database/water_bliss/ponds/objects.json	dzobj_sul7kctxox	missing_file
enoch_river_0.p3d	images/water_bliss/river/enoch_river_0.p3d.jpg	database/water_bliss/river/objects.json	dzobj_bs8shijik3	missing_file
enoch_river_1.p3d	images/water_bliss/river/enoch_river_1.p3d.jpg	database/water_bliss/river/objects.json	dzobj_mk3dd11oc6	missing_file
enoch_river_10.p3d	images/water_bliss/river/enoch_river_10.p3d.jpg	database/water_bliss/river/objects.json	dzobj_4vwget6pli	missing_file
enoch_river_100.p3d	images/water_bliss/river/enoch_river_100.p3d.jpg	database/water_bliss/river/objects.json	dzobj_08fnc2kmg1	missing_file
enoch_river_101.p3d	images/water_bliss/river/enoch_river_101.p3d.jpg	database/water_bliss/river/objects.json	dzobj_bf4hjj8ryl	missing_file
enoch_river_102.p3d	images/water_bliss/river/enoch_river_102.p3d.jpg	database/water_bliss/river/objects.json	dzobj_lbk4eio80o	missing_file
enoch_river_103.p3d	images/water_bliss/river/enoch_river_103.p3d.jpg	database/water_bliss/river/objects.json	dzobj_dvbw6w4k0m	missing_file
enoch_river_104.p3d	images/water_bliss/river/enoch_river_104.p3d.jpg	database/water_bliss/river/objects.json	dzobj_9oiy1ws1hx	missing_file
enoch_river_105.p3d	images/water_bliss/river/enoch_river_105.p3d.jpg	database/water_bliss/river/objects.json	dzobj_bt5331q2nq	missing_file
enoch_river_106.p3d	images/water_bliss/river/enoch_river_106.p3d.jpg	database/water_bliss/river/objects.json	dzobj_gqpuonu7xy	missing_file
enoch_river_107.p3d	images/water_bliss/river/enoch_river_107.p3d.jpg	database/water_bliss/river/objects.json	dzobj_8jx0oq4n1o	missing_file
enoch_river_108.p3d	images/water_bliss/river/enoch_river_108.p3d.jpg	database/water_bliss/river/objects.json	dzobj_k01kervtpz	missing_file
enoch_river_109.p3d	images/water_bliss/river/enoch_river_109.p3d.jpg	database/water_bliss/river/objects.json	dzobj_k6lf1727qz	missing_file
enoch_river_11.p3d	images/water_bliss/river/enoch_river_11.p3d.jpg	database/water_bliss/river/objects.json	dzobj_8cejcjmir2	missing_file
enoch_river_110.p3d	images/water_bliss/river/enoch_river_110.p3d.jpg	database/water_bliss/river/objects.json	dzobj_uhte38pfjv	missing_file
enoch_river_111.p3d	images/water_bliss/river/enoch_river_111.p3d.jpg	database/water_bliss/river/objects.json	dzobj_9ad22j88el	missing_file
enoch_river_112.p3d	images/water_bliss/river/enoch_river_112.p3d.jpg	database/water_bliss/river/objects.json	dzobj_dr4pbi1saf	missing_file
enoch_river_113.p3d	images/water_bliss/river/enoch_river_113.p3d.jpg	database/water_bliss/river/objects.json	dzobj_k8hbc7di83	missing_file
enoch_river_114.p3d	images/water_bliss/river/enoch_river_114.p3d.jpg	database/water_bliss/river/objects.json	dzobj_95otc6s1kn	missing_file
enoch_river_115.p3d	images/water_bliss/river/enoch_river_115.p3d.jpg	database/water_bliss/river/objects.json	dzobj_ahc3kewlxe	missing_file
enoch_river_116.p3d	images/water_bliss/river/enoch_river_116.p3d.jpg	database/water_bliss/river/objects.json	dzobj_xt3jfwsil2	missing_file
enoch_river_117.p3d	images/water_bliss/river/enoch_river_117.p3d.jpg	database/water_bliss/river/objects.json	dzobj_tbrmhds1sk	missing_file
enoch_river_118.p3d	images/water_bliss/river/enoch_river_118.p3d.jpg	database/water_bliss/river/objects.json	dzobj_96hw7t7sai	missing_file
enoch_river_119.p3d	images/water_bliss/river/enoch_river_119.p3d.jpg	database/water_bliss/river/objects.json	dzobj_jhi79v3f5f	missing_file
enoch_river_12.p3d	images/water_bliss/river/enoch_river_12.p3d.jpg	database/water_bliss/river/objects.json	dzobj_3fehgq601s	missing_file
enoch_river_120.p3d	images/water_bliss/river/enoch_river_120.p3d.jpg	database/water_bliss/river/objects.json	dzobj_r62qvi3cz3	missing_file
enoch_river_121.p3d	images/water_bliss/river/enoch_river_121.p3d.jpg	database/water_bliss/river/objects.json	dzobj_by50f1658v	missing_file
enoch_river_122.p3d	images/water_bliss/river/enoch_river_122.p3d.jpg	database/water_bliss/river/objects.json	dzobj_ut3s2ww3w7	missing_file
enoch_river_123.p3d	images/water_bliss/river/enoch_river_123.p3d.jpg	database/water_bliss/river/objects.json	dzobj_qdd59vipak	missing_file
enoch_river_124.p3d	images/water_bliss/river/enoch_river_124.p3d.jpg	database/water_bliss/river/objects.json	dzobj_7ksfa82vv7	missing_file
enoch_river_125.p3d	images/water_bliss/river/enoch_river_125.p3d.jpg	database/water_bliss/river/objects.json	dzobj_fjyj0c7wzi	missing_file
enoch_river_126.p3d	images/water_bliss/river/enoch_river_126.p3d.jpg	database/water_bliss/river/objects.json	dzobj_oja5320s6b	missing_file
enoch_river_127.p3d	images/water_bliss/river/enoch_river_127.p3d.jpg	database/water_bliss/river/objects.json	dzobj_m7thcyphua	missing_file
enoch_river_128.p3d	images/water_bliss/river/enoch_river_128.p3d.jpg	database/water_bliss/river/objects.json	dzobj_hiazvrjsp8	missing_file
enoch_river_129.p3d	images/water_bliss/river/enoch_river_129.p3d.jpg	database/water_bliss/river/objects.json	dzobj_10ue3522na	missing_file
enoch_river_13.p3d	images/water_bliss/river/enoch_river_13.p3d.jpg	database/water_bliss/river/objects.json	dzobj_r1uaim4p0o	missing_file
enoch_river_130.p3d	images/water_bliss/river/enoch_river_130.p3d.jpg	database/water_bliss/river/objects.json	dzobj_mebn7ld3zb	missing_file
enoch_river_131.p3d	images/water_bliss/river/enoch_river_131.p3d.jpg	database/water_bliss/river/objects.json	dzobj_d05h7oo5uw	missing_file
enoch_river_132.p3d	images/water_bliss/river/enoch_river_132.p3d.jpg	database/water_bliss/river/objects.json	dzobj_5dd8vhp4oq	missing_file
enoch_river_133.p3d	images/water_bliss/river/enoch_river_133.p3d.jpg	database/water_bliss/river/objects.json	dzobj_0jj4lpt3kd	missing_file
enoch_river_134.p3d	images/water_bliss/river/enoch_river_134.p3d.jpg	database/water_bliss/river/objects.json	dzobj_lbbkh5ymbe	missing_file
enoch_river_135.p3d	images/water_bliss/river/enoch_river_135.p3d.jpg	database/water_bliss/river/objects.json	dzobj_6xicippgqp	missing_file
enoch_river_136.p3d	images/water_bliss/river/enoch_river_136.p3d.jpg	database/water_bliss/river/objects.json	dzobj_gagunr5a79	missing_file
enoch_river_137.p3d	images/water_bliss/river/enoch_river_137.p3d.jpg	database/water_bliss/river/objects.json	dzobj_ne56fuffoi	missing_file
enoch_river_138.p3d	images/water_bliss/river/enoch_river_138.p3d.jpg	database/water_bliss/river/objects.json	dzobj_jzk2u58346	missing_file
enoch_river_139.p3d	images/water_bliss/river/enoch_river_139.p3d.jpg	database/water_bliss/river/objects.json	dzobj_m1w7dccosr	missing_file
enoch_river_14.p3d	images/water_bliss/river/enoch_river_14.p3d.jpg	database/water_bliss/river/objects.json	dzobj_562tv9ybjo	missing_file
enoch_river_140.p3d	images/water_bliss/river/enoch_river_140.p3d.jpg	database/water_bliss/river/objects.json	dzobj_0lthlahi1n	missing_file
enoch_river_141.p3d	images/water_bliss/river/enoch_river_141.p3d.jpg	database/water_bliss/river/objects.json	dzobj_f6p5s5yygh	missing_file
enoch_river_142.p3d	images/water_bliss/river/enoch_river_142.p3d.jpg	database/water_bliss/river/objects.json	dzobj_xd2yn59euo	missing_file
enoch_river_143.p3d	images/water_bliss/river/enoch_river_143.p3d.jpg	database/water_bliss/river/objects.json	dzobj_o3tshdhm4u	missing_file
enoch_river_144.p3d	images/water_bliss/river/enoch_river_144.p3d.jpg	database/water_bliss/river/objects.json	dzobj_05jg98fhma	missing_file
enoch_river_145.p3d	images/water_bliss/river/enoch_river_145.p3d.jpg	database/water_bliss/river/objects.json	dzobj_j3vve4nvmm	missing_file
enoch_river_146.p3d	images/water_bliss/river/enoch_river_146.p3d.jpg	database/water_bliss/river/objects.json	dzobj_ye2awpkm5q	missing_file
enoch_river_147.p3d	images/water_bliss/river/enoch_river_147.p3d.jpg	database/water_bliss/river/objects.json	dzobj_9dw9htkxj6	missing_file
enoch_river_148.p3d	images/water_bliss/river/enoch_river_148.p3d.jpg	database/water_bliss/river/objects.json	dzobj_g2qo3d75wp	missing_file
enoch_river_149.p3d	images/water_bliss/river/enoch_river_149.p3d.jpg	database/water_bliss/river/objects.json	dzobj_bgdy9eyg83	missing_file
enoch_river_15.p3d	images/water_bliss/river/enoch_river_15.p3d.jpg	database/water_bliss/river/objects.json	dzobj_f4li9a4s5t	missing_file
enoch_river_150.p3d	images/water_bliss/river/enoch_river_150.p3d.jpg	database/water_bliss/river/objects.json	dzobj_anfinwmcts	missing_file
enoch_river_151.p3d	images/water_bliss/river/enoch_river_151.p3d.jpg	database/water_bliss/river/objects.json	dzobj_28gur3pw8v	missing_file
enoch_river_152.p3d	images/water_bliss/river/enoch_river_152.p3d.jpg	database/water_bliss/river/objects.json	dzobj_uzr6elc4rv	missing_file
enoch_river_153.p3d	images/water_bliss/river/enoch_river_153.p3d.jpg	database/water_bliss/river/objects.json	dzobj_qntostlw6o	missing_file
enoch_river_154.p3d	images/water_bliss/river/enoch_river_154.p3d.jpg	database/water_bliss/river/objects.json	dzobj_6zuc36yg6c	missing_file
enoch_river_155.p3d	images/water_bliss/river/enoch_river_155.p3d.jpg	database/water_bliss/river/objects.json	dzobj_oj0ukv9xkw	missing_file
enoch_river_156.p3d	images/water_bliss/river/enoch_river_156.p3d.jpg	database/water_bliss/river/objects.json	dzobj_4219n8fru3	missing_file
enoch_river_157.p3d	images/water_bliss/river/enoch_river_157.p3d.jpg	database/water_bliss/river/objects.json	dzobj_38iqg0jy86	missing_file
enoch_river_158.p3d	images/water_bliss/river/enoch_river_158.p3d.jpg	database/water_bliss/river/objects.json	dzobj_a9bphfz6hf	missing_file
enoch_river_159.p3d	images/water_bliss/river/enoch_river_159.p3d.jpg	database/water_bliss/river/objects.json	dzobj_z81ta83ceg	missing_file
enoch_river_16.p3d	images/water_bliss/river/enoch_river_16.p3d.jpg	database/water_bliss/river/objects.json	dzobj_rq2l0oa01c	missing_file
enoch_river_160.p3d	images/water_bliss/river/enoch_river_160.p3d.jpg	database/water_bliss/river/objects.json	dzobj_rizyvs246f	missing_file
enoch_river_161.p3d	images/water_bliss/river/enoch_river_161.p3d.jpg	database/water_bliss/river/objects.json	dzobj_2a1bz1dw9i	missing_file
enoch_river_162.p3d	images/water_bliss/river/enoch_river_162.p3d.jpg	database/water_bliss/river/objects.json	dzobj_75dugtqmcv	missing_file
enoch_river_163.p3d	images/water_bliss/river/enoch_river_163.p3d.jpg	database/water_bliss/river/objects.json	dzobj_0fuop10xu3	missing_file
enoch_river_164.p3d	images/water_bliss/river/enoch_river_164.p3d.jpg	database/water_bliss/river/objects.json	dzobj_d43fpq7td3	missing_file
enoch_river_165.p3d	images/water_bliss/river/enoch_river_165.p3d.jpg	database/water_bliss/river/objects.json	dzobj_d1xu0f7ryq	missing_file
enoch_river_166.p3d	images/water_bliss/river/enoch_river_166.p3d.jpg	database/water_bliss/river/objects.json	dzobj_fcwlmfhh5b	missing_file
enoch_river_167.p3d	images/water_bliss/river/enoch_river_167.p3d.jpg	database/water_bliss/river/objects.json	dzobj_im4hlq1rva	missing_file
enoch_river_168.p3d	images/water_bliss/river/enoch_river_168.p3d.jpg	database/water_bliss/river/objects.json	dzobj_nkfq49hn4o	missing_file
enoch_river_169.p3d	images/water_bliss/river/enoch_river_169.p3d.jpg	database/water_bliss/river/objects.json	dzobj_0w9n2e9b46	missing_file
enoch_river_17.p3d	images/water_bliss/river/enoch_river_17.p3d.jpg	database/water_bliss/river/objects.json	dzobj_h9orkh2rb1	missing_file
enoch_river_170.p3d	images/water_bliss/river/enoch_river_170.p3d.jpg	database/water_bliss/river/objects.json	dzobj_5oo9iwmhrf	missing_file
enoch_river_171.p3d	images/water_bliss/river/enoch_river_171.p3d.jpg	database/water_bliss/river/objects.json	dzobj_4g1yr65fos	missing_file
enoch_river_172.p3d	images/water_bliss/river/enoch_river_172.p3d.jpg	database/water_bliss/river/objects.json	dzobj_nlqdshoyxa	missing_file
enoch_river_173.p3d	images/water_bliss/river/enoch_river_173.p3d.jpg	database/water_bliss/river/objects.json	dzobj_jg3tyjadg5	missing_file
enoch_river_174.p3d	images/water_bliss/river/enoch_river_174.p3d.jpg	database/water_bliss/river/objects.json	dzobj_a1acp1qx40	missing_file
enoch_river_175.p3d	images/water_bliss/river/enoch_river_175.p3d.jpg	database/water_bliss/river/objects.json	dzobj_eed4qxrntl	missing_file
enoch_river_176.p3d	images/water_bliss/river/enoch_river_176.p3d.jpg	database/water_bliss/river/objects.json	dzobj_6c8gph8j1h	missing_file
enoch_river_177.p3d	images/water_bliss/river/enoch_river_177.p3d.jpg	database/water_bliss/river/objects.json	dzobj_dpce7atklm	missing_file
enoch_river_178.p3d	images/water_bliss/river/enoch_river_178.p3d.jpg	database/water_bliss/river/objects.json	dzobj_1whzowp40f	missing_file
enoch_river_179.p3d	images/water_bliss/river/enoch_river_179.p3d.jpg	database/water_bliss/river/objects.json	dzobj_sl57oeywsk	missing_file
enoch_river_18.p3d	images/water_bliss/river/enoch_river_18.p3d.jpg	database/water_bliss/river/objects.json	dzobj_f42aw1dkdx	missing_file
enoch_river_180.p3d	images/water_bliss/river/enoch_river_180.p3d.jpg	database/water_bliss/river/objects.json	dzobj_297ljg84l4	missing_file
enoch_river_181.p3d	images/water_bliss/river/enoch_river_181.p3d.jpg	database/water_bliss/river/objects.json	dzobj_fmuvvdsds7	missing_file
enoch_river_182.p3d	images/water_bliss/river/enoch_river_182.p3d.jpg	database/water_bliss/river/objects.json	dzobj_g22lphj63u	missing_file
enoch_river_183.p3d	images/water_bliss/river/enoch_river_183.p3d.jpg	database/water_bliss/river/objects.json	dzobj_l5hbsizobi	missing_file
enoch_river_184.p3d	images/water_bliss/river/enoch_river_184.p3d.jpg	database/water_bliss/river/objects.json	dzobj_a6z35jq0p0	missing_file
enoch_river_185.p3d	images/water_bliss/river/enoch_river_185.p3d.jpg	database/water_bliss/river/objects.json	dzobj_qme9yvut7o	missing_file
enoch_river_186.p3d	images/water_bliss/river/enoch_river_186.p3d.jpg	database/water_bliss/river/objects.json	dzobj_0fdngc9y21	missing_file
enoch_river_187.p3d	images/water_bliss/river/enoch_river_187.p3d.jpg	database/water_bliss/river/objects.json	dzobj_4ghvbohqpy	missing_file
enoch_river_188.p3d	images/water_bliss/river/enoch_river_188.p3d.jpg	database/water_bliss/river/objects.json	dzobj_jditrqi6f9	missing_file
enoch_river_189.p3d	images/water_bliss/river/enoch_river_189.p3d.jpg	database/water_bliss/river/objects.json	dzobj_k9mvmvqjjh	missing_file
enoch_river_19.p3d	images/water_bliss/river/enoch_river_19.p3d.jpg	database/water_bliss/river/objects.json	dzobj_d82o0utb3n	missing_file
enoch_river_190.p3d	images/water_bliss/river/enoch_river_190.p3d.jpg	database/water_bliss/river/objects.json	dzobj_ulu0kpjhsz	missing_file
enoch_river_191.p3d	images/water_bliss/river/enoch_river_191.p3d.jpg	database/water_bliss/river/objects.json	dzobj_h1n4zrmgo3	missing_file
enoch_river_192.p3d	images/water_bliss/river/enoch_river_192.p3d.jpg	database/water_bliss/river/objects.json	dzobj_7e0a2cni3n	missing_file
enoch_river_193.p3d	images/water_bliss/river/enoch_river_193.p3d.jpg	database/water_bliss/river/objects.json	dzobj_bsbwtdc0ur	missing_file
enoch_river_194.p3d	images/water_bliss/river/enoch_river_194.p3d.jpg	database/water_bliss/river/objects.json	dzobj_1bt1nljswj	missing_file
enoch_river_195.p3d	images/water_bliss/river/enoch_river_195.p3d.jpg	database/water_bliss/river/objects.json	dzobj_3micjm636d	missing_file
enoch_river_196.p3d	images/water_bliss/river/enoch_river_196.p3d.jpg	database/water_bliss/river/objects.json	dzobj_29qathcdli	missing_file
enoch_river_197.p3d	images/water_bliss/river/enoch_river_197.p3d.jpg	database/water_bliss/river/objects.json	dzobj_9dndfb42rc	missing_file
enoch_river_198.p3d	images/water_bliss/river/enoch_river_198.p3d.jpg	database/water_bliss/river/objects.json	dzobj_ss8fwq378l	missing_file
enoch_river_199.p3d	images/water_bliss/river/enoch_river_199.p3d.jpg	database/water_bliss/river/objects.json	dzobj_bzlby2a698	missing_file
enoch_river_2.p3d	images/water_bliss/river/enoch_river_2.p3d.jpg	database/water_bliss/river/objects.json	dzobj_5nll4nxk0y	missing_file
enoch_river_20.p3d	images/water_bliss/river/enoch_river_20.p3d.jpg	database/water_bliss/river/objects.json	dzobj_klojd9ovf7	missing_file
enoch_river_200.p3d	images/water_bliss/river/enoch_river_200.p3d.jpg	database/water_bliss/river/objects.json	dzobj_nome6fmdmb	missing_file
enoch_river_201.p3d	images/water_bliss/river/enoch_river_201.p3d.jpg	database/water_bliss/river/objects.json	dzobj_fjas5mlb7r	missing_file
enoch_river_202.p3d	images/water_bliss/river/enoch_river_202.p3d.jpg	database/water_bliss/river/objects.json	dzobj_pft0b4gmy3	missing_file
enoch_river_203.p3d	images/water_bliss/river/enoch_river_203.p3d.jpg	database/water_bliss/river/objects.json	dzobj_6ymd54wqon	missing_file
enoch_river_204.p3d	images/water_bliss/river/enoch_river_204.p3d.jpg	database/water_bliss/river/objects.json	dzobj_qf9kqvjtwx	missing_file
enoch_river_205.p3d	images/water_bliss/river/enoch_river_205.p3d.jpg	database/water_bliss/river/objects.json	dzobj_mxgn62xgsx	missing_file
enoch_river_206.p3d	images/water_bliss/river/enoch_river_206.p3d.jpg	database/water_bliss/river/objects.json	dzobj_f83ht6tn8e	missing_file
enoch_river_207.p3d	images/water_bliss/river/enoch_river_207.p3d.jpg	database/water_bliss/river/objects.json	dzobj_4393yg98qk	missing_file
enoch_river_208.p3d	images/water_bliss/river/enoch_river_208.p3d.jpg	database/water_bliss/river/objects.json	dzobj_qowhcv5dw6	missing_file
enoch_river_209.p3d	images/water_bliss/river/enoch_river_209.p3d.jpg	database/water_bliss/river/objects.json	dzobj_kwua1un1cw	missing_file
enoch_river_21.p3d	images/water_bliss/river/enoch_river_21.p3d.jpg	database/water_bliss/river/objects.json	dzobj_emv82xiok9	missing_file
enoch_river_210.p3d	images/water_bliss/river/enoch_river_210.p3d.jpg	database/water_bliss/river/objects.json	dzobj_vcnf7nbqko	missing_file
enoch_river_211.p3d	images/water_bliss/river/enoch_river_211.p3d.jpg	database/water_bliss/river/objects.json	dzobj_2ck6kk7osv	missing_file
enoch_river_212.p3d	images/water_bliss/river/enoch_river_212.p3d.jpg	database/water_bliss/river/objects.json	dzobj_f0rj2kqam3	missing_file
enoch_river_213.p3d	images/water_bliss/river/enoch_river_213.p3d.jpg	database/water_bliss/river/objects.json	dzobj_wice04trfi	missing_file
enoch_river_214.p3d	images/water_bliss/river/enoch_river_214.p3d.jpg	database/water_bliss/river/objects.json	dzobj_r5xk72w4ez	missing_file
enoch_river_215.p3d	images/water_bliss/river/enoch_river_215.p3d.jpg	database/water_bliss/river/objects.json	dzobj_j0s7712r4n	missing_file
enoch_river_216.p3d	images/water_bliss/river/enoch_river_216.p3d.jpg	database/water_bliss/river/objects.json	dzobj_f957rxs5md	missing_file
enoch_river_217.p3d	images/water_bliss/river/enoch_river_217.p3d.jpg	database/water_bliss/river/objects.json	dzobj_67a1897b0b	missing_file
enoch_river_218.p3d	images/water_bliss/river/enoch_river_218.p3d.jpg	database/water_bliss/river/objects.json	dzobj_yei3lz7bt6	missing_file
enoch_river_219.p3d	images/water_bliss/river/enoch_river_219.p3d.jpg	database/water_bliss/river/objects.json	dzobj_trjqliaxxx	missing_file
enoch_river_22.p3d	images/water_bliss/river/enoch_river_22.p3d.jpg	database/water_bliss/river/objects.json	dzobj_trrau2gj0h	missing_file
enoch_river_220.p3d	images/water_bliss/river/enoch_river_220.p3d.jpg	database/water_bliss/river/objects.json	dzobj_mphbgq07sx	missing_file
enoch_river_221.p3d	images/water_bliss/river/enoch_river_221.p3d.jpg	database/water_bliss/river/objects.json	dzobj_1pp0ph48sz	missing_file
enoch_river_222.p3d	images/water_bliss/river/enoch_river_222.p3d.jpg	database/water_bliss/river/objects.json	dzobj_xe6jw0imrp	missing_file
enoch_river_223.p3d	images/water_bliss/river/enoch_river_223.p3d.jpg	database/water_bliss/river/objects.json	dzobj_5lczdc2ips	missing_file
enoch_river_224.p3d	images/water_bliss/river/enoch_river_224.p3d.jpg	database/water_bliss/river/objects.json	dzobj_trekbkf9mr	missing_file
enoch_river_225.p3d	images/water_bliss/river/enoch_river_225.p3d.jpg	database/water_bliss/river/objects.json	dzobj_cixpnbfj95	missing_file
enoch_river_226.p3d	images/water_bliss/river/enoch_river_226.p3d.jpg	database/water_bliss/river/objects.json	dzobj_rppzkmkdz7	missing_file
enoch_river_227.p3d	images/water_bliss/river/enoch_river_227.p3d.jpg	database/water_bliss/river/objects.json	dzobj_ahhtv8wfj7	missing_file
enoch_river_228.p3d	images/water_bliss/river/enoch_river_228.p3d.jpg	database/water_bliss/river/objects.json	dzobj_iglygjdm6r	missing_file
enoch_river_229.p3d	images/water_bliss/river/enoch_river_229.p3d.jpg	database/water_bliss/river/objects.json	dzobj_8i4b3nrr5j	missing_file
enoch_river_23.p3d	images/water_bliss/river/enoch_river_23.p3d.jpg	database/water_bliss/river/objects.json	dzobj_7gnfdo2bnm	missing_file
enoch_river_230.p3d	images/water_bliss/river/enoch_river_230.p3d.jpg	database/water_bliss/river/objects.json	dzobj_saanqnicj2	missing_file
enoch_river_231.p3d	images/water_bliss/river/enoch_river_231.p3d.jpg	database/water_bliss/river/objects.json	dzobj_r1jcgtsmrq	missing_file
enoch_river_232.p3d	images/water_bliss/river/enoch_river_232.p3d.jpg	database/water_bliss/river/objects.json	dzobj_gcc7l0r9w9	missing_file
enoch_river_233.p3d	images/water_bliss/river/enoch_river_233.p3d.jpg	database/water_bliss/river/objects.json	dzobj_6eglnchppp	missing_file
enoch_river_234.p3d	images/water_bliss/river/enoch_river_234.p3d.jpg	database/water_bliss/river/objects.json	dzobj_d4dgw9ul53	missing_file
enoch_river_235.p3d	images/water_bliss/river/enoch_river_235.p3d.jpg	database/water_bliss/river/objects.json	dzobj_tedoli7uy2	missing_file
enoch_river_236.p3d	images/water_bliss/river/enoch_river_236.p3d.jpg	database/water_bliss/river/objects.json	dzobj_dpl0te1pew	missing_file
enoch_river_237.p3d	images/water_bliss/river/enoch_river_237.p3d.jpg	database/water_bliss/river/objects.json	dzobj_28d3n9k6jv	missing_file
enoch_river_238.p3d	images/water_bliss/river/enoch_river_238.p3d.jpg	database/water_bliss/river/objects.json	dzobj_z2ujdn9sde	missing_file
enoch_river_239.p3d	images/water_bliss/river/enoch_river_239.p3d.jpg	database/water_bliss/river/objects.json	dzobj_tro6x93upl	missing_file
enoch_river_24.p3d	images/water_bliss/river/enoch_river_24.p3d.jpg	database/water_bliss/river/objects.json	dzobj_bavoroq0vw	missing_file
enoch_river_240.p3d	images/water_bliss/river/enoch_river_240.p3d.jpg	database/water_bliss/river/objects.json	dzobj_b2lll134rv	missing_file
enoch_river_241.p3d	images/water_bliss/river/enoch_river_241.p3d.jpg	database/water_bliss/river/objects.json	dzobj_vpjf2s4bhq	missing_file
enoch_river_242.p3d	images/water_bliss/river/enoch_river_242.p3d.jpg	database/water_bliss/river/objects.json	dzobj_60bg5p6e0b	missing_file
enoch_river_243.p3d	images/water_bliss/river/enoch_river_243.p3d.jpg	database/water_bliss/river/objects.json	dzobj_gzbcs4xyjj	missing_file
enoch_river_244.p3d	images/water_bliss/river/enoch_river_244.p3d.jpg	database/water_bliss/river/objects.json	dzobj_9lv7cfqcue	missing_file
enoch_river_245.p3d	images/water_bliss/river/enoch_river_245.p3d.jpg	database/water_bliss/river/objects.json	dzobj_y98rqsvm4a	missing_file
enoch_river_246.p3d	images/water_bliss/river/enoch_river_246.p3d.jpg	database/water_bliss/river/objects.json	dzobj_978iuo1oag	missing_file
enoch_river_247.p3d	images/water_bliss/river/enoch_river_247.p3d.jpg	database/water_bliss/river/objects.json	dzobj_pf8clb86bm	missing_file
enoch_river_248.p3d	images/water_bliss/river/enoch_river_248.p3d.jpg	database/water_bliss/river/objects.json	dzobj_4z50pzbwg5	missing_file
enoch_river_249.p3d	images/water_bliss/river/enoch_river_249.p3d.jpg	database/water_bliss/river/objects.json	dzobj_nucy5io7it	missing_file
enoch_river_25.p3d	images/water_bliss/river/enoch_river_25.p3d.jpg	database/water_bliss/river/objects.json	dzobj_brwsrqvmq0	missing_file
enoch_river_250.p3d	images/water_bliss/river/enoch_river_250.p3d.jpg	database/water_bliss/river/objects.json	dzobj_xhb2597aow	missing_file
enoch_river_251.p3d	images/water_bliss/river/enoch_river_251.p3d.jpg	database/water_bliss/river/objects.json	dzobj_64i81yzo3k	missing_file
enoch_river_252.p3d	images/water_bliss/river/enoch_river_252.p3d.jpg	database/water_bliss/river/objects.json	dzobj_zr2dyrnd75	missing_file
enoch_river_253.p3d	images/water_bliss/river/enoch_river_253.p3d.jpg	database/water_bliss/river/objects.json	dzobj_bo15sc2582	missing_file
enoch_river_254.p3d	images/water_bliss/river/enoch_river_254.p3d.jpg	database/water_bliss/river/objects.json	dzobj_i3cted28ny	missing_file
enoch_river_255.p3d	images/water_bliss/river/enoch_river_255.p3d.jpg	database/water_bliss/river/objects.json	dzobj_509hiuh9eg	missing_file
enoch_river_256.p3d	images/water_bliss/river/enoch_river_256.p3d.jpg	database/water_bliss/river/objects.json	dzobj_1pcfknt23x	missing_file
enoch_river_257.p3d	images/water_bliss/river/enoch_river_257.p3d.jpg	database/water_bliss/river/objects.json	dzobj_in9ezjjnix	missing_file
enoch_river_258.p3d	images/water_bliss/river/enoch_river_258.p3d.jpg	database/water_bliss/river/objects.json	dzobj_zizo2rvjhp	missing_file
enoch_river_259.p3d	images/water_bliss/river/enoch_river_259.p3d.jpg	database/water_bliss/river/objects.json	dzobj_1qawgjn0gw	missing_file
enoch_river_26.p3d	images/water_bliss/river/enoch_river_26.p3d.jpg	database/water_bliss/river/objects.json	dzobj_mbuq1d1pk2	missing_file
enoch_river_260.p3d	images/water_bliss/river/enoch_river_260.p3d.jpg	database/water_bliss/river/objects.json	dzobj_4fnouu0zce	missing_file
enoch_river_261.p3d	images/water_bliss/river/enoch_river_261.p3d.jpg	database/water_bliss/river/objects.json	dzobj_oa5e9ba6mm	missing_file
enoch_river_262.p3d	images/water_bliss/river/enoch_river_262.p3d.jpg	database/water_bliss/river/objects.json	dzobj_76kpm5j3t0	missing_file
enoch_river_263.p3d	images/water_bliss/river/enoch_river_263.p3d.jpg	database/water_bliss/river/objects.json	dzobj_y577s0g256	missing_file
enoch_river_264.p3d	images/water_bliss/river/enoch_river_264.p3d.jpg	database/water_bliss/river/objects.json	dzobj_s7m6nnjiqn	missing_file
enoch_river_265.p3d	images/water_bliss/river/enoch_river_265.p3d.jpg	database/water_bliss/river/objects.json	dzobj_kbs4fdc32y	missing_file
enoch_river_266.p3d	images/water_bliss/river/enoch_river_266.p3d.jpg	database/water_bliss/river/objects.json	dzobj_ejkx6z72av	missing_file
enoch_river_267.p3d	images/water_bliss/river/enoch_river_267.p3d.jpg	database/water_bliss/river/objects.json	dzobj_9m0e95alb4	missing_file
enoch_river_268.p3d	images/water_bliss/river/enoch_river_268.p3d.jpg	database/water_bliss/river/objects.json	dzobj_wawnwcm7xq	missing_file
enoch_river_269.p3d	images/water_bliss/river/enoch_river_269.p3d.jpg	database/water_bliss/river/objects.json	dzobj_312m2750ez	missing_file
enoch_river_27.p3d	images/water_bliss/river/enoch_river_27.p3d.jpg	database/water_bliss/river/objects.json	dzobj_69l6tkh4w8	missing_file
enoch_river_270.p3d	images/water_bliss/river/enoch_river_270.p3d.jpg	database/water_bliss/river/objects.json	dzobj_zhp7p4e2xe	missing_file
enoch_river_271.p3d	images/water_bliss/river/enoch_river_271.p3d.jpg	database/water_bliss/river/objects.json	dzobj_n1sz5mfklg	missing_file
enoch_river_272.p3d	images/water_bliss/river/enoch_river_272.p3d.jpg	database/water_bliss/river/objects.json	dzobj_kw04nlab0q	missing_file
enoch_river_273.p3d	images/water_bliss/river/enoch_river_273.p3d.jpg	database/water_bliss/river/objects.json	dzobj_zudiq210rv	missing_file
enoch_river_274.p3d	images/water_bliss/river/enoch_river_274.p3d.jpg	database/water_bliss/river/objects.json	dzobj_omhmfz6uqv	missing_file
enoch_river_275.p3d	images/water_bliss/river/enoch_river_275.p3d.jpg	database/water_bliss/river/objects.json	dzobj_1p2p7jp26j	missing_file
enoch_river_276.p3d	images/water_bliss/river/enoch_river_276.p3d.jpg	database/water_bliss/river/objects.json	dzobj_p4y3rrzsna	missing_file
enoch_river_277.p3d	images/water_bliss/river/enoch_river_277.p3d.jpg	database/water_bliss/river/objects.json	dzobj_hslgfiiux8	missing_file
enoch_river_278.p3d	images/water_bliss/river/enoch_river_278.p3d.jpg	database/water_bliss/river/objects.json	dzobj_5jep5zo7wv	missing_file
enoch_river_279.p3d	images/water_bliss/river/enoch_river_279.p3d.jpg	database/water_bliss/river/objects.json	dzobj_e8un5ysotw	missing_file
enoch_river_28.p3d	images/water_bliss/river/enoch_river_28.p3d.jpg	database/water_bliss/river/objects.json	dzobj_6xy8h2zppi	missing_file
enoch_river_280.p3d	images/water_bliss/river/enoch_river_280.p3d.jpg	database/water_bliss/river/objects.json	dzobj_ga65j587jq	missing_file
enoch_river_281.p3d	images/water_bliss/river/enoch_river_281.p3d.jpg	database/water_bliss/river/objects.json	dzobj_16c3hg0rod	missing_file
enoch_river_282.p3d	images/water_bliss/river/enoch_river_282.p3d.jpg	database/water_bliss/river/objects.json	dzobj_r6ndn4q27v	missing_file
enoch_river_283.p3d	images/water_bliss/river/enoch_river_283.p3d.jpg	database/water_bliss/river/objects.json	dzobj_35duzacc8v	missing_file
enoch_river_284.p3d	images/water_bliss/river/enoch_river_284.p3d.jpg	database/water_bliss/river/objects.json	dzobj_kd91rp8jzz	missing_file
enoch_river_285.p3d	images/water_bliss/river/enoch_river_285.p3d.jpg	database/water_bliss/river/objects.json	dzobj_lkm45vzrzh	missing_file
enoch_river_286.p3d	images/water_bliss/river/enoch_river_286.p3d.jpg	database/water_bliss/river/objects.json	dzobj_6jy2znojoe	missing_file
enoch_river_287.p3d	images/water_bliss/river/enoch_river_287.p3d.jpg	database/water_bliss/river/objects.json	dzobj_zlwvu82sbs	missing_file
enoch_river_288.p3d	images/water_bliss/river/enoch_river_288.p3d.jpg	database/water_bliss/river/objects.json	dzobj_agiu9kxs1b	missing_file
enoch_river_289.p3d	images/water_bliss/river/enoch_river_289.p3d.jpg	database/water_bliss/river/objects.json	dzobj_85u8tmbf3p	missing_file
enoch_river_29.p3d	images/water_bliss/river/enoch_river_29.p3d.jpg	database/water_bliss/river/objects.json	dzobj_6rg6zxdtkh	missing_file
enoch_river_290.p3d	images/water_bliss/river/enoch_river_290.p3d.jpg	database/water_bliss/river/objects.json	dzobj_y9cgbpjzl9	missing_file
enoch_river_291.p3d	images/water_bliss/river/enoch_river_291.p3d.jpg	database/water_bliss/river/objects.json	dzobj_jsguluft6a	missing_file
enoch_river_292.p3d	images/water_bliss/river/enoch_river_292.p3d.jpg	database/water_bliss/river/objects.json	dzobj_kfoww3vblm	missing_file
enoch_river_293.p3d	images/water_bliss/river/enoch_river_293.p3d.jpg	database/water_bliss/river/objects.json	dzobj_rw8l8lhi7y	missing_file
enoch_river_294.p3d	images/water_bliss/river/enoch_river_294.p3d.jpg	database/water_bliss/river/objects.json	dzobj_la433npl1w	missing_file
enoch_river_295.p3d	images/water_bliss/river/enoch_river_295.p3d.jpg	database/water_bliss/river/objects.json	dzobj_0bf1o0k0ps	missing_file
enoch_river_296.p3d	images/water_bliss/river/enoch_river_296.p3d.jpg	database/water_bliss/river/objects.json	dzobj_gnyctf6de1	missing_file
enoch_river_297.p3d	images/water_bliss/river/enoch_river_297.p3d.jpg	database/water_bliss/river/objects.json	dzobj_zy3mj8lkgz	missing_file
enoch_river_298.p3d	images/water_bliss/river/enoch_river_298.p3d.jpg	database/water_bliss/river/objects.json	dzobj_ghvfysq46m	missing_file
enoch_river_299.p3d	images/water_bliss/river/enoch_river_299.p3d.jpg	database/water_bliss/river/objects.json	dzobj_imiv0a7m1n	missing_file
enoch_river_3.p3d	images/water_bliss/river/enoch_river_3.p3d.jpg	database/water_bliss/river/objects.json	dzobj_h4dgpphkxq	missing_file
enoch_river_30.p3d	images/water_bliss/river/enoch_river_30.p3d.jpg	database/water_bliss/river/objects.json	dzobj_v3xfvttg0v	missing_file
enoch_river_300.p3d	images/water_bliss/river/enoch_river_300.p3d.jpg	database/water_bliss/river/objects.json	dzobj_w5zprvjgo5	missing_file
enoch_river_301.p3d	images/water_bliss/river/enoch_river_301.p3d.jpg	database/water_bliss/river/objects.json	dzobj_of9jrodhfv	missing_file
enoch_river_302.p3d	images/water_bliss/river/enoch_river_302.p3d.jpg	database/water_bliss/river/objects.json	dzobj_e7xynffpko	missing_file
enoch_river_303.p3d	images/water_bliss/river/enoch_river_303.p3d.jpg	database/water_bliss/river/objects.json	dzobj_2z38ugvw4r	missing_file
enoch_river_304.p3d	images/water_bliss/river/enoch_river_304.p3d.jpg	database/water_bliss/river/objects.json	dzobj_fqgsvmr515	missing_file
enoch_river_305.p3d	images/water_bliss/river/enoch_river_305.p3d.jpg	database/water_bliss/river/objects.json	dzobj_ibj6l3isyy	missing_file
enoch_river_306.p3d	images/water_bliss/river/enoch_river_306.p3d.jpg	database/water_bliss/river/objects.json	dzobj_l36ly9r2yu	missing_file
enoch_river_307.p3d	images/water_bliss/river/enoch_river_307.p3d.jpg	database/water_bliss/river/objects.json	dzobj_s17livsgon	missing_file
enoch_river_308.p3d	images/water_bliss/river/enoch_river_308.p3d.jpg	database/water_bliss/river/objects.json	dzobj_x8wum7fp0b	missing_file
enoch_river_309.p3d	images/water_bliss/river/enoch_river_309.p3d.jpg	database/water_bliss/river/objects.json	dzobj_fpxbc1952u	missing_file
enoch_river_31.p3d	images/water_bliss/river/enoch_river_31.p3d.jpg	database/water_bliss/river/objects.json	dzobj_dxtrdw5yrt	missing_file
enoch_river_310.p3d	images/water_bliss/river/enoch_river_310.p3d.jpg	database/water_bliss/river/objects.json	dzobj_ll4qc8y419	missing_file
enoch_river_311.p3d	images/water_bliss/river/enoch_river_311.p3d.jpg	database/water_bliss/river/objects.json	dzobj_vfklbt3fyk	missing_file
enoch_river_312.p3d	images/water_bliss/river/enoch_river_312.p3d.jpg	database/water_bliss/river/objects.json	dzobj_7x3zdxfxri	missing_file
enoch_river_313.p3d	images/water_bliss/river/enoch_river_313.p3d.jpg	database/water_bliss/river/objects.json	dzobj_9mv95817j3	missing_file
enoch_river_314.p3d	images/water_bliss/river/enoch_river_314.p3d.jpg	database/water_bliss/river/objects.json	dzobj_9qzyjlbtfs	missing_file
enoch_river_315.p3d	images/water_bliss/river/enoch_river_315.p3d.jpg	database/water_bliss/river/objects.json	dzobj_eb4dp3ua20	missing_file
enoch_river_316.p3d	images/water_bliss/river/enoch_river_316.p3d.jpg	database/water_bliss/river/objects.json	dzobj_mr4781h17d	missing_file
enoch_river_317.p3d	images/water_bliss/river/enoch_river_317.p3d.jpg	database/water_bliss/river/objects.json	dzobj_hngucyeidq	missing_file
enoch_river_318.p3d	images/water_bliss/river/enoch_river_318.p3d.jpg	database/water_bliss/river/objects.json	dzobj_c16bmwpwem	missing_file
enoch_river_319.p3d	images/water_bliss/river/enoch_river_319.p3d.jpg	database/water_bliss/river/objects.json	dzobj_vc9ta3u9wz	missing_file
enoch_river_32.p3d	images/water_bliss/river/enoch_river_32.p3d.jpg	database/water_bliss/river/objects.json	dzobj_u065wv7apa	missing_file
enoch_river_320.p3d	images/water_bliss/river/enoch_river_320.p3d.jpg	database/water_bliss/river/objects.json	dzobj_8e8u7yv9x3	missing_file
enoch_river_321.p3d	images/water_bliss/river/enoch_river_321.p3d.jpg	database/water_bliss/river/objects.json	dzobj_bx7ue0384s	missing_file
enoch_river_322.p3d	images/water_bliss/river/enoch_river_322.p3d.jpg	database/water_bliss/river/objects.json	dzobj_pztvkff0ks	missing_file
enoch_river_323.p3d	images/water_bliss/river/enoch_river_323.p3d.jpg	database/water_bliss/river/objects.json	dzobj_l1l8w6l3yz	missing_file
enoch_river_324.p3d	images/water_bliss/river/enoch_river_324.p3d.jpg	database/water_bliss/river/objects.json	dzobj_89xcwpspih	missing_file
enoch_river_325.p3d	images/water_bliss/river/enoch_river_325.p3d.jpg	database/water_bliss/river/objects.json	dzobj_zv23adyxrg	missing_file
enoch_river_326.p3d	images/water_bliss/river/enoch_river_326.p3d.jpg	database/water_bliss/river/objects.json	dzobj_jxhct9mmie	missing_file
enoch_river_327.p3d	images/water_bliss/river/enoch_river_327.p3d.jpg	database/water_bliss/river/objects.json	dzobj_20nbs12h4g	missing_file
enoch_river_328.p3d	images/water_bliss/river/enoch_river_328.p3d.jpg	database/water_bliss/river/objects.json	dzobj_5v01hx1k5e	missing_file
enoch_river_329.p3d	images/water_bliss/river/enoch_river_329.p3d.jpg	database/water_bliss/river/objects.json	dzobj_xjxu851651	missing_file
enoch_river_33.p3d	images/water_bliss/river/enoch_river_33.p3d.jpg	database/water_bliss/river/objects.json	dzobj_6us9w1rpbd	missing_file
enoch_river_330.p3d	images/water_bliss/river/enoch_river_330.p3d.jpg	database/water_bliss/river/objects.json	dzobj_m78brpieyt	missing_file
enoch_river_331.p3d	images/water_bliss/river/enoch_river_331.p3d.jpg	database/water_bliss/river/objects.json	dzobj_i4drjwed7d	missing_file
enoch_river_332.p3d	images/water_bliss/river/enoch_river_332.p3d.jpg	database/water_bliss/river/objects.json	dzobj_pmz5aey2wa	missing_file
enoch_river_333.p3d	images/water_bliss/river/enoch_river_333.p3d.jpg	database/water_bliss/river/objects.json	dzobj_xwf8sxf81m	missing_file
enoch_river_334.p3d	images/water_bliss/river/enoch_river_334.p3d.jpg	database/water_bliss/river/objects.json	dzobj_xbw4g33dx7	missing_file
enoch_river_335.p3d	images/water_bliss/river/enoch_river_335.p3d.jpg	database/water_bliss/river/objects.json	dzobj_pfo4sg3eev	missing_file
enoch_river_336.p3d	images/water_bliss/river/enoch_river_336.p3d.jpg	database/water_bliss/river/objects.json	dzobj_smyd3blt4i	missing_file
enoch_river_337.p3d	images/water_bliss/river/enoch_river_337.p3d.jpg	database/water_bliss/river/objects.json	dzobj_jpe98qkrsp	missing_file
enoch_river_338.p3d	images/water_bliss/river/enoch_river_338.p3d.jpg	database/water_bliss/river/objects.json	dzobj_zvu3zobjoi	missing_file
enoch_river_339.p3d	images/water_bliss/river/enoch_river_339.p3d.jpg	database/water_bliss/river/objects.json	dzobj_eav5krhb1j	missing_file
enoch_river_34.p3d	images/water_bliss/river/enoch_river_34.p3d.jpg	database/water_bliss/river/objects.json	dzobj_b8xy13nxpu	missing_file
enoch_river_340.p3d	images/water_bliss/river/enoch_river_340.p3d.jpg	database/water_bliss/river/objects.json	dzobj_qxsqzc0qha	missing_file
enoch_river_341.p3d	images/water_bliss/river/enoch_river_341.p3d.jpg	database/water_bliss/river/objects.json	dzobj_vtwyrdi4z0	missing_file
enoch_river_342.p3d	images/water_bliss/river/enoch_river_342.p3d.jpg	database/water_bliss/river/objects.json	dzobj_5khpwf6b8e	missing_file
enoch_river_343.p3d	images/water_bliss/river/enoch_river_343.p3d.jpg	database/water_bliss/river/objects.json	dzobj_ujfh5jr0q0	missing_file
enoch_river_344.p3d	images/water_bliss/river/enoch_river_344.p3d.jpg	database/water_bliss/river/objects.json	dzobj_2fy94715ee	missing_file
enoch_river_345.p3d	images/water_bliss/river/enoch_river_345.p3d.jpg	database/water_bliss/river/objects.json	dzobj_cenmza0ph0	missing_file
enoch_river_346.p3d	images/water_bliss/river/enoch_river_346.p3d.jpg	database/water_bliss/river/objects.json	dzobj_yw71iukbhl	missing_file
enoch_river_347.p3d	images/water_bliss/river/enoch_river_347.p3d.jpg	database/water_bliss/river/objects.json	dzobj_0wrz5ssumn	missing_file
enoch_river_348.p3d	images/water_bliss/river/enoch_river_348.p3d.jpg	database/water_bliss/river/objects.json	dzobj_7q297m8t9m	missing_file
enoch_river_349.p3d	images/water_bliss/river/enoch_river_349.p3d.jpg	database/water_bliss/river/objects.json	dzobj_27gp5cwo4g	missing_file
enoch_river_35.p3d	images/water_bliss/river/enoch_river_35.p3d.jpg	database/water_bliss/river/objects.json	dzobj_azu382p7xd	missing_file
enoch_river_350.p3d	images/water_bliss/river/enoch_river_350.p3d.jpg	database/water_bliss/river/objects.json	dzobj_b46nf4x9qf	missing_file
enoch_river_351.p3d	images/water_bliss/river/enoch_river_351.p3d.jpg	database/water_bliss/river/objects.json	dzobj_ucebbzsmjj	missing_file
enoch_river_352.p3d	images/water_bliss/river/enoch_river_352.p3d.jpg	database/water_bliss/river/objects.json	dzobj_358sq8s96p	missing_file
enoch_river_353.p3d	images/water_bliss/river/enoch_river_353.p3d.jpg	database/water_bliss/river/objects.json	dzobj_tjav5px2es	missing_file
enoch_river_354.p3d	images/water_bliss/river/enoch_river_354.p3d.jpg	database/water_bliss/river/objects.json	dzobj_q5h1qosw0r	missing_file
enoch_river_355.p3d	images/water_bliss/river/enoch_river_355.p3d.jpg	database/water_bliss/river/objects.json	dzobj_e3067csxb7	missing_file
enoch_river_356.p3d	images/water_bliss/river/enoch_river_356.p3d.jpg	database/water_bliss/river/objects.json	dzobj_q8xzvbmol8	missing_file
enoch_river_357.p3d	images/water_bliss/river/enoch_river_357.p3d.jpg	database/water_bliss/river/objects.json	dzobj_u9svj304cb	missing_file
enoch_river_358.p3d	images/water_bliss/river/enoch_river_358.p3d.jpg	database/water_bliss/river/objects.json	dzobj_l73ssde7en	missing_file
enoch_river_359.p3d	images/water_bliss/river/enoch_river_359.p3d.jpg	database/water_bliss/river/objects.json	dzobj_zxnrk81lfs	missing_file
enoch_river_36.p3d	images/water_bliss/river/enoch_river_36.p3d.jpg	database/water_bliss/river/objects.json	dzobj_r85fmoof8y	missing_file
enoch_river_360.p3d	images/water_bliss/river/enoch_river_360.p3d.jpg	database/water_bliss/river/objects.json	dzobj_ke73y8tzkx	missing_file
enoch_river_361.p3d	images/water_bliss/river/enoch_river_361.p3d.jpg	database/water_bliss/river/objects.json	dzobj_a2m89bsmpo	missing_file
enoch_river_362.p3d	images/water_bliss/river/enoch_river_362.p3d.jpg	database/water_bliss/river/objects.json	dzobj_9gxi4zfhxp	missing_file
enoch_river_363.p3d	images/water_bliss/river/enoch_river_363.p3d.jpg	database/water_bliss/river/objects.json	dzobj_dyw7rlw2vs	missing_file
enoch_river_364.p3d	images/water_bliss/river/enoch_river_364.p3d.jpg	database/water_bliss/river/objects.json	dzobj_dm4szk163w	missing_file
enoch_river_365.p3d	images/water_bliss/river/enoch_river_365.p3d.jpg	database/water_bliss/river/objects.json	dzobj_d39x67ae5v	missing_file
enoch_river_366.p3d	images/water_bliss/river/enoch_river_366.p3d.jpg	database/water_bliss/river/objects.json	dzobj_t1m7ik6pho	missing_file
enoch_river_367.p3d	images/water_bliss/river/enoch_river_367.p3d.jpg	database/water_bliss/river/objects.json	dzobj_nnx8gtr0nw	missing_file
enoch_river_368.p3d	images/water_bliss/river/enoch_river_368.p3d.jpg	database/water_bliss/river/objects.json	dzobj_nx7w1x8ppc	missing_file
enoch_river_369.p3d	images/water_bliss/river/enoch_river_369.p3d.jpg	database/water_bliss/river/objects.json	dzobj_dpkr7nsfd6	missing_file
enoch_river_37.p3d	images/water_bliss/river/enoch_river_37.p3d.jpg	database/water_bliss/river/objects.json	dzobj_tw2mrhlwz6	missing_file
enoch_river_370.p3d	images/water_bliss/river/enoch_river_370.p3d.jpg	database/water_bliss/river/objects.json	dzobj_4tvgk37360	missing_file
enoch_river_371.p3d	images/water_bliss/river/enoch_river_371.p3d.jpg	database/water_bliss/river/objects.json	dzobj_bdv74ixsgm	missing_file
enoch_river_372.p3d	images/water_bliss/river/enoch_river_372.p3d.jpg	database/water_bliss/river/objects.json	dzobj_skbcj3g4t5	missing_file
enoch_river_373.p3d	images/water_bliss/river/enoch_river_373.p3d.jpg	database/water_bliss/river/objects.json	dzobj_3w216m3it7	missing_file
enoch_river_374.p3d	images/water_bliss/river/enoch_river_374.p3d.jpg	database/water_bliss/river/objects.json	dzobj_56qrlhy905	missing_file
enoch_river_375.p3d	images/water_bliss/river/enoch_river_375.p3d.jpg	database/water_bliss/river/objects.json	dzobj_e4nbaqr34r	missing_file
enoch_river_376.p3d	images/water_bliss/river/enoch_river_376.p3d.jpg	database/water_bliss/river/objects.json	dzobj_bysfxycrc4	missing_file
enoch_river_377.p3d	images/water_bliss/river/enoch_river_377.p3d.jpg	database/water_bliss/river/objects.json	dzobj_ra10m41a4v	missing_file
enoch_river_378.p3d	images/water_bliss/river/enoch_river_378.p3d.jpg	database/water_bliss/river/objects.json	dzobj_hh26bm5gi4	missing_file
enoch_river_379.p3d	images/water_bliss/river/enoch_river_379.p3d.jpg	database/water_bliss/river/objects.json	dzobj_lus9brtb0q	missing_file
enoch_river_38.p3d	images/water_bliss/river/enoch_river_38.p3d.jpg	database/water_bliss/river/objects.json	dzobj_9d7cvl7kq1	missing_file
enoch_river_380.p3d	images/water_bliss/river/enoch_river_380.p3d.jpg	database/water_bliss/river/objects.json	dzobj_mfd4ynchg0	missing_file
enoch_river_381.p3d	images/water_bliss/river/enoch_river_381.p3d.jpg	database/water_bliss/river/objects.json	dzobj_fyeourxhgm	missing_file
enoch_river_382.p3d	images/water_bliss/river/enoch_river_382.p3d.jpg	database/water_bliss/river/objects.json	dzobj_4kdrurx1w3	missing_file
enoch_river_383.p3d	images/water_bliss/river/enoch_river_383.p3d.jpg	database/water_bliss/river/objects.json	dzobj_3wjahcsjwc	missing_file
enoch_river_384.p3d	images/water_bliss/river/enoch_river_384.p3d.jpg	database/water_bliss/river/objects.json	dzobj_ntecnvhtw4	missing_file
enoch_river_385.p3d	images/water_bliss/river/enoch_river_385.p3d.jpg	database/water_bliss/river/objects.json	dzobj_rwmqvmq4zt	missing_file
enoch_river_386.p3d	images/water_bliss/river/enoch_river_386.p3d.jpg	database/water_bliss/river/objects.json	dzobj_gz35r5spgf	missing_file
enoch_river_387.p3d	images/water_bliss/river/enoch_river_387.p3d.jpg	database/water_bliss/river/objects.json	dzobj_d5u0hyl960	missing_file
enoch_river_388.p3d	images/water_bliss/river/enoch_river_388.p3d.jpg	database/water_bliss/river/objects.json	dzobj_4r36rfj2y7	missing_file
enoch_river_389.p3d	images/water_bliss/river/enoch_river_389.p3d.jpg	database/water_bliss/river/objects.json	dzobj_wcdcf7oldz	missing_file
enoch_river_39.p3d	images/water_bliss/river/enoch_river_39.p3d.jpg	database/water_bliss/river/objects.json	dzobj_e5nz3omy4n	missing_file
enoch_river_390.p3d	images/water_bliss/river/enoch_river_390.p3d.jpg	database/water_bliss/river/objects.json	dzobj_jjbi5bj5jm	missing_file
enoch_river_391.p3d	images/water_bliss/river/enoch_river_391.p3d.jpg	database/water_bliss/river/objects.json	dzobj_mmpw6wil5d	missing_file
enoch_river_392.p3d	images/water_bliss/river/enoch_river_392.p3d.jpg	database/water_bliss/river/objects.json	dzobj_ha3g4l3jmx	missing_file
enoch_river_393.p3d	images/water_bliss/river/enoch_river_393.p3d.jpg	database/water_bliss/river/objects.json	dzobj_uykbqltbyq	missing_file
enoch_river_394.p3d	images/water_bliss/river/enoch_river_394.p3d.jpg	database/water_bliss/river/objects.json	dzobj_ojxvvmnlpb	missing_file
enoch_river_395.p3d	images/water_bliss/river/enoch_river_395.p3d.jpg	database/water_bliss/river/objects.json	dzobj_zs6o4lf1si	missing_file
enoch_river_396.p3d	images/water_bliss/river/enoch_river_396.p3d.jpg	database/water_bliss/river/objects.json	dzobj_hj4qdlh2yl	missing_file
enoch_river_397.p3d	images/water_bliss/river/enoch_river_397.p3d.jpg	database/water_bliss/river/objects.json	dzobj_nthdn1kc2c	missing_file
enoch_river_398.p3d	images/water_bliss/river/enoch_river_398.p3d.jpg	database/water_bliss/river/objects.json	dzobj_na65textrv	missing_file
enoch_river_399.p3d	images/water_bliss/river/enoch_river_399.p3d.jpg	database/water_bliss/river/objects.json	dzobj_4ui3n0qo0v	missing_file
enoch_river_4.p3d	images/water_bliss/river/enoch_river_4.p3d.jpg	database/water_bliss/river/objects.json	dzobj_muyrft3k0h	missing_file
enoch_river_40.p3d	images/water_bliss/river/enoch_river_40.p3d.jpg	database/water_bliss/river/objects.json	dzobj_zaovy3ni7r	missing_file
enoch_river_400.p3d	images/water_bliss/river/enoch_river_400.p3d.jpg	database/water_bliss/river/objects.json	dzobj_7t259tubvk	missing_file
enoch_river_401.p3d	images/water_bliss/river/enoch_river_401.p3d.jpg	database/water_bliss/river/objects.json	dzobj_5hnvsf4sg0	missing_file
enoch_river_402.p3d	images/water_bliss/river/enoch_river_402.p3d.jpg	database/water_bliss/river/objects.json	dzobj_uf4iumbemb	missing_file
enoch_river_403.p3d	images/water_bliss/river/enoch_river_403.p3d.jpg	database/water_bliss/river/objects.json	dzobj_oeh60saw4a	missing_file
enoch_river_404.p3d	images/water_bliss/river/enoch_river_404.p3d.jpg	database/water_bliss/river/objects.json	dzobj_rvxe4bgblh	missing_file
enoch_river_405.p3d	images/water_bliss/river/enoch_river_405.p3d.jpg	database/water_bliss/river/objects.json	dzobj_td3166glwo	missing_file
enoch_river_406.p3d	images/water_bliss/river/enoch_river_406.p3d.jpg	database/water_bliss/river/objects.json	dzobj_akd1nrjpbf	missing_file
enoch_river_407.p3d	images/water_bliss/river/enoch_river_407.p3d.jpg	database/water_bliss/river/objects.json	dzobj_kwtthpu44d	missing_file
enoch_river_408.p3d	images/water_bliss/river/enoch_river_408.p3d.jpg	database/water_bliss/river/objects.json	dzobj_ayk9bdgaoj	missing_file
enoch_river_409.p3d	images/water_bliss/river/enoch_river_409.p3d.jpg	database/water_bliss/river/objects.json	dzobj_zeozttul2b	missing_file
enoch_river_41.p3d	images/water_bliss/river/enoch_river_41.p3d.jpg	database/water_bliss/river/objects.json	dzobj_wcsksnlb6s	missing_file
enoch_river_410.p3d	images/water_bliss/river/enoch_river_410.p3d.jpg	database/water_bliss/river/objects.json	dzobj_kjl4mfdh3l	missing_file
enoch_river_411.p3d	images/water_bliss/river/enoch_river_411.p3d.jpg	database/water_bliss/river/objects.json	dzobj_uik8xocxw3	missing_file
enoch_river_412.p3d	images/water_bliss/river/enoch_river_412.p3d.jpg	database/water_bliss/river/objects.json	dzobj_gqnf69ixcy	missing_file
enoch_river_413.p3d	images/water_bliss/river/enoch_river_413.p3d.jpg	database/water_bliss/river/objects.json	dzobj_q4e17ll8wg	missing_file
enoch_river_414.p3d	images/water_bliss/river/enoch_river_414.p3d.jpg	database/water_bliss/river/objects.json	dzobj_pvg34nfi3m	missing_file
enoch_river_415.p3d	images/water_bliss/river/enoch_river_415.p3d.jpg	database/water_bliss/river/objects.json	dzobj_4vz0d1ichc	missing_file
enoch_river_416.p3d	images/water_bliss/river/enoch_river_416.p3d.jpg	database/water_bliss/river/objects.json	dzobj_tqk21wdkzi	missing_file
enoch_river_417.p3d	images/water_bliss/river/enoch_river_417.p3d.jpg	database/water_bliss/river/objects.json	dzobj_3qz5whme1y	missing_file
enoch_river_418.p3d	images/water_bliss/river/enoch_river_418.p3d.jpg	database/water_bliss/river/objects.json	dzobj_4538me8nwo	missing_file
enoch_river_419.p3d	images/water_bliss/river/enoch_river_419.p3d.jpg	database/water_bliss/river/objects.json	dzobj_u2r6tnkkxr	missing_file
enoch_river_42.p3d	images/water_bliss/river/enoch_river_42.p3d.jpg	database/water_bliss/river/objects.json	dzobj_xbytpz72o9	missing_file
enoch_river_420.p3d	images/water_bliss/river/enoch_river_420.p3d.jpg	database/water_bliss/river/objects.json	dzobj_rrr0u28nxi	missing_file
enoch_river_421.p3d	images/water_bliss/river/enoch_river_421.p3d.jpg	database/water_bliss/river/objects.json	dzobj_vx1k8qe9y1	missing_file
enoch_river_422.p3d	images/water_bliss/river/enoch_river_422.p3d.jpg	database/water_bliss/river/objects.json	dzobj_cuyff16he8	missing_file
enoch_river_423.p3d	images/water_bliss/river/enoch_river_423.p3d.jpg	database/water_bliss/river/objects.json	dzobj_eyodbrea5b	missing_file
enoch_river_424.p3d	images/water_bliss/river/enoch_river_424.p3d.jpg	database/water_bliss/river/objects.json	dzobj_34qsbxfb06	missing_file
enoch_river_425.p3d	images/water_bliss/river/enoch_river_425.p3d.jpg	database/water_bliss/river/objects.json	dzobj_6vmoztdwq2	missing_file
enoch_river_426.p3d	images/water_bliss/river/enoch_river_426.p3d.jpg	database/water_bliss/river/objects.json	dzobj_1e461wqtaw	missing_file
enoch_river_427.p3d	images/water_bliss/river/enoch_river_427.p3d.jpg	database/water_bliss/river/objects.json	dzobj_0x76ztzacw	missing_file
enoch_river_428.p3d	images/water_bliss/river/enoch_river_428.p3d.jpg	database/water_bliss/river/objects.json	dzobj_74bizunify	missing_file
enoch_river_429.p3d	images/water_bliss/river/enoch_river_429.p3d.jpg	database/water_bliss/river/objects.json	dzobj_2gk890f4iq	missing_file
enoch_river_43.p3d	images/water_bliss/river/enoch_river_43.p3d.jpg	database/water_bliss/river/objects.json	dzobj_vsonae9hqp	missing_file
enoch_river_430.p3d	images/water_bliss/river/enoch_river_430.p3d.jpg	database/water_bliss/river/objects.json	dzobj_wavp3ecjwo	missing_file
enoch_river_431.p3d	images/water_bliss/river/enoch_river_431.p3d.jpg	database/water_bliss/river/objects.json	dzobj_toeycvoems	missing_file
enoch_river_432.p3d	images/water_bliss/river/enoch_river_432.p3d.jpg	database/water_bliss/river/objects.json	dzobj_k01cqati0n	missing_file
enoch_river_433.p3d	images/water_bliss/river/enoch_river_433.p3d.jpg	database/water_bliss/river/objects.json	dzobj_3meksjehbx	missing_file
enoch_river_434.p3d	images/water_bliss/river/enoch_river_434.p3d.jpg	database/water_bliss/river/objects.json	dzobj_8rip2gfn5j	missing_file
enoch_river_435.p3d	images/water_bliss/river/enoch_river_435.p3d.jpg	database/water_bliss/river/objects.json	dzobj_qow3siny5s	missing_file
enoch_river_436.p3d	images/water_bliss/river/enoch_river_436.p3d.jpg	database/water_bliss/river/objects.json	dzobj_3vl33bou29	missing_file
enoch_river_437.p3d	images/water_bliss/river/enoch_river_437.p3d.jpg	database/water_bliss/river/objects.json	dzobj_runh73d06c	missing_file
enoch_river_438.p3d	images/water_bliss/river/enoch_river_438.p3d.jpg	database/water_bliss/river/objects.json	dzobj_z5mjmcpblp	missing_file
enoch_river_439.p3d	images/water_bliss/river/enoch_river_439.p3d.jpg	database/water_bliss/river/objects.json	dzobj_ysoxifjl7p	missing_file
enoch_river_44.p3d	images/water_bliss/river/enoch_river_44.p3d.jpg	database/water_bliss/river/objects.json	dzobj_cqkceei4ba	missing_file
enoch_river_440.p3d	images/water_bliss/river/enoch_river_440.p3d.jpg	database/water_bliss/river/objects.json	dzobj_79xb4imnpd	missing_file
enoch_river_441.p3d	images/water_bliss/river/enoch_river_441.p3d.jpg	database/water_bliss/river/objects.json	dzobj_7r6cy1lm4a	missing_file
enoch_river_442.p3d	images/water_bliss/river/enoch_river_442.p3d.jpg	database/water_bliss/river/objects.json	dzobj_w73len16mc	missing_file
enoch_river_443.p3d	images/water_bliss/river/enoch_river_443.p3d.jpg	database/water_bliss/river/objects.json	dzobj_rxuch2vtiv	missing_file
enoch_river_444.p3d	images/water_bliss/river/enoch_river_444.p3d.jpg	database/water_bliss/river/objects.json	dzobj_j6690zxlnv	missing_file
enoch_river_445.p3d	images/water_bliss/river/enoch_river_445.p3d.jpg	database/water_bliss/river/objects.json	dzobj_sfzxzqtsos	missing_file
enoch_river_446.p3d	images/water_bliss/river/enoch_river_446.p3d.jpg	database/water_bliss/river/objects.json	dzobj_fpgdj1vjhn	missing_file
enoch_river_447.p3d	images/water_bliss/river/enoch_river_447.p3d.jpg	database/water_bliss/river/objects.json	dzobj_8a5rhprdu4	missing_file
enoch_river_448.p3d	images/water_bliss/river/enoch_river_448.p3d.jpg	database/water_bliss/river/objects.json	dzobj_sg9hou453s	missing_file
enoch_river_449.p3d	images/water_bliss/river/enoch_river_449.p3d.jpg	database/water_bliss/river/objects.json	dzobj_ymv7b5lwpi	missing_file
enoch_river_45.p3d	images/water_bliss/river/enoch_river_45.p3d.jpg	database/water_bliss/river/objects.json	dzobj_4n24vvg9qx	missing_file
enoch_river_450.p3d	images/water_bliss/river/enoch_river_450.p3d.jpg	database/water_bliss/river/objects.json	dzobj_tikdghie2t	missing_file
enoch_river_451.p3d	images/water_bliss/river/enoch_river_451.p3d.jpg	database/water_bliss/river/objects.json	dzobj_gy62ycd5ri	missing_file
enoch_river_452.p3d	images/water_bliss/river/enoch_river_452.p3d.jpg	database/water_bliss/river/objects.json	dzobj_bq5gcxbusp	missing_file
enoch_river_453.p3d	images/water_bliss/river/enoch_river_453.p3d.jpg	database/water_bliss/river/objects.json	dzobj_35pygg2tjc	missing_file
enoch_river_454.p3d	images/water_bliss/river/enoch_river_454.p3d.jpg	database/water_bliss/river/objects.json	dzobj_cd8dfhcry9	missing_file
enoch_river_455.p3d	images/water_bliss/river/enoch_river_455.p3d.jpg	database/water_bliss/river/objects.json	dzobj_keq7olky8m	missing_file
enoch_river_456.p3d	images/water_bliss/river/enoch_river_456.p3d.jpg	database/water_bliss/river/objects.json	dzobj_szxoytstgw	missing_file
enoch_river_457.p3d	images/water_bliss/river/enoch_river_457.p3d.jpg	database/water_bliss/river/objects.json	dzobj_y4uxeq7euj	missing_file
enoch_river_458.p3d	images/water_bliss/river/enoch_river_458.p3d.jpg	database/water_bliss/river/objects.json	dzobj_7pq6mseypy	missing_file
enoch_river_459.p3d	images/water_bliss/river/enoch_river_459.p3d.jpg	database/water_bliss/river/objects.json	dzobj_hb22k3t0w2	missing_file
enoch_river_46.p3d	images/water_bliss/river/enoch_river_46.p3d.jpg	database/water_bliss/river/objects.json	dzobj_9vgif0rr7u	missing_file
enoch_river_460.p3d	images/water_bliss/river/enoch_river_460.p3d.jpg	database/water_bliss/river/objects.json	dzobj_c43xyfm3ym	missing_file
enoch_river_461.p3d	images/water_bliss/river/enoch_river_461.p3d.jpg	database/water_bliss/river/objects.json	dzobj_ut6hdcj8b9	missing_file
enoch_river_462.p3d	images/water_bliss/river/enoch_river_462.p3d.jpg	database/water_bliss/river/objects.json	dzobj_x8pnls06i0	missing_file
enoch_river_463.p3d	images/water_bliss/river/enoch_river_463.p3d.jpg	database/water_bliss/river/objects.json	dzobj_pmb8o5ulkc	missing_file
enoch_river_464.p3d	images/water_bliss/river/enoch_river_464.p3d.jpg	database/water_bliss/river/objects.json	dzobj_5cllac5qrp	missing_file
enoch_river_465.p3d	images/water_bliss/river/enoch_river_465.p3d.jpg	database/water_bliss/river/objects.json	dzobj_85ptgim0i0	missing_file
enoch_river_466.p3d	images/water_bliss/river/enoch_river_466.p3d.jpg	database/water_bliss/river/objects.json	dzobj_54gl90dzpk	missing_file
enoch_river_467.p3d	images/water_bliss/river/enoch_river_467.p3d.jpg	database/water_bliss/river/objects.json	dzobj_p4dobuzlo4	missing_file
enoch_river_468.p3d	images/water_bliss/river/enoch_river_468.p3d.jpg	database/water_bliss/river/objects.json	dzobj_e4xqb5k0dv	missing_file
enoch_river_469.p3d	images/water_bliss/river/enoch_river_469.p3d.jpg	database/water_bliss/river/objects.json	dzobj_ekoce206ey	missing_file
enoch_river_47.p3d	images/water_bliss/river/enoch_river_47.p3d.jpg	database/water_bliss/river/objects.json	dzobj_zm925wdhl9	missing_file
enoch_river_470.p3d	images/water_bliss/river/enoch_river_470.p3d.jpg	database/water_bliss/river/objects.json	dzobj_4qbarfmk90	missing_file
enoch_river_471.p3d	images/water_bliss/river/enoch_river_471.p3d.jpg	database/water_bliss/river/objects.json	dzobj_tunw49o15y	missing_file
enoch_river_472.p3d	images/water_bliss/river/enoch_river_472.p3d.jpg	database/water_bliss/river/objects.json	dzobj_sw13gmskgz	missing_file
enoch_river_473.p3d	images/water_bliss/river/enoch_river_473.p3d.jpg	database/water_bliss/river/objects.json	dzobj_khe4f3lcic	missing_file
enoch_river_474.p3d	images/water_bliss/river/enoch_river_474.p3d.jpg	database/water_bliss/river/objects.json	dzobj_ff9fybqab0	missing_file
enoch_river_475.p3d	images/water_bliss/river/enoch_river_475.p3d.jpg	database/water_bliss/river/objects.json	dzobj_8erjv4sias	missing_file
enoch_river_476.p3d	images/water_bliss/river/enoch_river_476.p3d.jpg	database/water_bliss/river/objects.json	dzobj_1yo4lh08wy	missing_file
enoch_river_477.p3d	images/water_bliss/river/enoch_river_477.p3d.jpg	database/water_bliss/river/objects.json	dzobj_4xlo00t1wc	missing_file
enoch_river_478.p3d	images/water_bliss/river/enoch_river_478.p3d.jpg	database/water_bliss/river/objects.json	dzobj_z631evuxit	missing_file
enoch_river_479.p3d	images/water_bliss/river/enoch_river_479.p3d.jpg	database/water_bliss/river/objects.json	dzobj_kefmdewkkt	missing_file
enoch_river_48.p3d	images/water_bliss/river/enoch_river_48.p3d.jpg	database/water_bliss/river/objects.json	dzobj_159s7k26yl	missing_file
enoch_river_480.p3d	images/water_bliss/river/enoch_river_480.p3d.jpg	database/water_bliss/river/objects.json	dzobj_eytonmnq4i	missing_file
enoch_river_481.p3d	images/water_bliss/river/enoch_river_481.p3d.jpg	database/water_bliss/river/objects.json	dzobj_qin5gdzhmy	missing_file
enoch_river_482.p3d	images/water_bliss/river/enoch_river_482.p3d.jpg	database/water_bliss/river/objects.json	dzobj_e6alnojokd	missing_file
enoch_river_483.p3d	images/water_bliss/river/enoch_river_483.p3d.jpg	database/water_bliss/river/objects.json	dzobj_a2ga23glf2	missing_file
enoch_river_484.p3d	images/water_bliss/river/enoch_river_484.p3d.jpg	database/water_bliss/river/objects.json	dzobj_pcx8vusczv	missing_file
enoch_river_485.p3d	images/water_bliss/river/enoch_river_485.p3d.jpg	database/water_bliss/river/objects.json	dzobj_bh0645to79	missing_file
enoch_river_486.p3d	images/water_bliss/river/enoch_river_486.p3d.jpg	database/water_bliss/river/objects.json	dzobj_u63qx7l0ht	missing_file
enoch_river_487.p3d	images/water_bliss/river/enoch_river_487.p3d.jpg	database/water_bliss/river/objects.json	dzobj_68i2uwach6	missing_file
enoch_river_488.p3d	images/water_bliss/river/enoch_river_488.p3d.jpg	database/water_bliss/river/objects.json	dzobj_pm8necu83f	missing_file
enoch_river_489.p3d	images/water_bliss/river/enoch_river_489.p3d.jpg	database/water_bliss/river/objects.json	dzobj_58eydiflr5	missing_file
enoch_river_49.p3d	images/water_bliss/river/enoch_river_49.p3d.jpg	database/water_bliss/river/objects.json	dzobj_fmrya9fbwe	missing_file
enoch_river_490.p3d	images/water_bliss/river/enoch_river_490.p3d.jpg	database/water_bliss/river/objects.json	dzobj_8umdgv0wa6	missing_file
enoch_river_491.p3d	images/water_bliss/river/enoch_river_491.p3d.jpg	database/water_bliss/river/objects.json	dzobj_17bzddhq2u	missing_file
enoch_river_492.p3d	images/water_bliss/river/enoch_river_492.p3d.jpg	database/water_bliss/river/objects.json	dzobj_role3z90mk	missing_file
enoch_river_493.p3d	images/water_bliss/river/enoch_river_493.p3d.jpg	database/water_bliss/river/objects.json	dzobj_4azse8znaf	missing_file
enoch_river_494.p3d	images/water_bliss/river/enoch_river_494.p3d.jpg	database/water_bliss/river/objects.json	dzobj_8h3jsb9121	missing_file
enoch_river_495.p3d	images/water_bliss/river/enoch_river_495.p3d.jpg	database/water_bliss/river/objects.json	dzobj_m1o4htd0o5	missing_file
enoch_river_496.p3d	images/water_bliss/river/enoch_river_496.p3d.jpg	database/water_bliss/river/objects.json	dzobj_pglbm17hqf	missing_file
enoch_river_497.p3d	images/water_bliss/river/enoch_river_497.p3d.jpg	database/water_bliss/river/objects.json	dzobj_qk956nbt70	missing_file
enoch_river_498.p3d	images/water_bliss/river/enoch_river_498.p3d.jpg	database/water_bliss/river/objects.json	dzobj_4hsi3y387k	missing_file
enoch_river_499.p3d	images/water_bliss/river/enoch_river_499.p3d.jpg	database/water_bliss/river/objects.json	dzobj_ocxetdhhhy	missing_file
enoch_river_5.p3d	images/water_bliss/river/enoch_river_5.p3d.jpg	database/water_bliss/river/objects.json	dzobj_nmelh7qg92	missing_file
enoch_river_50.p3d	images/water_bliss/river/enoch_river_50.p3d.jpg	database/water_bliss/river/objects.json	dzobj_m1rmi8ato1	missing_file
enoch_river_500.p3d	images/water_bliss/river/enoch_river_500.p3d.jpg	database/water_bliss/river/objects.json	dzobj_wsxp7dmegy	missing_file
enoch_river_501.p3d	images/water_bliss/river/enoch_river_501.p3d.jpg	database/water_bliss/river/objects.json	dzobj_qizuis0qxz	missing_file
enoch_river_502.p3d	images/water_bliss/river/enoch_river_502.p3d.jpg	database/water_bliss/river/objects.json	dzobj_hr4jqpst8c	missing_file
enoch_river_503.p3d	images/water_bliss/river/enoch_river_503.p3d.jpg	database/water_bliss/river/objects.json	dzobj_jbfuuuehea	missing_file
enoch_river_504.p3d	images/water_bliss/river/enoch_river_504.p3d.jpg	database/water_bliss/river/objects.json	dzobj_go01e5kv2f	missing_file
enoch_river_505.p3d	images/water_bliss/river/enoch_river_505.p3d.jpg	database/water_bliss/river/objects.json	dzobj_h1urgphtkg	missing_file
enoch_river_506.p3d	images/water_bliss/river/enoch_river_506.p3d.jpg	database/water_bliss/river/objects.json	dzobj_rn0s20we0o	missing_file
enoch_river_507.p3d	images/water_bliss/river/enoch_river_507.p3d.jpg	database/water_bliss/river/objects.json	dzobj_lxvepp7si5	missing_file
enoch_river_508.p3d	images/water_bliss/river/enoch_river_508.p3d.jpg	database/water_bliss/river/objects.json	dzobj_60vbedm9ez	missing_file
enoch_river_509.p3d	images/water_bliss/river/enoch_river_509.p3d.jpg	database/water_bliss/river/objects.json	dzobj_aj965wljpg	missing_file
enoch_river_51.p3d	images/water_bliss/river/enoch_river_51.p3d.jpg	database/water_bliss/river/objects.json	dzobj_tdbwo4fbtq	missing_file
enoch_river_510.p3d	images/water_bliss/river/enoch_river_510.p3d.jpg	database/water_bliss/river/objects.json	dzobj_pdz1in0kxy	missing_file
enoch_river_511.p3d	images/water_bliss/river/enoch_river_511.p3d.jpg	database/water_bliss/river/objects.json	dzobj_ri1lp3ux2r	missing_file
enoch_river_512.p3d	images/water_bliss/river/enoch_river_512.p3d.jpg	database/water_bliss/river/objects.json	dzobj_x0fsi69i91	missing_file
enoch_river_513.p3d	images/water_bliss/river/enoch_river_513.p3d.jpg	database/water_bliss/river/objects.json	dzobj_ky5xf4s2ah	missing_file
enoch_river_514.p3d	images/water_bliss/river/enoch_river_514.p3d.jpg	database/water_bliss/river/objects.json	dzobj_4kla2nx5g6	missing_file
enoch_river_515.p3d	images/water_bliss/river/enoch_river_515.p3d.jpg	database/water_bliss/river/objects.json	dzobj_hy41t69l0a	missing_file
enoch_river_516.p3d	images/water_bliss/river/enoch_river_516.p3d.jpg	database/water_bliss/river/objects.json	dzobj_x50u5rwinw	missing_file
enoch_river_517.p3d	images/water_bliss/river/enoch_river_517.p3d.jpg	database/water_bliss/river/objects.json	dzobj_s96l5yoko0	missing_file
enoch_river_518.p3d	images/water_bliss/river/enoch_river_518.p3d.jpg	database/water_bliss/river/objects.json	dzobj_v7cvqt8myr	missing_file
enoch_river_519.p3d	images/water_bliss/river/enoch_river_519.p3d.jpg	database/water_bliss/river/objects.json	dzobj_b2d60085a8	missing_file
enoch_river_52.p3d	images/water_bliss/river/enoch_river_52.p3d.jpg	database/water_bliss/river/objects.json	dzobj_e5w9g0sq4o	missing_file
enoch_river_520.p3d	images/water_bliss/river/enoch_river_520.p3d.jpg	database/water_bliss/river/objects.json	dzobj_67y8x9w4fl	missing_file
enoch_river_521.p3d	images/water_bliss/river/enoch_river_521.p3d.jpg	database/water_bliss/river/objects.json	dzobj_3runlld9jt	missing_file
enoch_river_522.p3d	images/water_bliss/river/enoch_river_522.p3d.jpg	database/water_bliss/river/objects.json	dzobj_mef3aiwavw	missing_file
enoch_river_523.p3d	images/water_bliss/river/enoch_river_523.p3d.jpg	database/water_bliss/river/objects.json	dzobj_smdhp6k2av	missing_file
enoch_river_524.p3d	images/water_bliss/river/enoch_river_524.p3d.jpg	database/water_bliss/river/objects.json	dzobj_ikp1omiofn	missing_file
enoch_river_525.p3d	images/water_bliss/river/enoch_river_525.p3d.jpg	database/water_bliss/river/objects.json	dzobj_z2ktvuxxch	missing_file
enoch_river_526.p3d	images/water_bliss/river/enoch_river_526.p3d.jpg	database/water_bliss/river/objects.json	dzobj_h01dfeasms	missing_file
enoch_river_527.p3d	images/water_bliss/river/enoch_river_527.p3d.jpg	database/water_bliss/river/objects.json	dzobj_rlxvtikqdy	missing_file
enoch_river_528.p3d	images/water_bliss/river/enoch_river_528.p3d.jpg	database/water_bliss/river/objects.json	dzobj_shxd7xdz6t	missing_file
enoch_river_529.p3d	images/water_bliss/river/enoch_river_529.p3d.jpg	database/water_bliss/river/objects.json	dzobj_qmbd3zrwb5	missing_file
enoch_river_53.p3d	images/water_bliss/river/enoch_river_53.p3d.jpg	database/water_bliss/river/objects.json	dzobj_ftny8la3wy	missing_file
enoch_river_530.p3d	images/water_bliss/river/enoch_river_530.p3d.jpg	database/water_bliss/river/objects.json	dzobj_3hnxo83n0t	missing_file
enoch_river_531.p3d	images/water_bliss/river/enoch_river_531.p3d.jpg	database/water_bliss/river/objects.json	dzobj_uorox6prqw	missing_file
enoch_river_532.p3d	images/water_bliss/river/enoch_river_532.p3d.jpg	database/water_bliss/river/objects.json	dzobj_o2vy29soly	missing_file
enoch_river_533.p3d	images/water_bliss/river/enoch_river_533.p3d.jpg	database/water_bliss/river/objects.json	dzobj_07qixdb0ky	missing_file
enoch_river_534.p3d	images/water_bliss/river/enoch_river_534.p3d.jpg	database/water_bliss/river/objects.json	dzobj_0e30dlou63	missing_file
enoch_river_535.p3d	images/water_bliss/river/enoch_river_535.p3d.jpg	database/water_bliss/river/objects.json	dzobj_ibb5dpvi4e	missing_file
enoch_river_536.p3d	images/water_bliss/river/enoch_river_536.p3d.jpg	database/water_bliss/river/objects.json	dzobj_rgh3ogt6t5	missing_file
enoch_river_537.p3d	images/water_bliss/river/enoch_river_537.p3d.jpg	database/water_bliss/river/objects.json	dzobj_4dt1c187sn	missing_file
enoch_river_538.p3d	images/water_bliss/river/enoch_river_538.p3d.jpg	database/water_bliss/river/objects.json	dzobj_o75izld645	missing_file
enoch_river_539.p3d	images/water_bliss/river/enoch_river_539.p3d.jpg	database/water_bliss/river/objects.json	dzobj_jaxl442amo	missing_file
enoch_river_54.p3d	images/water_bliss/river/enoch_river_54.p3d.jpg	database/water_bliss/river/objects.json	dzobj_91fqdyzfmf	missing_file
enoch_river_540.p3d	images/water_bliss/river/enoch_river_540.p3d.jpg	database/water_bliss/river/objects.json	dzobj_sskt86euej	missing_file
enoch_river_541.p3d	images/water_bliss/river/enoch_river_541.p3d.jpg	database/water_bliss/river/objects.json	dzobj_xg1smzz7y7	missing_file
enoch_river_542.p3d	images/water_bliss/river/enoch_river_542.p3d.jpg	database/water_bliss/river/objects.json	dzobj_8g1f0mpc7j	missing_file
enoch_river_543.p3d	images/water_bliss/river/enoch_river_543.p3d.jpg	database/water_bliss/river/objects.json	dzobj_94b14ieg10	missing_file
enoch_river_544.p3d	images/water_bliss/river/enoch_river_544.p3d.jpg	database/water_bliss/river/objects.json	dzobj_vdt61thu0j	missing_file
enoch_river_545.p3d	images/water_bliss/river/enoch_river_545.p3d.jpg	database/water_bliss/river/objects.json	dzobj_777rcyipt0	missing_file
enoch_river_546.p3d	images/water_bliss/river/enoch_river_546.p3d.jpg	database/water_bliss/river/objects.json	dzobj_3hddw2ghez	missing_file
enoch_river_547.p3d	images/water_bliss/river/enoch_river_547.p3d.jpg	database/water_bliss/river/objects.json	dzobj_63dsk3ixrq	missing_file
enoch_river_548.p3d	images/water_bliss/river/enoch_river_548.p3d.jpg	database/water_bliss/river/objects.json	dzobj_hd7f6wxhif	missing_file
enoch_river_549.p3d	images/water_bliss/river/enoch_river_549.p3d.jpg	database/water_bliss/river/objects.json	dzobj_x8oeinr4dm	missing_file
enoch_river_55.p3d	images/water_bliss/river/enoch_river_55.p3d.jpg	database/water_bliss/river/objects.json	dzobj_smg6a7ks6w	missing_file
enoch_river_550.p3d	images/water_bliss/river/enoch_river_550.p3d.jpg	database/water_bliss/river/objects.json	dzobj_mbkf6qiplt	missing_file
enoch_river_551.p3d	images/water_bliss/river/enoch_river_551.p3d.jpg	database/water_bliss/river/objects.json	dzobj_0dahjczi2f	missing_file
enoch_river_552.p3d	images/water_bliss/river/enoch_river_552.p3d.jpg	database/water_bliss/river/objects.json	dzobj_7hu72kb6j8	missing_file
enoch_river_553.p3d	images/water_bliss/river/enoch_river_553.p3d.jpg	database/water_bliss/river/objects.json	dzobj_kdwqkl3zhl	missing_file
enoch_river_554.p3d	images/water_bliss/river/enoch_river_554.p3d.jpg	database/water_bliss/river/objects.json	dzobj_neloimwovz	missing_file
enoch_river_555.p3d	images/water_bliss/river/enoch_river_555.p3d.jpg	database/water_bliss/river/objects.json	dzobj_7frgwjjxrh	missing_file
enoch_river_556.p3d	images/water_bliss/river/enoch_river_556.p3d.jpg	database/water_bliss/river/objects.json	dzobj_560u422dv9	missing_file
enoch_river_557.p3d	images/water_bliss/river/enoch_river_557.p3d.jpg	database/water_bliss/river/objects.json	dzobj_wvfeaqj62w	missing_file
enoch_river_558.p3d	images/water_bliss/river/enoch_river_558.p3d.jpg	database/water_bliss/river/objects.json	dzobj_kmxplr824p	missing_file
enoch_river_559.p3d	images/water_bliss/river/enoch_river_559.p3d.jpg	database/water_bliss/river/objects.json	dzobj_xbyncw4zv2	missing_file
enoch_river_56.p3d	images/water_bliss/river/enoch_river_56.p3d.jpg	database/water_bliss/river/objects.json	dzobj_lnns9nxp78	missing_file
enoch_river_560.p3d	images/water_bliss/river/enoch_river_560.p3d.jpg	database/water_bliss/river/objects.json	dzobj_6a0lxafg0a	missing_file
enoch_river_561.p3d	images/water_bliss/river/enoch_river_561.p3d.jpg	database/water_bliss/river/objects.json	dzobj_iqy2pw1z0p	missing_file
enoch_river_562.p3d	images/water_bliss/river/enoch_river_562.p3d.jpg	database/water_bliss/river/objects.json	dzobj_gnpdlh1q11	missing_file
enoch_river_563.p3d	images/water_bliss/river/enoch_river_563.p3d.jpg	database/water_bliss/river/objects.json	dzobj_ssoccrez3v	missing_file
enoch_river_564.p3d	images/water_bliss/river/enoch_river_564.p3d.jpg	database/water_bliss/river/objects.json	dzobj_rlyx05jzvk	missing_file
enoch_river_565.p3d	images/water_bliss/river/enoch_river_565.p3d.jpg	database/water_bliss/river/objects.json	dzobj_f33zs7hll6	missing_file
enoch_river_566.p3d	images/water_bliss/river/enoch_river_566.p3d.jpg	database/water_bliss/river/objects.json	dzobj_l6emkuf17p	missing_file
enoch_river_567.p3d	images/water_bliss/river/enoch_river_567.p3d.jpg	database/water_bliss/river/objects.json	dzobj_2nu1ljzkm4	missing_file
enoch_river_568.p3d	images/water_bliss/river/enoch_river_568.p3d.jpg	database/water_bliss/river/objects.json	dzobj_e5oz2o6cm0	missing_file
enoch_river_569.p3d	images/water_bliss/river/enoch_river_569.p3d.jpg	database/water_bliss/river/objects.json	dzobj_9el2ag5t56	missing_file
enoch_river_57.p3d	images/water_bliss/river/enoch_river_57.p3d.jpg	database/water_bliss/river/objects.json	dzobj_14vbzrfut3	missing_file
enoch_river_570.p3d	images/water_bliss/river/enoch_river_570.p3d.jpg	database/water_bliss/river/objects.json	dzobj_4s7uaey58b	missing_file
enoch_river_571.p3d	images/water_bliss/river/enoch_river_571.p3d.jpg	database/water_bliss/river/objects.json	dzobj_kwdsbtmii9	missing_file
enoch_river_572.p3d	images/water_bliss/river/enoch_river_572.p3d.jpg	database/water_bliss/river/objects.json	dzobj_5en24jvkfc	missing_file
enoch_river_573.p3d	images/water_bliss/river/enoch_river_573.p3d.jpg	database/water_bliss/river/objects.json	dzobj_e4xpun91l1	missing_file
enoch_river_574.p3d	images/water_bliss/river/enoch_river_574.p3d.jpg	database/water_bliss/river/objects.json	dzobj_825z38qv9b	missing_file
enoch_river_575.p3d	images/water_bliss/river/enoch_river_575.p3d.jpg	database/water_bliss/river/objects.json	dzobj_f4daxij9dl	missing_file
enoch_river_576.p3d	images/water_bliss/river/enoch_river_576.p3d.jpg	database/water_bliss/river/objects.json	dzobj_s463e2dkcg	missing_file
enoch_river_577.p3d	images/water_bliss/river/enoch_river_577.p3d.jpg	database/water_bliss/river/objects.json	dzobj_k5xtf3v6vr	missing_file
enoch_river_578.p3d	images/water_bliss/river/enoch_river_578.p3d.jpg	database/water_bliss/river/objects.json	dzobj_xi8z16zaxw	missing_file
enoch_river_579.p3d	images/water_bliss/river/enoch_river_579.p3d.jpg	database/water_bliss/river/objects.json	dzobj_jfqxg0ya6m	missing_file
enoch_river_58.p3d	images/water_bliss/river/enoch_river_58.p3d.jpg	database/water_bliss/river/objects.json	dzobj_z24yn7a9zh	missing_file
enoch_river_580.p3d	images/water_bliss/river/enoch_river_580.p3d.jpg	database/water_bliss/river/objects.json	dzobj_alcp19i39m	missing_file
enoch_river_581.p3d	images/water_bliss/river/enoch_river_581.p3d.jpg	database/water_bliss/river/objects.json	dzobj_9a8i81303r	missing_file
enoch_river_582.p3d	images/water_bliss/river/enoch_river_582.p3d.jpg	database/water_bliss/river/objects.json	dzobj_cwcu43etdi	missing_file
enoch_river_583.p3d	images/water_bliss/river/enoch_river_583.p3d.jpg	database/water_bliss/river/objects.json	dzobj_b0rfshkj14	missing_file
enoch_river_584.p3d	images/water_bliss/river/enoch_river_584.p3d.jpg	database/water_bliss/river/objects.json	dzobj_0y0b0p9wsi	missing_file
enoch_river_585.p3d	images/water_bliss/river/enoch_river_585.p3d.jpg	database/water_bliss/river/objects.json	dzobj_vvthcn9h25	missing_file
enoch_river_586.p3d	images/water_bliss/river/enoch_river_586.p3d.jpg	database/water_bliss/river/objects.json	dzobj_6gsdifbuqq	missing_file
enoch_river_587.p3d	images/water_bliss/river/enoch_river_587.p3d.jpg	database/water_bliss/river/objects.json	dzobj_i2w7nkcvfe	missing_file
enoch_river_588.p3d	images/water_bliss/river/enoch_river_588.p3d.jpg	database/water_bliss/river/objects.json	dzobj_4xp31ebteg	missing_file
enoch_river_589.p3d	images/water_bliss/river/enoch_river_589.p3d.jpg	database/water_bliss/river/objects.json	dzobj_p8enkx2cff	missing_file
enoch_river_59.p3d	images/water_bliss/river/enoch_river_59.p3d.jpg	database/water_bliss/river/objects.json	dzobj_kgnmwsy3uu	missing_file
enoch_river_590.p3d	images/water_bliss/river/enoch_river_590.p3d.jpg	database/water_bliss/river/objects.json	dzobj_2dmynlxgmg	missing_file
enoch_river_591.p3d	images/water_bliss/river/enoch_river_591.p3d.jpg	database/water_bliss/river/objects.json	dzobj_usfs2d9h18	missing_file
enoch_river_592.p3d	images/water_bliss/river/enoch_river_592.p3d.jpg	database/water_bliss/river/objects.json	dzobj_a3ka1qfz9m	missing_file
enoch_river_593.p3d	images/water_bliss/river/enoch_river_593.p3d.jpg	database/water_bliss/river/objects.json	dzobj_axcbfgcji4	missing_file
enoch_river_594.p3d	images/water_bliss/river/enoch_river_594.p3d.jpg	database/water_bliss/river/objects.json	dzobj_nl6xq5lrhk	missing_file
enoch_river_595.p3d	images/water_bliss/river/enoch_river_595.p3d.jpg	database/water_bliss/river/objects.json	dzobj_jhks8agbku	missing_file
enoch_river_596.p3d	images/water_bliss/river/enoch_river_596.p3d.jpg	database/water_bliss/river/objects.json	dzobj_iknuwfz8ya	missing_file
enoch_river_597.p3d	images/water_bliss/river/enoch_river_597.p3d.jpg	database/water_bliss/river/objects.json	dzobj_7r07bg57vo	missing_file
enoch_river_598.p3d	images/water_bliss/river/enoch_river_598.p3d.jpg	database/water_bliss/river/objects.json	dzobj_4891yaor5w	missing_file
enoch_river_599.p3d	images/water_bliss/river/enoch_river_599.p3d.jpg	database/water_bliss/river/objects.json	dzobj_uvt2zd9gle	missing_file
enoch_river_6.p3d	images/water_bliss/river/enoch_river_6.p3d.jpg	database/water_bliss/river/objects.json	dzobj_d2qmad5gjl	missing_file
enoch_river_60.p3d	images/water_bliss/river/enoch_river_60.p3d.jpg	database/water_bliss/river/objects.json	dzobj_h667ilvhlp	missing_file
enoch_river_600.p3d	images/water_bliss/river/enoch_river_600.p3d.jpg	database/water_bliss/river/objects.json	dzobj_ixv488fu9n	missing_file
enoch_river_601.p3d	images/water_bliss/river/enoch_river_601.p3d.jpg	database/water_bliss/river/objects.json	dzobj_32rg6dw6d7	missing_file
enoch_river_602.p3d	images/water_bliss/river/enoch_river_602.p3d.jpg	database/water_bliss/river/objects.json	dzobj_p0x3afw95b	missing_file
enoch_river_603.p3d	images/water_bliss/river/enoch_river_603.p3d.jpg	database/water_bliss/river/objects.json	dzobj_q2n9uf8i6z	missing_file
enoch_river_604.p3d	images/water_bliss/river/enoch_river_604.p3d.jpg	database/water_bliss/river/objects.json	dzobj_oo48pt7tfm	missing_file
enoch_river_605.p3d	images/water_bliss/river/enoch_river_605.p3d.jpg	database/water_bliss/river/objects.json	dzobj_e8er3m1sbf	missing_file
enoch_river_606.p3d	images/water_bliss/river/enoch_river_606.p3d.jpg	database/water_bliss/river/objects.json	dzobj_2poccj4gfh	missing_file
enoch_river_607.p3d	images/water_bliss/river/enoch_river_607.p3d.jpg	database/water_bliss/river/objects.json	dzobj_ui3g10e32w	missing_file
enoch_river_608.p3d	images/water_bliss/river/enoch_river_608.p3d.jpg	database/water_bliss/river/objects.json	dzobj_whar76ufur	missing_file
enoch_river_609.p3d	images/water_bliss/river/enoch_river_609.p3d.jpg	database/water_bliss/river/objects.json	dzobj_tboi6tsv1a	missing_file
enoch_river_61.p3d	images/water_bliss/river/enoch_river_61.p3d.jpg	database/water_bliss/river/objects.json	dzobj_bq4lub5izw	missing_file
enoch_river_610.p3d	images/water_bliss/river/enoch_river_610.p3d.jpg	database/water_bliss/river/objects.json	dzobj_wwf7jnfrxx	missing_file
enoch_river_611.p3d	images/water_bliss/river/enoch_river_611.p3d.jpg	database/water_bliss/river/objects.json	dzobj_07v0zpdrdg	missing_file
enoch_river_612.p3d	images/water_bliss/river/enoch_river_612.p3d.jpg	database/water_bliss/river/objects.json	dzobj_tmi10f1and	missing_file
enoch_river_613.p3d	images/water_bliss/river/enoch_river_613.p3d.jpg	database/water_bliss/river/objects.json	dzobj_bfml2zxct1	missing_file
enoch_river_614.p3d	images/water_bliss/river/enoch_river_614.p3d.jpg	database/water_bliss/river/objects.json	dzobj_6eh607rxtv	missing_file
enoch_river_615.p3d	images/water_bliss/river/enoch_river_615.p3d.jpg	database/water_bliss/river/objects.json	dzobj_zolvp533r3	missing_file
enoch_river_616.p3d	images/water_bliss/river/enoch_river_616.p3d.jpg	database/water_bliss/river/objects.json	dzobj_3rieaeu03o	missing_file
enoch_river_617.p3d	images/water_bliss/river/enoch_river_617.p3d.jpg	database/water_bliss/river/objects.json	dzobj_4atmx1pz9z	missing_file
enoch_river_618.p3d	images/water_bliss/river/enoch_river_618.p3d.jpg	database/water_bliss/river/objects.json	dzobj_z9p8xultg7	missing_file
enoch_river_619.p3d	images/water_bliss/river/enoch_river_619.p3d.jpg	database/water_bliss/river/objects.json	dzobj_9ybo5jk4z4	missing_file
enoch_river_62.p3d	images/water_bliss/river/enoch_river_62.p3d.jpg	database/water_bliss/river/objects.json	dzobj_sio9bf5wmb	missing_file
enoch_river_620.p3d	images/water_bliss/river/enoch_river_620.p3d.jpg	database/water_bliss/river/objects.json	dzobj_htrgbiqsar	missing_file
enoch_river_621.p3d	images/water_bliss/river/enoch_river_621.p3d.jpg	database/water_bliss/river/objects.json	dzobj_8s17inhlq6	missing_file
enoch_river_622.p3d	images/water_bliss/river/enoch_river_622.p3d.jpg	database/water_bliss/river/objects.json	dzobj_xxwmv1kk8k	missing_file
enoch_river_623.p3d	images/water_bliss/river/enoch_river_623.p3d.jpg	database/water_bliss/river/objects.json	dzobj_yg1itb9s16	missing_file
enoch_river_624.p3d	images/water_bliss/river/enoch_river_624.p3d.jpg	database/water_bliss/river/objects.json	dzobj_nzxnsaj2wg	missing_file
enoch_river_625.p3d	images/water_bliss/river/enoch_river_625.p3d.jpg	database/water_bliss/river/objects.json	dzobj_wjgkqy6oml	missing_file
enoch_river_626.p3d	images/water_bliss/river/enoch_river_626.p3d.jpg	database/water_bliss/river/objects.json	dzobj_1nbgeshp38	missing_file
enoch_river_627.p3d	images/water_bliss/river/enoch_river_627.p3d.jpg	database/water_bliss/river/objects.json	dzobj_y152y16z8j	missing_file
enoch_river_628.p3d	images/water_bliss/river/enoch_river_628.p3d.jpg	database/water_bliss/river/objects.json	dzobj_m96q6osyge	missing_file
enoch_river_629.p3d	images/water_bliss/river/enoch_river_629.p3d.jpg	database/water_bliss/river/objects.json	dzobj_vwiz8tfmcq	missing_file
enoch_river_63.p3d	images/water_bliss/river/enoch_river_63.p3d.jpg	database/water_bliss/river/objects.json	dzobj_mlhpjyxj5d	missing_file
enoch_river_630.p3d	images/water_bliss/river/enoch_river_630.p3d.jpg	database/water_bliss/river/objects.json	dzobj_wc8c5o2vci	missing_file
enoch_river_631.p3d	images/water_bliss/river/enoch_river_631.p3d.jpg	database/water_bliss/river/objects.json	dzobj_gqt4o4hta9	missing_file
enoch_river_632.p3d	images/water_bliss/river/enoch_river_632.p3d.jpg	database/water_bliss/river/objects.json	dzobj_hf77phqwoc	missing_file
enoch_river_633.p3d	images/water_bliss/river/enoch_river_633.p3d.jpg	database/water_bliss/river/objects.json	dzobj_evg2ku4cje	missing_file
enoch_river_634.p3d	images/water_bliss/river/enoch_river_634.p3d.jpg	database/water_bliss/river/objects.json	dzobj_uonye5anpq	missing_file
enoch_river_635.p3d	images/water_bliss/river/enoch_river_635.p3d.jpg	database/water_bliss/river/objects.json	dzobj_ohq01hz650	missing_file
enoch_river_636.p3d	images/water_bliss/river/enoch_river_636.p3d.jpg	database/water_bliss/river/objects.json	dzobj_psi48kd81b	missing_file
enoch_river_637.p3d	images/water_bliss/river/enoch_river_637.p3d.jpg	database/water_bliss/river/objects.json	dzobj_4c03oyyldd	missing_file
enoch_river_638.p3d	images/water_bliss/river/enoch_river_638.p3d.jpg	database/water_bliss/river/objects.json	dzobj_onq2stdwaa	missing_file
enoch_river_639.p3d	images/water_bliss/river/enoch_river_639.p3d.jpg	database/water_bliss/river/objects.json	dzobj_4stzo6f4sp	missing_file
enoch_river_64.p3d	images/water_bliss/river/enoch_river_64.p3d.jpg	database/water_bliss/river/objects.json	dzobj_f8v5u7hw7f	missing_file
enoch_river_640.p3d	images/water_bliss/river/enoch_river_640.p3d.jpg	database/water_bliss/river/objects.json	dzobj_pijr77gaam	missing_file
enoch_river_641.p3d	images/water_bliss/river/enoch_river_641.p3d.jpg	database/water_bliss/river/objects.json	dzobj_4d73stjcbr	missing_file
enoch_river_642.p3d	images/water_bliss/river/enoch_river_642.p3d.jpg	database/water_bliss/river/objects.json	dzobj_1kh5kx7sr0	missing_file
enoch_river_643.p3d	images/water_bliss/river/enoch_river_643.p3d.jpg	database/water_bliss/river/objects.json	dzobj_ldo6sgp6ja	missing_file
enoch_river_644.p3d	images/water_bliss/river/enoch_river_644.p3d.jpg	database/water_bliss/river/objects.json	dzobj_uu0v8niksn	missing_file
enoch_river_645.p3d	images/water_bliss/river/enoch_river_645.p3d.jpg	database/water_bliss/river/objects.json	dzobj_o3d8avjsfl	missing_file
enoch_river_646.p3d	images/water_bliss/river/enoch_river_646.p3d.jpg	database/water_bliss/river/objects.json	dzobj_zjxvsxv63o	missing_file
enoch_river_647.p3d	images/water_bliss/river/enoch_river_647.p3d.jpg	database/water_bliss/river/objects.json	dzobj_m9zy5sxtga	missing_file
enoch_river_648.p3d	images/water_bliss/river/enoch_river_648.p3d.jpg	database/water_bliss/river/objects.json	dzobj_lai5ni4fd6	missing_file
enoch_river_649.p3d	images/water_bliss/river/enoch_river_649.p3d.jpg	database/water_bliss/river/objects.json	dzobj_c0rwdp0j4v	missing_file
enoch_river_65.p3d	images/water_bliss/river/enoch_river_65.p3d.jpg	database/water_bliss/river/objects.json	dzobj_oqpz28kn9b	missing_file
enoch_river_650.p3d	images/water_bliss/river/enoch_river_650.p3d.jpg	database/water_bliss/river/objects.json	dzobj_f6hi6ne4ho	missing_file
enoch_river_651.p3d	images/water_bliss/river/enoch_river_651.p3d.jpg	database/water_bliss/river/objects.json	dzobj_ov3mv2jzn3	missing_file
enoch_river_652.p3d	images/water_bliss/river/enoch_river_652.p3d.jpg	database/water_bliss/river/objects.json	dzobj_nwa83pd1fi	missing_file
enoch_river_653.p3d	images/water_bliss/river/enoch_river_653.p3d.jpg	database/water_bliss/river/objects.json	dzobj_js9ct33e9n	missing_file
enoch_river_654.p3d	images/water_bliss/river/enoch_river_654.p3d.jpg	database/water_bliss/river/objects.json	dzobj_dgj7lq9027	missing_file
enoch_river_655.p3d	images/water_bliss/river/enoch_river_655.p3d.jpg	database/water_bliss/river/objects.json	dzobj_54j1zi0h8q	missing_file
enoch_river_656.p3d	images/water_bliss/river/enoch_river_656.p3d.jpg	database/water_bliss/river/objects.json	dzobj_bhzjmbmgu7	missing_file
enoch_river_657.p3d	images/water_bliss/river/enoch_river_657.p3d.jpg	database/water_bliss/river/objects.json	dzobj_69yd98zsne	missing_file
enoch_river_658.p3d	images/water_bliss/river/enoch_river_658.p3d.jpg	database/water_bliss/river/objects.json	dzobj_xpqd63v8aa	missing_file
enoch_river_659.p3d	images/water_bliss/river/enoch_river_659.p3d.jpg	database/water_bliss/river/objects.json	dzobj_i37n5eaxg4	missing_file
enoch_river_66.p3d	images/water_bliss/river/enoch_river_66.p3d.jpg	database/water_bliss/river/objects.json	dzobj_krwikv5kc8	missing_file
enoch_river_660.p3d	images/water_bliss/river/enoch_river_660.p3d.jpg	database/water_bliss/river/objects.json	dzobj_a0ak3s59ue	missing_file
enoch_river_661.p3d	images/water_bliss/river/enoch_river_661.p3d.jpg	database/water_bliss/river/objects.json	dzobj_7rd26z0cvn	missing_file
enoch_river_662.p3d	images/water_bliss/river/enoch_river_662.p3d.jpg	database/water_bliss/river/objects.json	dzobj_pc7rw02t7f	missing_file
enoch_river_663.p3d	images/water_bliss/river/enoch_river_663.p3d.jpg	database/water_bliss/river/objects.json	dzobj_fo3i8unv1h	missing_file
enoch_river_664.p3d	images/water_bliss/river/enoch_river_664.p3d.jpg	database/water_bliss/river/objects.json	dzobj_8jrsytm5z5	missing_file
enoch_river_665.p3d	images/water_bliss/river/enoch_river_665.p3d.jpg	database/water_bliss/river/objects.json	dzobj_fo9jabbwib	missing_file
enoch_river_666.p3d	images/water_bliss/river/enoch_river_666.p3d.jpg	database/water_bliss/river/objects.json	dzobj_tq6za5imo2	missing_file
enoch_river_667.p3d	images/water_bliss/river/enoch_river_667.p3d.jpg	database/water_bliss/river/objects.json	dzobj_jxsyrulmtm	missing_file
enoch_river_668.p3d	images/water_bliss/river/enoch_river_668.p3d.jpg	database/water_bliss/river/objects.json	dzobj_8fxvssuy3h	missing_file
enoch_river_669.p3d	images/water_bliss/river/enoch_river_669.p3d.jpg	database/water_bliss/river/objects.json	dzobj_3fumtdgb78	missing_file
enoch_river_67.p3d	images/water_bliss/river/enoch_river_67.p3d.jpg	database/water_bliss/river/objects.json	dzobj_ea5plv3sy9	missing_file
enoch_river_670.p3d	images/water_bliss/river/enoch_river_670.p3d.jpg	database/water_bliss/river/objects.json	dzobj_1tac3yv3y6	missing_file
enoch_river_671.p3d	images/water_bliss/river/enoch_river_671.p3d.jpg	database/water_bliss/river/objects.json	dzobj_4nr4aqzgad	missing_file
enoch_river_672.p3d	images/water_bliss/river/enoch_river_672.p3d.jpg	database/water_bliss/river/objects.json	dzobj_k941km2fcb	missing_file
enoch_river_673.p3d	images/water_bliss/river/enoch_river_673.p3d.jpg	database/water_bliss/river/objects.json	dzobj_vx91i1b4uw	missing_file
enoch_river_674.p3d	images/water_bliss/river/enoch_river_674.p3d.jpg	database/water_bliss/river/objects.json	dzobj_gz22lnkjue	missing_file
enoch_river_675.p3d	images/water_bliss/river/enoch_river_675.p3d.jpg	database/water_bliss/river/objects.json	dzobj_47dq6kar5z	missing_file
enoch_river_676.p3d	images/water_bliss/river/enoch_river_676.p3d.jpg	database/water_bliss/river/objects.json	dzobj_mn26sbevcb	missing_file
enoch_river_677.p3d	images/water_bliss/river/enoch_river_677.p3d.jpg	database/water_bliss/river/objects.json	dzobj_ktbg2hefeb	missing_file
enoch_river_678.p3d	images/water_bliss/river/enoch_river_678.p3d.jpg	database/water_bliss/river/objects.json	dzobj_9zslposzh7	missing_file
enoch_river_679.p3d	images/water_bliss/river/enoch_river_679.p3d.jpg	database/water_bliss/river/objects.json	dzobj_blfgpkigca	missing_file
enoch_river_68.p3d	images/water_bliss/river/enoch_river_68.p3d.jpg	database/water_bliss/river/objects.json	dzobj_a6n46z5ly5	missing_file
enoch_river_680.p3d	images/water_bliss/river/enoch_river_680.p3d.jpg	database/water_bliss/river/objects.json	dzobj_a3atvwnurg	missing_file
enoch_river_681.p3d	images/water_bliss/river/enoch_river_681.p3d.jpg	database/water_bliss/river/objects.json	dzobj_dp3jyz1oa5	missing_file
enoch_river_682.p3d	images/water_bliss/river/enoch_river_682.p3d.jpg	database/water_bliss/river/objects.json	dzobj_7xitjp7dkg	missing_file
enoch_river_683.p3d	images/water_bliss/river/enoch_river_683.p3d.jpg	database/water_bliss/river/objects.json	dzobj_z5d8tef9py	missing_file
enoch_river_684.p3d	images/water_bliss/river/enoch_river_684.p3d.jpg	database/water_bliss/river/objects.json	dzobj_cz20lt4qtd	missing_file
enoch_river_685.p3d	images/water_bliss/river/enoch_river_685.p3d.jpg	database/water_bliss/river/objects.json	dzobj_w3gomkzkl3	missing_file
enoch_river_686.p3d	images/water_bliss/river/enoch_river_686.p3d.jpg	database/water_bliss/river/objects.json	dzobj_mdw76t7e1t	missing_file
enoch_river_687.p3d	images/water_bliss/river/enoch_river_687.p3d.jpg	database/water_bliss/river/objects.json	dzobj_wae206gi0e	missing_file
enoch_river_688.p3d	images/water_bliss/river/enoch_river_688.p3d.jpg	database/water_bliss/river/objects.json	dzobj_golhmciyic	missing_file
enoch_river_689.p3d	images/water_bliss/river/enoch_river_689.p3d.jpg	database/water_bliss/river/objects.json	dzobj_myyvavv3fw	missing_file
enoch_river_69.p3d	images/water_bliss/river/enoch_river_69.p3d.jpg	database/water_bliss/river/objects.json	dzobj_jk5xes44n6	missing_file
enoch_river_690.p3d	images/water_bliss/river/enoch_river_690.p3d.jpg	database/water_bliss/river/objects.json	dzobj_dm41p5vjal	missing_file
enoch_river_691.p3d	images/water_bliss/river/enoch_river_691.p3d.jpg	database/water_bliss/river/objects.json	dzobj_9mj6pt6zxj	missing_file
enoch_river_692.p3d	images/water_bliss/river/enoch_river_692.p3d.jpg	database/water_bliss/river/objects.json	dzobj_ooaczd9jbm	missing_file
enoch_river_693.p3d	images/water_bliss/river/enoch_river_693.p3d.jpg	database/water_bliss/river/objects.json	dzobj_6taic4xgtp	missing_file
enoch_river_694.p3d	images/water_bliss/river/enoch_river_694.p3d.jpg	database/water_bliss/river/objects.json	dzobj_9c83l2v11g	missing_file
enoch_river_695.p3d	images/water_bliss/river/enoch_river_695.p3d.jpg	database/water_bliss/river/objects.json	dzobj_f2phsroxa8	missing_file
enoch_river_696.p3d	images/water_bliss/river/enoch_river_696.p3d.jpg	database/water_bliss/river/objects.json	dzobj_win9qj6cye	missing_file
enoch_river_697.p3d	images/water_bliss/river/enoch_river_697.p3d.jpg	database/water_bliss/river/objects.json	dzobj_aig09xj7s9	missing_file
enoch_river_698.p3d	images/water_bliss/river/enoch_river_698.p3d.jpg	database/water_bliss/river/objects.json	dzobj_xrpaowcqhe	missing_file
enoch_river_699.p3d	images/water_bliss/river/enoch_river_699.p3d.jpg	database/water_bliss/river/objects.json	dzobj_yhl256rx36	missing_file
enoch_river_7.p3d	images/water_bliss/river/enoch_river_7.p3d.jpg	database/water_bliss/river/objects.json	dzobj_ez9xssigcd	missing_file
enoch_river_70.p3d	images/water_bliss/river/enoch_river_70.p3d.jpg	database/water_bliss/river/objects.json	dzobj_4hwuah0iwz	missing_file
enoch_river_700.p3d	images/water_bliss/river/enoch_river_700.p3d.jpg	database/water_bliss/river/objects.json	dzobj_l3zlg0d6go	missing_file
enoch_river_701.p3d	images/water_bliss/river/enoch_river_701.p3d.jpg	database/water_bliss/river/objects.json	dzobj_yh2725g546	missing_file
enoch_river_702.p3d	images/water_bliss/river/enoch_river_702.p3d.jpg	database/water_bliss/river/objects.json	dzobj_t9654fwadf	missing_file
enoch_river_703.p3d	images/water_bliss/river/enoch_river_703.p3d.jpg	database/water_bliss/river/objects.json	dzobj_202o18t86l	missing_file
enoch_river_704.p3d	images/water_bliss/river/enoch_river_704.p3d.jpg	database/water_bliss/river/objects.json	dzobj_83437jq1ox	missing_file
enoch_river_705.p3d	images/water_bliss/river/enoch_river_705.p3d.jpg	database/water_bliss/river/objects.json	dzobj_3dkecoqit9	missing_file
enoch_river_706.p3d	images/water_bliss/river/enoch_river_706.p3d.jpg	database/water_bliss/river/objects.json	dzobj_v0iwabuniq	missing_file
enoch_river_707.p3d	images/water_bliss/river/enoch_river_707.p3d.jpg	database/water_bliss/river/objects.json	dzobj_b1zt2px2s3	missing_file
enoch_river_708.p3d	images/water_bliss/river/enoch_river_708.p3d.jpg	database/water_bliss/river/objects.json	dzobj_0t06lltca0	missing_file
enoch_river_709.p3d	images/water_bliss/river/enoch_river_709.p3d.jpg	database/water_bliss/river/objects.json	dzobj_yfrrk2nqc9	missing_file
enoch_river_71.p3d	images/water_bliss/river/enoch_river_71.p3d.jpg	database/water_bliss/river/objects.json	dzobj_k45z6nbfgs	missing_file
enoch_river_710.p3d	images/water_bliss/river/enoch_river_710.p3d.jpg	database/water_bliss/river/objects.json	dzobj_6ph2fv4f9a	missing_file
enoch_river_711.p3d	images/water_bliss/river/enoch_river_711.p3d.jpg	database/water_bliss/river/objects.json	dzobj_c6fp53z5nr	missing_file
enoch_river_712.p3d	images/water_bliss/river/enoch_river_712.p3d.jpg	database/water_bliss/river/objects.json	dzobj_emixdp9wud	missing_file
enoch_river_713.p3d	images/water_bliss/river/enoch_river_713.p3d.jpg	database/water_bliss/river/objects.json	dzobj_z6ltyxwc7c	missing_file
enoch_river_714.p3d	images/water_bliss/river/enoch_river_714.p3d.jpg	database/water_bliss/river/objects.json	dzobj_xqyjsksuda	missing_file
enoch_river_715.p3d	images/water_bliss/river/enoch_river_715.p3d.jpg	database/water_bliss/river/objects.json	dzobj_qgfa7035tw	missing_file
enoch_river_716.p3d	images/water_bliss/river/enoch_river_716.p3d.jpg	database/water_bliss/river/objects.json	dzobj_4hj1sqy3qq	missing_file
enoch_river_717.p3d	images/water_bliss/river/enoch_river_717.p3d.jpg	database/water_bliss/river/objects.json	dzobj_tfbl2cuf1n	missing_file
enoch_river_718.p3d	images/water_bliss/river/enoch_river_718.p3d.jpg	database/water_bliss/river/objects.json	dzobj_em5zvt1x9q	missing_file
enoch_river_719.p3d	images/water_bliss/river/enoch_river_719.p3d.jpg	database/water_bliss/river/objects.json	dzobj_rkayuvxmq6	missing_file
enoch_river_72.p3d	images/water_bliss/river/enoch_river_72.p3d.jpg	database/water_bliss/river/objects.json	dzobj_4k9wcufes9	missing_file
enoch_river_720.p3d	images/water_bliss/river/enoch_river_720.p3d.jpg	database/water_bliss/river/objects.json	dzobj_pcmxuj46x4	missing_file
enoch_river_721.p3d	images/water_bliss/river/enoch_river_721.p3d.jpg	database/water_bliss/river/objects.json	dzobj_0vwlrw8eiz	missing_file
enoch_river_722.p3d	images/water_bliss/river/enoch_river_722.p3d.jpg	database/water_bliss/river/objects.json	dzobj_6h4rydioge	missing_file
enoch_river_723.p3d	images/water_bliss/river/enoch_river_723.p3d.jpg	database/water_bliss/river/objects.json	dzobj_4h77bxosfp	missing_file
enoch_river_724.p3d	images/water_bliss/river/enoch_river_724.p3d.jpg	database/water_bliss/river/objects.json	dzobj_czolqyb8es	missing_file
enoch_river_725.p3d	images/water_bliss/river/enoch_river_725.p3d.jpg	database/water_bliss/river/objects.json	dzobj_r6dtgz9fsz	missing_file
enoch_river_726.p3d	images/water_bliss/river/enoch_river_726.p3d.jpg	database/water_bliss/river/objects.json	dzobj_1oxxr79u1t	missing_file
enoch_river_727.p3d	images/water_bliss/river/enoch_river_727.p3d.jpg	database/water_bliss/river/objects.json	dzobj_c4o0q1iu5l	missing_file
enoch_river_728.p3d	images/water_bliss/river/enoch_river_728.p3d.jpg	database/water_bliss/river/objects.json	dzobj_zkgkingikm	missing_file
enoch_river_729.p3d	images/water_bliss/river/enoch_river_729.p3d.jpg	database/water_bliss/river/objects.json	dzobj_999lhuezus	missing_file
enoch_river_73.p3d	images/water_bliss/river/enoch_river_73.p3d.jpg	database/water_bliss/river/objects.json	dzobj_yrs7n7z52w	missing_file
enoch_river_730.p3d	images/water_bliss/river/enoch_river_730.p3d.jpg	database/water_bliss/river/objects.json	dzobj_ryw9eh9c8b	missing_file
enoch_river_731.p3d	images/water_bliss/river/enoch_river_731.p3d.jpg	database/water_bliss/river/objects.json	dzobj_hv6tme0dih	missing_file
enoch_river_732.p3d	images/water_bliss/river/enoch_river_732.p3d.jpg	database/water_bliss/river/objects.json	dzobj_6kswzu7w57	missing_file
enoch_river_733.p3d	images/water_bliss/river/enoch_river_733.p3d.jpg	database/water_bliss/river/objects.json	dzobj_0mkjvye4xu	missing_file
enoch_river_734.p3d	images/water_bliss/river/enoch_river_734.p3d.jpg	database/water_bliss/river/objects.json	dzobj_th17vowap8	missing_file
enoch_river_735.p3d	images/water_bliss/river/enoch_river_735.p3d.jpg	database/water_bliss/river/objects.json	dzobj_q5dpuzemsb	missing_file
enoch_river_736.p3d	images/water_bliss/river/enoch_river_736.p3d.jpg	database/water_bliss/river/objects.json	dzobj_jrt7pevxgz	missing_file
enoch_river_737.p3d	images/water_bliss/river/enoch_river_737.p3d.jpg	database/water_bliss/river/objects.json	dzobj_0tbxg0pt2c	missing_file
enoch_river_738.p3d	images/water_bliss/river/enoch_river_738.p3d.jpg	database/water_bliss/river/objects.json	dzobj_pler10llih	missing_file
enoch_river_739.p3d	images/water_bliss/river/enoch_river_739.p3d.jpg	database/water_bliss/river/objects.json	dzobj_p61osp58xq	missing_file
enoch_river_74.p3d	images/water_bliss/river/enoch_river_74.p3d.jpg	database/water_bliss/river/objects.json	dzobj_zjf3t0f1fj	missing_file
enoch_river_740.p3d	images/water_bliss/river/enoch_river_740.p3d.jpg	database/water_bliss/river/objects.json	dzobj_h7dwykokyz	missing_file
enoch_river_741.p3d	images/water_bliss/river/enoch_river_741.p3d.jpg	database/water_bliss/river/objects.json	dzobj_ochpzaez16	missing_file
enoch_river_742.p3d	images/water_bliss/river/enoch_river_742.p3d.jpg	database/water_bliss/river/objects.json	dzobj_xesdzgwqfz	missing_file
enoch_river_743.p3d	images/water_bliss/river/enoch_river_743.p3d.jpg	database/water_bliss/river/objects.json	dzobj_iv42aydp16	missing_file
enoch_river_744.p3d	images/water_bliss/river/enoch_river_744.p3d.jpg	database/water_bliss/river/objects.json	dzobj_q6coy0bjfj	missing_file
enoch_river_745.p3d	images/water_bliss/river/enoch_river_745.p3d.jpg	database/water_bliss/river/objects.json	dzobj_w2c1ie0ka3	missing_file
enoch_river_746.p3d	images/water_bliss/river/enoch_river_746.p3d.jpg	database/water_bliss/river/objects.json	dzobj_ooxajmzfwb	missing_file
enoch_river_747.p3d	images/water_bliss/river/enoch_river_747.p3d.jpg	database/water_bliss/river/objects.json	dzobj_suh4cig5oo	missing_file
enoch_river_748.p3d	images/water_bliss/river/enoch_river_748.p3d.jpg	database/water_bliss/river/objects.json	dzobj_v7ak912w1g	missing_file
enoch_river_749.p3d	images/water_bliss/river/enoch_river_749.p3d.jpg	database/water_bliss/river/objects.json	dzobj_nu4fi7onm1	missing_file
enoch_river_75.p3d	images/water_bliss/river/enoch_river_75.p3d.jpg	database/water_bliss/river/objects.json	dzobj_qq9k00osux	missing_file
enoch_river_750.p3d	images/water_bliss/river/enoch_river_750.p3d.jpg	database/water_bliss/river/objects.json	dzobj_ozxvwfhe36	missing_file
enoch_river_751.p3d	images/water_bliss/river/enoch_river_751.p3d.jpg	database/water_bliss/river/objects.json	dzobj_6zejptiikk	missing_file
enoch_river_752.p3d	images/water_bliss/river/enoch_river_752.p3d.jpg	database/water_bliss/river/objects.json	dzobj_0nesguq7ct	missing_file
enoch_river_753.p3d	images/water_bliss/river/enoch_river_753.p3d.jpg	database/water_bliss/river/objects.json	dzobj_ktfigttnv8	missing_file
enoch_river_754.p3d	images/water_bliss/river/enoch_river_754.p3d.jpg	database/water_bliss/river/objects.json	dzobj_yk5kb7sb6d	missing_file
enoch_river_755.p3d	images/water_bliss/river/enoch_river_755.p3d.jpg	database/water_bliss/river/objects.json	dzobj_urwa7dkpri	missing_file
enoch_river_756.p3d	images/water_bliss/river/enoch_river_756.p3d.jpg	database/water_bliss/river/objects.json	dzobj_h9e37gxgoq	missing_file
enoch_river_757.p3d	images/water_bliss/river/enoch_river_757.p3d.jpg	database/water_bliss/river/objects.json	dzobj_85rmncyiuz	missing_file
enoch_river_758.p3d	images/water_bliss/river/enoch_river_758.p3d.jpg	database/water_bliss/river/objects.json	dzobj_mgn9jz3v6a	missing_file
enoch_river_759.p3d	images/water_bliss/river/enoch_river_759.p3d.jpg	database/water_bliss/river/objects.json	dzobj_qc1e2s5ph5	missing_file
enoch_river_76.p3d	images/water_bliss/river/enoch_river_76.p3d.jpg	database/water_bliss/river/objects.json	dzobj_he35s2zp4b	missing_file
enoch_river_760.p3d	images/water_bliss/river/enoch_river_760.p3d.jpg	database/water_bliss/river/objects.json	dzobj_vlp04bu5si	missing_file
enoch_river_761.p3d	images/water_bliss/river/enoch_river_761.p3d.jpg	database/water_bliss/river/objects.json	dzobj_zw0sjahs9j	missing_file
enoch_river_762.p3d	images/water_bliss/river/enoch_river_762.p3d.jpg	database/water_bliss/river/objects.json	dzobj_emmrexl208	missing_file
enoch_river_763.p3d	images/water_bliss/river/enoch_river_763.p3d.jpg	database/water_bliss/river/objects.json	dzobj_0wiunas62b	missing_file
enoch_river_764.p3d	images/water_bliss/river/enoch_river_764.p3d.jpg	database/water_bliss/river/objects.json	dzobj_juy1ev5mmo	missing_file
enoch_river_765.p3d	images/water_bliss/river/enoch_river_765.p3d.jpg	database/water_bliss/river/objects.json	dzobj_579eizcrpg	missing_file
enoch_river_766.p3d	images/water_bliss/river/enoch_river_766.p3d.jpg	database/water_bliss/river/objects.json	dzobj_woi8l54y6w	missing_file
enoch_river_767.p3d	images/water_bliss/river/enoch_river_767.p3d.jpg	database/water_bliss/river/objects.json	dzobj_w80t5fxabj	missing_file
enoch_river_768.p3d	images/water_bliss/river/enoch_river_768.p3d.jpg	database/water_bliss/river/objects.json	dzobj_m3p4s4v3xn	missing_file
enoch_river_769.p3d	images/water_bliss/river/enoch_river_769.p3d.jpg	database/water_bliss/river/objects.json	dzobj_y43q8nfhmk	missing_file
enoch_river_77.p3d	images/water_bliss/river/enoch_river_77.p3d.jpg	database/water_bliss/river/objects.json	dzobj_izm96w1k7a	missing_file
enoch_river_770.p3d	images/water_bliss/river/enoch_river_770.p3d.jpg	database/water_bliss/river/objects.json	dzobj_0qdnnz4dcq	missing_file
enoch_river_771.p3d	images/water_bliss/river/enoch_river_771.p3d.jpg	database/water_bliss/river/objects.json	dzobj_k65qfzbho3	missing_file
enoch_river_772.p3d	images/water_bliss/river/enoch_river_772.p3d.jpg	database/water_bliss/river/objects.json	dzobj_zw3wq4l3hk	missing_file
enoch_river_773.p3d	images/water_bliss/river/enoch_river_773.p3d.jpg	database/water_bliss/river/objects.json	dzobj_d10vlj3e12	missing_file
enoch_river_774.p3d	images/water_bliss/river/enoch_river_774.p3d.jpg	database/water_bliss/river/objects.json	dzobj_t6jtt4nuf8	missing_file
enoch_river_775.p3d	images/water_bliss/river/enoch_river_775.p3d.jpg	database/water_bliss/river/objects.json	dzobj_c2blqt10ug	missing_file
enoch_river_776.p3d	images/water_bliss/river/enoch_river_776.p3d.jpg	database/water_bliss/river/objects.json	dzobj_3hk6ov9xcw	missing_file
enoch_river_777.p3d	images/water_bliss/river/enoch_river_777.p3d.jpg	database/water_bliss/river/objects.json	dzobj_ztm6fp1nqy	missing_file
enoch_river_778.p3d	images/water_bliss/river/enoch_river_778.p3d.jpg	database/water_bliss/river/objects.json	dzobj_lopgfpfwlh	missing_file
enoch_river_779.p3d	images/water_bliss/river/enoch_river_779.p3d.jpg	database/water_bliss/river/objects.json	dzobj_6em13idt4b	missing_file
enoch_river_78.p3d	images/water_bliss/river/enoch_river_78.p3d.jpg	database/water_bliss/river/objects.json	dzobj_ayhnf79z1g	missing_file
enoch_river_780.p3d	images/water_bliss/river/enoch_river_780.p3d.jpg	database/water_bliss/river/objects.json	dzobj_8rc8wahpil	missing_file
enoch_river_781.p3d	images/water_bliss/river/enoch_river_781.p3d.jpg	database/water_bliss/river/objects.json	dzobj_offr0gwbnp	missing_file
enoch_river_782.p3d	images/water_bliss/river/enoch_river_782.p3d.jpg	database/water_bliss/river/objects.json	dzobj_fxonbw5ney	missing_file
enoch_river_783.p3d	images/water_bliss/river/enoch_river_783.p3d.jpg	database/water_bliss/river/objects.json	dzobj_wmzvek00m3	missing_file
enoch_river_784.p3d	images/water_bliss/river/enoch_river_784.p3d.jpg	database/water_bliss/river/objects.json	dzobj_qp89uj1ews	missing_file
enoch_river_785.p3d	images/water_bliss/river/enoch_river_785.p3d.jpg	database/water_bliss/river/objects.json	dzobj_n3abd7q6ms	missing_file
enoch_river_786.p3d	images/water_bliss/river/enoch_river_786.p3d.jpg	database/water_bliss/river/objects.json	dzobj_gfah0nc85f	missing_file
enoch_river_787.p3d	images/water_bliss/river/enoch_river_787.p3d.jpg	database/water_bliss/river/objects.json	dzobj_u8r1kirv6m	missing_file
enoch_river_788.p3d	images/water_bliss/river/enoch_river_788.p3d.jpg	database/water_bliss/river/objects.json	dzobj_92q70782zc	missing_file
enoch_river_789.p3d	images/water_bliss/river/enoch_river_789.p3d.jpg	database/water_bliss/river/objects.json	dzobj_s5z64ibisz	missing_file
enoch_river_79.p3d	images/water_bliss/river/enoch_river_79.p3d.jpg	database/water_bliss/river/objects.json	dzobj_usgxi858un	missing_file
enoch_river_790.p3d	images/water_bliss/river/enoch_river_790.p3d.jpg	database/water_bliss/river/objects.json	dzobj_q1i1kudkgo	missing_file
enoch_river_791.p3d	images/water_bliss/river/enoch_river_791.p3d.jpg	database/water_bliss/river/objects.json	dzobj_h3n3gpnicz	missing_file
enoch_river_792.p3d	images/water_bliss/river/enoch_river_792.p3d.jpg	database/water_bliss/river/objects.json	dzobj_wdubinam6l	missing_file
enoch_river_793.p3d	images/water_bliss/river/enoch_river_793.p3d.jpg	database/water_bliss/river/objects.json	dzobj_8vta30yrd5	missing_file
enoch_river_794.p3d	images/water_bliss/river/enoch_river_794.p3d.jpg	database/water_bliss/river/objects.json	dzobj_hfn3rov43i	missing_file
enoch_river_795.p3d	images/water_bliss/river/enoch_river_795.p3d.jpg	database/water_bliss/river/objects.json	dzobj_sbhf06c2v2	missing_file
enoch_river_796.p3d	images/water_bliss/river/enoch_river_796.p3d.jpg	database/water_bliss/river/objects.json	dzobj_jl4xz82o2b	missing_file
enoch_river_797.p3d	images/water_bliss/river/enoch_river_797.p3d.jpg	database/water_bliss/river/objects.json	dzobj_wd2zxegh4v	missing_file
enoch_river_798.p3d	images/water_bliss/river/enoch_river_798.p3d.jpg	database/water_bliss/river/objects.json	dzobj_aga79v07vf	missing_file
enoch_river_799.p3d	images/water_bliss/river/enoch_river_799.p3d.jpg	database/water_bliss/river/objects.json	dzobj_7548vm1ago	missing_file
enoch_river_8.p3d	images/water_bliss/river/enoch_river_8.p3d.jpg	database/water_bliss/river/objects.json	dzobj_ayubt5xa3c	missing_file
enoch_river_80.p3d	images/water_bliss/river/enoch_river_80.p3d.jpg	database/water_bliss/river/objects.json	dzobj_a190cpydtk	missing_file
enoch_river_800.p3d	images/water_bliss/river/enoch_river_800.p3d.jpg	database/water_bliss/river/objects.json	dzobj_npzu1g4q86	missing_file
enoch_river_801.p3d	images/water_bliss/river/enoch_river_801.p3d.jpg	database/water_bliss/river/objects.json	dzobj_2j54cuxfzk	missing_file
enoch_river_802.p3d	images/water_bliss/river/enoch_river_802.p3d.jpg	database/water_bliss/river/objects.json	dzobj_nwejlcjg0d	missing_file
enoch_river_803.p3d	images/water_bliss/river/enoch_river_803.p3d.jpg	database/water_bliss/river/objects.json	dzobj_e8lmls49d1	missing_file
enoch_river_81.p3d	images/water_bliss/river/enoch_river_81.p3d.jpg	database/water_bliss/river/objects.json	dzobj_kh8hopa1cp	missing_file
enoch_river_82.p3d	images/water_bliss/river/enoch_river_82.p3d.jpg	database/water_bliss/river/objects.json	dzobj_e3qxzp8kpi	missing_file
enoch_river_83.p3d	images/water_bliss/river/enoch_river_83.p3d.jpg	database/water_bliss/river/objects.json	dzobj_09l6hjos3j	missing_file
enoch_river_84.p3d	images/water_bliss/river/enoch_river_84.p3d.jpg	database/water_bliss/river/objects.json	dzobj_eujdjndobr	missing_file
enoch_river_85.p3d	images/water_bliss/river/enoch_river_85.p3d.jpg	database/water_bliss/river/objects.json	dzobj_pk7vz41b58	missing_file
enoch_river_86.p3d	images/water_bliss/river/enoch_river_86.p3d.jpg	database/water_bliss/river/objects.json	dzobj_wost57nmar	missing_file
enoch_river_87.p3d	images/water_bliss/river/enoch_river_87.p3d.jpg	database/water_bliss/river/objects.json	dzobj_4b1ool3x15	missing_file
enoch_river_88.p3d	images/water_bliss/river/enoch_river_88.p3d.jpg	database/water_bliss/river/objects.json	dzobj_yon67wwc2s	missing_file
enoch_river_89.p3d	images/water_bliss/river/enoch_river_89.p3d.jpg	database/water_bliss/river/objects.json	dzobj_o5nq3v682l	missing_file
enoch_river_9.p3d	images/water_bliss/river/enoch_river_9.p3d.jpg	database/water_bliss/river/objects.json	dzobj_hbhwqbaj09	missing_file
enoch_river_90.p3d	images/water_bliss/river/enoch_river_90.p3d.jpg	database/water_bliss/river/objects.json	dzobj_xupxrbkuyu	missing_file
enoch_river_91.p3d	images/water_bliss/river/enoch_river_91.p3d.jpg	database/water_bliss/river/objects.json	dzobj_bh4tu45ug0	missing_file
enoch_river_92.p3d	images/water_bliss/river/enoch_river_92.p3d.jpg	database/water_bliss/river/objects.json	dzobj_qex6mtlsip	missing_file
enoch_river_93.p3d	images/water_bliss/river/enoch_river_93.p3d.jpg	database/water_bliss/river/objects.json	dzobj_xwpngz7xbg	missing_file
enoch_river_94.p3d	images/water_bliss/river/enoch_river_94.p3d.jpg	database/water_bliss/river/objects.json	dzobj_lkoaafvlv9	missing_file
enoch_river_95.p3d	images/water_bliss/river/enoch_river_95.p3d.jpg	database/water_bliss/river/objects.json	dzobj_7mt79a6kh7	missing_file
enoch_river_96.p3d	images/water_bliss/river/enoch_river_96.p3d.jpg	database/water_bliss/river/objects.json	dzobj_xbnn30wx0q	missing_file
enoch_river_97.p3d	images/water_bliss/river/enoch_river_97.p3d.jpg	database/water_bliss/river/objects.json	dzobj_i3uh5fi3mi	missing_file
enoch_river_98.p3d	images/water_bliss/river/enoch_river_98.p3d.jpg	database/water_bliss/river/objects.json	dzobj_elhrougrb2	missing_file
enoch_river_99.p3d	images/water_bliss/river/enoch_river_99.p3d.jpg	database/water_bliss/river/objects.json	dzobj_35is3l1rc8	missing_file
StaticObj_WaterSpring_Sakhal	images/water_sakhal/fresh/staticobj_waterspring_sakhal/staticobj_waterspring_sakhal.jpg	database/water_sakhal/Fresh/objects.json	dzobj_jmorxqban6	missing_file
waterspring_sakhal.p3d	images/water_sakhal/fresh/staticobj_waterspring_sakhal/staticobj_waterspring_sakhal.jpg	database/water_sakhal/Fresh/objects.json	dzobj_rfpbju92zj	missing_file
waterspring_sakhal_01.p3d	images/water_sakhal/fresh/waterspring_sakhal_01.p3d.jpg	database/water_sakhal/Fresh/objects.json	dzobj_br15zs1nuu	missing_file
waterspring_sakhal_02.p3d	images/water_sakhal/fresh/waterspring_sakhal_02.p3d.jpg	database/water_sakhal/Fresh/objects.json	dzobj_2yn09wqjlc	missing_file
waterspring_sakhal_03.p3d	images/water_sakhal/fresh/waterspring_sakhal_03.p3d.jpg	database/water_sakhal/Fresh/objects.json	dzobj_46bldc33qw	missing_file
waterspring_sakhal_04.p3d	images/water_sakhal/fresh/waterspring_sakhal_04.p3d.jpg	database/water_sakhal/Fresh/objects.json	dzobj_xg9ar4a3c9	missing_file
waterspring_sakhal_05.p3d	images/water_sakhal/fresh/waterspring_sakhal_05.p3d.jpg	database/water_sakhal/Fresh/objects.json	dzobj_qcv21wtq88	missing_file
waterspring_sakhal_06.p3d	images/water_sakhal/fresh/waterspring_sakhal_06.p3d.jpg	database/water_sakhal/Fresh/objects.json	dzobj_8lsavjoxyl	missing_file
waterspring_sakhal_07.p3d	images/water_sakhal/fresh/waterspring_sakhal_07.p3d.jpg	database/water_sakhal/Fresh/objects.json	dzobj_0ikte5gxpe	missing_file
waterspring_sakhal_08.p3d	images/water_sakhal/fresh/waterspring_sakhal_08.p3d.jpg	database/water_sakhal/Fresh/objects.json	dzobj_1ez2yjzh1a	missing_file
waterspring_sakhal_09.p3d	images/water_sakhal/fresh/waterspring_sakhal_09.p3d.jpg	database/water_sakhal/Fresh/objects.json	dzobj_iftuy2zm1y	missing_file
waterspring_sakhal_10.p3d	images/water_sakhal/fresh/waterspring_sakhal_10.p3d.jpg	database/water_sakhal/Fresh/objects.json	dzobj_plerphtf0z	missing_file
waterspring_sakhal_11.p3d	images/water_sakhal/fresh/waterspring_sakhal_11.p3d.jpg	database/water_sakhal/Fresh/objects.json	dzobj_ec9jdf2waj	missing_file
waterspring_sakhal_12.p3d	images/water_sakhal/fresh/waterspring_sakhal_12.p3d.jpg	database/water_sakhal/Fresh/objects.json	dzobj_75tapq1jei	missing_file
waterspring_sakhal_13.p3d	images/water_sakhal/fresh/waterspring_sakhal_13.p3d.jpg	database/water_sakhal/Fresh/objects.json	dzobj_68k3kmtj1h	missing_file
waterspring_sakhal_14.p3d	images/water_sakhal/fresh/waterspring_sakhal_14.p3d.jpg	database/water_sakhal/Fresh/objects.json	dzobj_98g5otmb4u	missing_file
waterspring_sakhal_15.p3d	images/water_sakhal/fresh/waterspring_sakhal_15.p3d.jpg	database/water_sakhal/Fresh/objects.json	dzobj_b6zp50mip7	missing_file
waterspring_sakhal_16.p3d	images/water_sakhal/fresh/waterspring_sakhal_16.p3d.jpg	database/water_sakhal/Fresh/objects.json	dzobj_x0ik7op51l	missing_file
waterspring_sakhal_17.p3d	images/water_sakhal/fresh/waterspring_sakhal_17.p3d.jpg	database/water_sakhal/Fresh/objects.json	dzobj_j096ibs625	missing_file
waterspring_sakhal_18.p3d	images/water_sakhal/fresh/waterspring_sakhal_18.p3d.jpg	database/water_sakhal/Fresh/objects.json	dzobj_143i1lcc8h	missing_file
waterspring_sakhal_19.p3d	images/water_sakhal/fresh/waterspring_sakhal_19.p3d.jpg	database/water_sakhal/Fresh/objects.json	dzobj_9ts7wai6tj	missing_file
waterspring_sakhal_20.p3d	images/water_sakhal/fresh/waterspring_sakhal_20.p3d.jpg	database/water_sakhal/Fresh/objects.json	dzobj_bihsqrqym1	missing_file
waterspring_sakhal_21.p3d	images/water_sakhal/fresh/waterspring_sakhal_21.p3d.jpg	database/water_sakhal/Fresh/objects.json	dzobj_0ow5w3hc0j	missing_file
waterspring_sakhal_22.p3d	images/water_sakhal/fresh/waterspring_sakhal_22.p3d.jpg	database/water_sakhal/Fresh/objects.json	dzobj_1yf6plb8l7	missing_file
waterspring_sakhal_23.p3d	images/water_sakhal/fresh/waterspring_sakhal_23.p3d.jpg	database/water_sakhal/Fresh/objects.json	dzobj_ap64t76ps4	missing_file
waterspring_sakhal_24.p3d	images/water_sakhal/fresh/waterspring_sakhal_24.p3d.jpg	database/water_sakhal/Fresh/objects.json	dzobj_xraqhqmxbr	missing_file
waterspring_sakhal_25.p3d	images/water_sakhal/fresh/waterspring_sakhal_25.p3d.jpg	database/water_sakhal/Fresh/objects.json	dzobj_8x2siiue7j	missing_file
waterspring_sakhal_26.p3d	images/water_sakhal/fresh/waterspring_sakhal_26.p3d.jpg	database/water_sakhal/Fresh/objects.json	dzobj_hify0vx9sg	missing_file
waterspring_sakhal_27.p3d	images/water_sakhal/fresh/waterspring_sakhal_27.p3d.jpg	database/water_sakhal/Fresh/objects.json	dzobj_ii0hpeqc31	missing_file
waterspring_sakhal_28.p3d	images/water_sakhal/fresh/waterspring_sakhal_28.p3d.jpg	database/water_sakhal/Fresh/objects.json	dzobj_h5pftamstc	missing_file
waterspring_sakhal_29.p3d	images/water_sakhal/fresh/waterspring_sakhal_29.p3d.jpg	database/water_sakhal/Fresh/objects.json	dzobj_65a7owbm8g	missing_file
waterspring_sakhal_30.p3d	images/water_sakhal/fresh/waterspring_sakhal_30.p3d.jpg	database/water_sakhal/Fresh/objects.json	dzobj_mgsnsjnuk2	missing_file
waterspring_sakhal_31.p3d	images/water_sakhal/fresh/waterspring_sakhal_31.p3d.jpg	database/water_sakhal/Fresh/objects.json	dzobj_6xeqqflbpz	missing_file
waterspring_sakhal_32.p3d	images/water_sakhal/fresh/waterspring_sakhal_32.p3d.jpg	database/water_sakhal/Fresh/objects.json	dzobj_utz7fryeae	missing_file
waterspring_sakhal_33.p3d	images/water_sakhal/fresh/waterspring_sakhal_33.p3d.jpg	database/water_sakhal/Fresh/objects.json	dzobj_24d2l8wamg	missing_file
waterspring_sakhal_34.p3d	images/water_sakhal/fresh/waterspring_sakhal_34.p3d.jpg	database/water_sakhal/Fresh/objects.json	dzobj_rpivivyfl1	missing_file
waterspring_sakhal_35.p3d	images/water_sakhal/fresh/waterspring_sakhal_35.p3d.jpg	database/water_sakhal/Fresh/objects.json	dzobj_p9cx7fghh5	missing_file
waterspring_sakhal_36.p3d	images/water_sakhal/fresh/waterspring_sakhal_36.p3d.jpg	database/water_sakhal/Fresh/objects.json	dzobj_51i7vgth96	missing_file
waterspring_sakhal_water.p3d	images/water_sakhal/fresh/waterspring_sakhal_water.p3d.jpg	database/water_sakhal/Fresh/objects.json	dzobj_jos4ycp53u	missing_file
sakhal_50x50_ice_lake.p3d	images/water_sakhal/ice_lake/sakhal_50x50_ice_lake.p3d.jpg	database/water_sakhal/Ice_Lake/objects.json	dzobj_318o0dmsc4	missing_file
sakhal_50x50_ice_lake_clear.p3d	images/water_sakhal/ice_lake/sakhal_50x50_ice_lake_clear.p3d.jpg	database/water_sakhal/Ice_Lake/objects.json	dzobj_7m09dfii3p	missing_file
sakhal_50x50_ice_underlayer.p3d	images/water_sakhal/ice_lake/sakhal_50x50_ice_underlayer.p3d.jpg	database/water_sakhal/Ice_Lake/objects.json	dzobj_vkos6xw5f9	missing_file
sakhal_50x50_water_volcanic.p3d	images/water_sakhal/volcanic/sakhal_50x50_water_volcanic.p3d.jpg	database/water_sakhal/Volcanic/objects.json	dzobj_8cdezkgy2t	missing_file
00buck_10roundbox.p3d	images/weapons/ammunition/00buck_10roundbox.p3d.jpg	database/weapons/ammunition/objects.json	dzobj_l4v9ftj0vm	missing_file
12ga_00buck.p3d	images/weapons/ammunition/Ammo_12gaPellets/Ammo_12gaPellets.jpg	database/weapons/ammunition/objects.json	dzobj_8yqv3gq4fm	missing_file
12ga_beanbag.p3d	images/weapons/ammunition/12ga_beanbag.p3d.jpg	database/weapons/ammunition/objects.json	dzobj_5nscih8vvt	missing_file
12ga_rifled_slug.p3d	images/weapons/ammunition/Ammo_12gaSlug/Ammo_12gaSlug.jpg	database/weapons/ammunition/objects.json	dzobj_fgyqb13ou6	missing_file
12ga_rubberrifled_slug.p3d	images/weapons/ammunition/Ammo_12gaRubberSlug/Ammo_12gaRubberSlug.jpg	database/weapons/ammunition/objects.json	dzobj_09zqbgq287	missing_file
22_looserounds.p3d	images/weapons/ammunition/Ammo_22/Ammo_22.jpg	database/weapons/ammunition/objects.json	dzobj_xl24p6j0rt	missing_file
22lr_looseround.p3d	images/weapons/ammunition/22lr_looseround.p3d.jpg	database/weapons/ammunition/objects.json	dzobj_5keub44isk	missing_file
308win_looserounds.p3d	images/weapons/ammunition/Ammo_308WinTracer/Ammo_308WinTracer.jpg	database/weapons/ammunition/objects.json	dzobj_8o2q9em952	missing_file
357_looserounds.p3d	images/weapons/ammunition/Ammo_357/Ammo_357.jpg	database/weapons/ammunition/objects.json	dzobj_ls9cw73f95	missing_file
380auto_looserounds.p3d	images/weapons/ammunition/Ammo_380/Ammo_380.jpg	database/weapons/ammunition/objects.json	dzobj_eit3zf5dcg	missing_file
380auto_singleround.p3d	images/weapons/ammunition/380auto_singleround.p3d.jpg	database/weapons/ammunition/objects.json	dzobj_1r0vx8mr20	missing_file
40mm_grenade_smoke_b.p3d	images/weapons/ammunition/40mm_grenade_smoke_b.p3d.jpg	database/weapons/ammunition/objects.json	dzobj_saz5dv94rm	missing_file
40mm_grenade_smoke_g.p3d	images/weapons/ammunition/40mm_grenade_smoke_g.p3d.jpg	database/weapons/ammunition/objects.json	dzobj_2zv8joj8wc	missing_file
40mm_grenade_smoke_r.p3d	images/weapons/ammunition/40mm_grenade_smoke_r.p3d.jpg	database/weapons/ammunition/objects.json	dzobj_ana5i71qmy	missing_file
40mm_grenade_smoke_w.p3d	images/weapons/ammunition/40mm_grenade_smoke_w.p3d.jpg	database/weapons/ammunition/objects.json	dzobj_9ox4tte80i	missing_file
45acp_looserounds.p3d	images/weapons/ammunition/Ammo_45ACP/Ammo_45ACP.jpg	database/weapons/ammunition/objects.json	dzobj_g7xd8ldjgj	missing_file
545x39_looserounds.p3d	images/weapons/ammunition/Ammo_545x39Tracer/Ammo_545x39Tracer.jpg	database/weapons/ammunition/objects.json	dzobj_vyei1t9i7c	missing_file
556_looserounds.p3d	images/weapons/ammunition/Ammo_556x45Tracer/Ammo_556x45Tracer.jpg	database/weapons/ammunition/objects.json	dzobj_zda8wb5zqd	missing_file
762_looserounds.p3d	images/weapons/ammunition/Ammo_762x54Tracer/Ammo_762x54Tracer.jpg	database/weapons/ammunition/objects.json	dzobj_k3oocpfvz1	missing_file
762x39_box.p3d	images/weapons/ammunition/762x39_box.p3d.jpg	database/weapons/ammunition/objects.json	dzobj_yobuafwuow	missing_file
762x39_looserounds.p3d	images/weapons/ammunition/Ammo_762x39Tracer/Ammo_762x39Tracer.jpg	database/weapons/ammunition/objects.json	dzobj_ykdgraykkf	missing_file
9mm_looserounds.p3d	images/weapons/ammunition/Ammo_9x19/Ammo_9x19.jpg	database/weapons/ammunition/objects.json	dzobj_pkui7t1tzw	missing_file
9x39_looserounds.p3d	images/weapons/ammunition/Ammo_9x39/Ammo_9x39.jpg	database/weapons/ammunition/objects.json	dzobj_8fo3s6hn78	missing_file
Ammo_12gaBeanbag	images/weapons/ammunition/Ammo_12gaBeanbag/Ammo_12gaBeanbag.jpg	database/weapons/ammunition/objects.json	dzobj_bko8iossxe	missing_file
Ammo_12gaPellets	images/weapons/ammunition/Ammo_12gaPellets/Ammo_12gaPellets.jpg	database/weapons/ammunition/objects.json	dzobj_yj8mxtfcb3	missing_file
Ammo_12gaRubberSlug	images/weapons/ammunition/Ammo_12gaRubberSlug/Ammo_12gaRubberSlug.jpg	database/weapons/ammunition/objects.json	dzobj_reyrqdq1gv	missing_file
Ammo_12gaSlug	images/weapons/ammunition/Ammo_12gaSlug/Ammo_12gaSlug.jpg	database/weapons/ammunition/objects.json	dzobj_02wwin0h43	missing_file
Ammo_22	images/weapons/ammunition/Ammo_22/Ammo_22.jpg	database/weapons/ammunition/objects.json	dzobj_3mj78fkep8	missing_file
Ammo_308Win	images/weapons/ammunition/Ammo_308Win/Ammo_308Win.jpg	database/weapons/ammunition/objects.json	dzobj_nnkvx9u37a	missing_file
Ammo_308WinTracer	images/weapons/ammunition/Ammo_308WinTracer/Ammo_308WinTracer.jpg	database/weapons/ammunition/objects.json	dzobj_oo40vr7bf9	missing_file
Ammo_357	images/weapons/ammunition/Ammo_357/Ammo_357.jpg	database/weapons/ammunition/objects.json	dzobj_gxujh53hjw	missing_file
Ammo_380	images/weapons/ammunition/Ammo_380/Ammo_380.jpg	database/weapons/ammunition/objects.json	dzobj_xrywwh41si	missing_file
Ammo_45ACP	images/weapons/ammunition/Ammo_45ACP/Ammo_45ACP.jpg	database/weapons/ammunition/objects.json	dzobj_tnh60zt5p3	missing_file
Ammo_545x39	images/weapons/ammunition/Ammo_545x39/Ammo_545x39.jpg	database/weapons/ammunition/objects.json	dzobj_5pxu9681pi	missing_file
Ammo_545x39Tracer	images/weapons/ammunition/Ammo_545x39Tracer/Ammo_545x39Tracer.jpg	database/weapons/ammunition/objects.json	dzobj_6ac6w7s1za	missing_file
Ammo_556x45	images/weapons/ammunition/Ammo_556x45/Ammo_556x45.jpg	database/weapons/ammunition/objects.json	dzobj_ra7x90p8ud	missing_file
Ammo_556x45Tracer	images/weapons/ammunition/Ammo_556x45Tracer/Ammo_556x45Tracer.jpg	database/weapons/ammunition/objects.json	dzobj_wrx5449yfi	missing_file
Ammo_762x39	images/weapons/ammunition/Ammo_762x39/Ammo_762x39.jpg	database/weapons/ammunition/objects.json	dzobj_zwn64w5it9	missing_file
Ammo_762x39Tracer	images/weapons/ammunition/Ammo_762x39Tracer/Ammo_762x39Tracer.jpg	database/weapons/ammunition/objects.json	dzobj_ck2i2710xk	missing_file
Ammo_762x54	images/weapons/ammunition/Ammo_762x54/Ammo_762x54.jpg	database/weapons/ammunition/objects.json	dzobj_58x1dun1c0	missing_file
Ammo_762x54Tracer	images/weapons/ammunition/Ammo_762x54Tracer/Ammo_762x54Tracer.jpg	database/weapons/ammunition/objects.json	dzobj_ngq24lg0ut	missing_file
Ammo_9x19	images/weapons/ammunition/Ammo_9x19/Ammo_9x19.jpg	database/weapons/ammunition/objects.json	dzobj_yvegxcax2b	missing_file
Ammo_9x39	images/weapons/ammunition/Ammo_9x39/Ammo_9x39.jpg	database/weapons/ammunition/objects.json	dzobj_8irnwt1dvt	missing_file
Ammo_9x39AP	images/weapons/ammunition/Ammo_9x39AP/Ammo_9x39AP.jpg	database/weapons/ammunition/objects.json	dzobj_v35ynqq8ai	missing_file
GrenadeM4	images/weapons/ammunition/GrenadeM4/GrenadeM4.jpg	database/weapons/ammunition/objects.json	dzobj_vkhfzyx8eg	missing_file
Rocket_LAW_Base	images/weapons/ammunition/Rocket_LAW_Base/Rocket_LAW_Base.jpg	database/weapons/ammunition/objects.json	dzobj_48u3gylteh	missing_file
Rocket_LAW_HE	images/weapons/ammunition/Rocket_LAW_HE/Rocket_LAW_HE.jpg	database/weapons/ammunition/objects.json	dzobj_3b2yrgzdhu	missing_file
Rocket_RPG7_AP	images/weapons/ammunition/Rocket_RPG7_AP/Rocket_RPG7_AP.jpg	database/weapons/ammunition/objects.json	dzobj_vczkpykpcp	missing_file
Rocket_RPG7_Base	images/weapons/ammunition/Rocket_RPG7_Base/Rocket_RPG7_Base.jpg	database/weapons/ammunition/objects.json	dzobj_gfui2b9cb5	missing_file
Rocket_RPG7_HE	images/weapons/ammunition/Rocket_RPG7_HE/Rocket_RPG7_HE.jpg	database/weapons/ammunition/objects.json	dzobj_4g1bj15rtz	missing_file
rocket_rpg7_inflight.p3d	images/weapons/ammunition/rocket_rpg7_inflight.p3d.jpg	database/weapons/ammunition/objects.json	dzobj_uhg8c421jv	missing_file
vog25.p3d	images/weapons/ammunition/vog25.p3d.jpg	database/weapons/ammunition/objects.json	dzobj_nihzyanxvs	missing_file
bow_quickie.p3d	images/weapons/archery/bow_quickie/bow_quickie.p3d.jpg	database/weapons/archery/bow_quickie/objects.json	dzobj_xral6hn5uv	missing_file
crossbow.p3d	images/weapons/archery/crossbow/crossbow.p3d.jpg	database/weapons/archery/crossbow/objects.json	dzobj_24v5veqq2v	missing_file
ProxyWeaponlight_TLR	images/weapons/attachments/light/ProxyWeaponlight_TLR/ProxyWeaponlight_TLR.jpg	database/weapons/attachments/light/objects.json	dzobj_6rvb1dj45j	missing_file
ProxyWeaponlight_universal	images/weapons/attachments/light/ProxyWeaponlight_universal/ProxyWeaponlight_universal.jpg	database/weapons/attachments/light/objects.json	dzobj_d5iqamplqz	missing_file
weaponlight_peq2.p3d	images/weapons/attachments/light/weaponlight_peq2.p3d.jpg	database/weapons/attachments/light/objects.json	dzobj_r9yrcut0on	missing_file
weaponlight_tlr.p3d	images/weapons/attachments/light/weaponlight_tlr.p3d.jpg	database/weapons/attachments/light/objects.json	dzobj_fmnoa8he1d	missing_file
weaponlight_tlr_mich2001_slothelper.p3d	images/weapons/attachments/light/weaponlight_tlr_mich2001_slothelper.p3d.jpg	database/weapons/attachments/light/objects.json	dzobj_g07ba6w49s	missing_file
weaponlight_universal.p3d	images/weapons/attachments/light/weaponlight_universal.p3d.jpg	database/weapons/attachments/light/objects.json	dzobj_0xbexa0bxs	missing_file
magazine_1911.p3d	images/weapons/attachments/magazine/mag_1911_7rnd.jpg	database/weapons/attachments/magazine/objects.json	dzobj_5n43tj7l20	missing_file
magazine_ak101_30rnd.p3d	images/weapons/attachments/magazine/mag_ak101_30rnd.jpg	database/weapons/attachments/magazine/objects.json	dzobj_12fpvqvdbw	missing_file
magazine_ak74_30rnd.p3d	images/weapons/attachments/magazine/mag_ak74_30rnd.jpg	database/weapons/attachments/magazine/objects.json	dzobj_sckam8xgur	missing_file
magazine_akm_30rnd.p3d	images/weapons/attachments/magazine/mag_akm_30rnd.jpg	database/weapons/attachments/magazine/objects.json	dzobj_i4r9uz2fn7	missing_file
magazine_akm_drum.p3d	images/weapons/attachments/magazine/mag_akm_drum75rnd_black.jpg	database/weapons/attachments/magazine/objects.json	dzobj_yg0gps8rjp	missing_file
magazine_akm_palm30.p3d	images/weapons/attachments/magazine/mag_akm_palm30rnd_black.jpg	database/weapons/attachments/magazine/objects.json	dzobj_qbyffbhws9	missing_file
magazine_akm_testbed.p3d	images/weapons/attachments/magazine/magazine_akm_testbed.p3d.jpg	database/weapons/attachments/magazine/objects.json	dzobj_5jwrwh3gq7	missing_file
magazine_ammobox_pkm.p3d	images/weapons/attachments/magazine/magazine_ammobox_pkm.p3d.jpg	database/weapons/attachments/magazine/objects.json	dzobj_l6dj2g2u0u	missing_file
magazine_aug30.p3d	images/weapons/attachments/magazine/mag_aug_30rnd.jpg	database/weapons/attachments/magazine/objects.json	dzobj_ilpkfpsygh	missing_file
magazine_cmag100.p3d	images/weapons/attachments/magazine/magazine_cmag100.p3d.jpg	database/weapons/attachments/magazine/objects.json	dzobj_0frr3msiam	missing_file
magazine_cz527.p3d	images/weapons/attachments/magazine/mag_cz527_5rnd.jpg	database/weapons/attachments/magazine/objects.json	dzobj_d7z3gqpowo	missing_file
magazine_cz550_10rnd.p3d	images/weapons/attachments/magazine/mag_cz550_10rnd.jpg	database/weapons/attachments/magazine/objects.json	dzobj_dxjozgzluq	missing_file
magazine_cz550_4rnd.p3d	images/weapons/attachments/magazine/mag_cz550_4rnd.jpg	database/weapons/attachments/magazine/objects.json	dzobj_29k2mmuypf	missing_file
magazine_cz61.p3d	images/weapons/attachments/magazine/mag_cz61_20rnd.jpg	database/weapons/attachments/magazine/objects.json	dzobj_uixpe8hj0e	missing_file
magazine_cz75.p3d	images/weapons/attachments/magazine/mag_cz75_15rnd.jpg	database/weapons/attachments/magazine/objects.json	dzobj_bqmwx7cyw6	missing_file
magazine_de.p3d	images/weapons/attachments/magazine/mag_deagle_9rnd.jpg	database/weapons/attachments/magazine/objects.json	dzobj_iusekg80s7	missing_file
magazine_fal.p3d	images/weapons/attachments/magazine/mag_scout_5rnd.jpg	database/weapons/attachments/magazine/objects.json	dzobj_77phzbwrjv	missing_file
magazine_famas.p3d	images/weapons/attachments/magazine/mag_famas_25rnd.jpg	database/weapons/attachments/magazine/objects.json	dzobj_8wrjazjdfr	missing_file
magazine_fnp45.p3d	images/weapons/attachments/magazine/magazine_fnp45.p3d.jpg	database/weapons/attachments/magazine/objects.json	dzobj_oaqm0s0f3p	missing_file
magazine_glock19.p3d	images/weapons/attachments/magazine/mag_glock_15rnd.jpg	database/weapons/attachments/magazine/objects.json	dzobj_ep81gm6j7v	missing_file
magazine_ij70.p3d	images/weapons/attachments/magazine/mag_ij70_8rnd.jpg	database/weapons/attachments/magazine/objects.json	dzobj_3e1krbrsm4	missing_file
magazine_m249_ammobox.p3d	images/weapons/attachments/magazine/mag_m249_box200rnd.jpg	database/weapons/attachments/magazine/objects.json	dzobj_2t50dcdqdb	missing_file
magazine_mk2.p3d	images/weapons/attachments/magazine/mag_mkii_10rnd.jpg	database/weapons/attachments/magazine/objects.json	dzobj_pptjd76j1b	missing_file
magazine_mp5_15rnd.p3d	images/weapons/attachments/magazine/mag_mp5_15rnd.jpg	database/weapons/attachments/magazine/objects.json	dzobj_xe36r2e9xc	missing_file
magazine_mp5_30rnd.p3d	images/weapons/attachments/magazine/mag_mp5_30rnd.jpg	database/weapons/attachments/magazine/objects.json	dzobj_l6kc1sicrv	missing_file
magazine_ots14.p3d	images/weapons/attachments/magazine/mag_dartgun_co2.jpg	database/weapons/attachments/magazine/objects.json	dzobj_m67x9os2oy	missing_file
magazine_p1.p3d	images/weapons/attachments/magazine/mag_p1_8rnd.jpg	database/weapons/attachments/magazine/objects.json	dzobj_xmdsc7dyh3	missing_file
magazine_pm73_15rnd.p3d	images/weapons/attachments/magazine/mag_pm73_15rnd.jpg	database/weapons/attachments/magazine/objects.json	dzobj_yywlkole18	missing_file
magazine_pm73_25rnd.p3d	images/weapons/attachments/magazine/mag_pm73_25rnd.jpg	database/weapons/attachments/magazine/objects.json	dzobj_zhd415yt9x	missing_file
magazine_pmag_10.p3d	images/weapons/attachments/magazine/mag_cmag_20rnd.jpg	database/weapons/attachments/magazine/objects.json	dzobj_8xek8keixj	missing_file
magazine_pmag_20.p3d	images/weapons/attachments/magazine/mag_cmag_20rnd.jpg	database/weapons/attachments/magazine/objects.json	dzobj_2dwq9qvhai	missing_file
magazine_pmag_30.p3d	images/weapons/attachments/magazine/mag_cmag_30rnd.jpg	database/weapons/attachments/magazine/objects.json	dzobj_3j8avdv5qq	missing_file
magazine_pmag_40.p3d	images/weapons/attachments/magazine/mag_cmag_40rnd.jpg	database/weapons/attachments/magazine/objects.json	dzobj_z7uyjrgqwr	missing_file
magazine_pp19.p3d	images/weapons/attachments/magazine/mag_pp19_64rnd.jpg	database/weapons/attachments/magazine/objects.json	dzobj_zvy68rs3uf	missing_file
magazine_ruger1022_10.p3d	images/weapons/attachments/magazine/mag_ruger1022_10rnd.jpg	database/weapons/attachments/magazine/objects.json	dzobj_p225x4wl1c	missing_file
magazine_ruger1022_15.p3d	images/weapons/attachments/magazine/mag_ruger1022_15rnd.jpg	database/weapons/attachments/magazine/objects.json	dzobj_dhorbq9ccm	missing_file
magazine_ruger1022_30.p3d	images/weapons/attachments/magazine/mag_ruger1022_30rnd.jpg	database/weapons/attachments/magazine/objects.json	dzobj_g2czpj9eaz	missing_file
magazine_saiga_drum.p3d	images/weapons/attachments/magazine/mag_saiga_8rnd.jpg	database/weapons/attachments/magazine/objects.json	dzobj_c5czdr99dk	missing_file
magazine_saiga_mag5.p3d	images/weapons/attachments/magazine/mag_saiga_5rnd.jpg	database/weapons/attachments/magazine/objects.json	dzobj_7n720frez0	missing_file
magazine_saiga_mag8.p3d	images/weapons/attachments/magazine/mag_saiga_5rnd.jpg	database/weapons/attachments/magazine/objects.json	dzobj_xsmmhu2ikc	missing_file
magazine_scout.p3d	images/weapons/attachments/magazine/magazine_scout.p3d.jpg	database/weapons/attachments/magazine/objects.json	dzobj_eh5vpyyq8d	missing_file
magazine_stanag30.p3d	images/weapons/attachments/magazine/mag_stanag_30rnd.jpg	database/weapons/attachments/magazine/objects.json	dzobj_48l50rb1xt	missing_file
magazine_sv98_10rnd.p3d	images/weapons/attachments/magazine/mag_sv98_10rnd.jpg	database/weapons/attachments/magazine/objects.json	dzobj_wyxv77hyeb	missing_file
magazine_svd.p3d	images/weapons/attachments/magazine/mag_svd_10rnd.jpg	database/weapons/attachments/magazine/objects.json	dzobj_klelcrye4p	missing_file
magazine_ump45_25rnd.p3d	images/weapons/attachments/magazine/mag_ump_25rnd.jpg	database/weapons/attachments/magazine/objects.json	dzobj_dqzn23dfgy	missing_file
magazine_uzi_10.p3d	images/weapons/attachments/magazine/magazine_uzi_10.p3d.jpg	database/weapons/attachments/magazine/objects.json	dzobj_h4fxq9sx1l	missing_file
magazine_uzi_22.p3d	images/weapons/attachments/magazine/magazine_uzi_22.p3d.jpg	database/weapons/attachments/magazine/objects.json	dzobj_ft6zogzke6	missing_file
magazine_vss.p3d	images/weapons/attachments/magazine/mag_vss_10rnd.jpg	database/weapons/attachments/magazine/objects.json	dzobj_0obuso4oae	missing_file
ProxyArrow_Composite	images/weapons/attachments/magazine/ProxyArrow_Composite/ProxyArrow_Composite.jpg	database/weapons/attachments/magazine/objects.json	dzobj_5f4c8w6ho2	missing_file
ProxyMagazine_1911	images/weapons/attachments/magazine/ProxyMagazine_1911/ProxyMagazine_1911.jpg	database/weapons/attachments/magazine/objects.json	dzobj_53lfgbbh7e	missing_file
ProxyMagazine_ak101_30rnd	images/weapons/attachments/magazine/ProxyMagazine_ak101_30rnd/ProxyMagazine_ak101_30rnd.jpg	database/weapons/attachments/magazine/objects.json	dzobj_wsvlthq0uh	missing_file
Proxymagazine_ak74_30rnd	images/weapons/attachments/magazine/Proxymagazine_ak74_30rnd/Proxymagazine_ak74_30rnd.jpg	database/weapons/attachments/magazine/objects.json	dzobj_5k5adzpto4	missing_file
ProxyMagazine_akm_30rnd	images/weapons/attachments/magazine/ProxyMagazine_akm_30rnd/ProxyMagazine_akm_30rnd.jpg	database/weapons/attachments/magazine/objects.json	dzobj_udxxbve1f5	missing_file
ProxyMagazine_akm_drum	images/weapons/attachments/magazine/ProxyMagazine_akm_drum/ProxyMagazine_akm_drum.jpg	database/weapons/attachments/magazine/objects.json	dzobj_qehzp2l8sg	missing_file
ProxyMagazine_akm_palm30	images/weapons/attachments/magazine/ProxyMagazine_akm_palm30/ProxyMagazine_akm_palm30.jpg	database/weapons/attachments/magazine/objects.json	dzobj_q8ehll90b4	missing_file
Proxymagazine_aug30	images/weapons/attachments/magazine/Proxymagazine_aug30/Proxymagazine_aug30.jpg	database/weapons/attachments/magazine/objects.json	dzobj_x6mpe8opbl	missing_file
Proxymagazine_cz527	images/weapons/attachments/magazine/Proxymagazine_cz527/Proxymagazine_cz527.jpg	database/weapons/attachments/magazine/objects.json	dzobj_tqlfhab40t	missing_file
Proxymagazine_cz550_10rnd	images/weapons/attachments/magazine/Proxymagazine_cz550_10rnd/Proxymagazine_cz550_10rnd.jpg	database/weapons/attachments/magazine/objects.json	dzobj_0vfg5tyumo	missing_file
Proxymagazine_cz550_4rnd	images/weapons/attachments/magazine/Proxymagazine_cz550_4rnd/Proxymagazine_cz550_4rnd.jpg	database/weapons/attachments/magazine/objects.json	dzobj_2u6qdtpq2y	missing_file
ProxyMagazine_cz61	images/weapons/attachments/magazine/ProxyMagazine_cz61/ProxyMagazine_cz61.jpg	database/weapons/attachments/magazine/objects.json	dzobj_g63bln4z8t	missing_file
ProxyMagazine_CZ75	images/weapons/attachments/magazine/ProxyMagazine_CZ75/ProxyMagazine_CZ75.jpg	database/weapons/attachments/magazine/objects.json	dzobj_kmy49pk1wc	missing_file
ProxyMagazine_DE	images/weapons/attachments/magazine/ProxyMagazine_DE/ProxyMagazine_DE.jpg	database/weapons/attachments/magazine/objects.json	dzobj_945ya2lsxm	missing_file
Proxymagazine_fal	images/weapons/attachments/magazine/Proxymagazine_fal/Proxymagazine_fal.jpg	database/weapons/attachments/magazine/objects.json	dzobj_yfogowf0fq	missing_file
ProxyMagazine_famas	images/weapons/attachments/magazine/ProxyMagazine_famas/ProxyMagazine_famas.jpg	database/weapons/attachments/magazine/objects.json	dzobj_ylctz2f4m5	missing_file
ProxyMagazine_FNP45	images/weapons/attachments/magazine/ProxyMagazine_FNP45/ProxyMagazine_FNP45.jpg	database/weapons/attachments/magazine/objects.json	dzobj_su862f00hs	missing_file
Proxymagazine_glock19	images/weapons/attachments/magazine/Proxymagazine_glock19/Proxymagazine_glock19.jpg	database/weapons/attachments/magazine/objects.json	dzobj_qq615ssq2e	missing_file
Proxymagazine_ij70	images/weapons/attachments/magazine/Proxymagazine_ij70/Proxymagazine_ij70.jpg	database/weapons/attachments/magazine/objects.json	dzobj_wcjtm578pb	missing_file
ProxyMagazine_m249_ammobox	images/weapons/attachments/magazine/ProxyMagazine_m249_ammobox/ProxyMagazine_m249_ammobox.jpg	database/weapons/attachments/magazine/objects.json	dzobj_vmabynqpoe	missing_file
ProxyMagazine_mk2	images/weapons/attachments/magazine/ProxyMagazine_mk2/ProxyMagazine_mk2.jpg	database/weapons/attachments/magazine/objects.json	dzobj_iteif8uu95	missing_file
ProxyMagazine_mp5_15rnd	images/weapons/attachments/magazine/ProxyMagazine_mp5_15rnd/ProxyMagazine_mp5_15rnd.jpg	database/weapons/attachments/magazine/objects.json	dzobj_r1kfjvdk8t	missing_file
ProxyMagazine_mp5_30rnd	images/weapons/attachments/magazine/ProxyMagazine_mp5_30rnd/ProxyMagazine_mp5_30rnd.jpg	database/weapons/attachments/magazine/objects.json	dzobj_vw01qj18xa	missing_file
ProxyMagazine_ots14	images/weapons/attachments/magazine/ProxyMagazine_ots14/ProxyMagazine_ots14.jpg	database/weapons/attachments/magazine/objects.json	dzobj_q2shb0yp0h	missing_file
Proxymagazine_p1	images/weapons/attachments/magazine/Proxymagazine_p1/Proxymagazine_p1.jpg	database/weapons/attachments/magazine/objects.json	dzobj_uy8kveqzz1	missing_file
ProxyMagazine_pm73_15rnd	images/weapons/attachments/magazine/ProxyMagazine_pm73_15rnd/ProxyMagazine_pm73_15rnd.jpg	database/weapons/attachments/magazine/objects.json	dzobj_dk2n26emdk	missing_file
ProxyMagazine_pm73_25rnd	images/weapons/attachments/magazine/ProxyMagazine_pm73_25rnd/ProxyMagazine_pm73_25rnd.jpg	database/weapons/attachments/magazine/objects.json	dzobj_kvq7vop4uo	missing_file
ProxyMagazine_PMAG_10	images/weapons/attachments/magazine/ProxyMagazine_PMAG_10/ProxyMagazine_PMAG_10.jpg	database/weapons/attachments/magazine/objects.json	dzobj_qugvrt4dpq	missing_file
ProxyMagazine_PMAG_20	images/weapons/attachments/magazine/ProxyMagazine_PMAG_20/ProxyMagazine_PMAG_20.jpg	database/weapons/attachments/magazine/objects.json	dzobj_7as01o929h	missing_file
ProxyMagazine_PMAG_30	images/weapons/attachments/magazine/ProxyMagazine_PMAG_30/ProxyMagazine_PMAG_30.jpg	database/weapons/attachments/magazine/objects.json	dzobj_ye3frt6yt2	missing_file
ProxyMagazine_PMAG_40	images/weapons/attachments/magazine/ProxyMagazine_PMAG_40/ProxyMagazine_PMAG_40.jpg	database/weapons/attachments/magazine/objects.json	dzobj_ye4jewkpj5	missing_file
ProxyMagazine_PP19	images/weapons/attachments/magazine/ProxyMagazine_PP19/ProxyMagazine_PP19.jpg	database/weapons/attachments/magazine/objects.json	dzobj_85xieuv3ad	missing_file
ProxyMagazine_ruger1022_10	images/weapons/attachments/magazine/ProxyMagazine_ruger1022_10/ProxyMagazine_ruger1022_10.jpg	database/weapons/attachments/magazine/objects.json	dzobj_13vrmjup5v	missing_file
Proxymagazine_ruger1022_15	images/weapons/attachments/magazine/Proxymagazine_ruger1022_15/Proxymagazine_ruger1022_15.jpg	database/weapons/attachments/magazine/objects.json	dzobj_474q2q09pt	missing_file
ProxyMagazine_ruger1022_30	images/weapons/attachments/magazine/ProxyMagazine_ruger1022_30/ProxyMagazine_ruger1022_30.jpg	database/weapons/attachments/magazine/objects.json	dzobj_gbcpijrk4y	missing_file
ProxyMagazine_saiga_drum	images/weapons/attachments/magazine/ProxyMagazine_saiga_drum/ProxyMagazine_saiga_drum.jpg	database/weapons/attachments/magazine/objects.json	dzobj_0iylegxmag	missing_file
ProxyMagazine_saiga_mag5	images/weapons/attachments/magazine/ProxyMagazine_saiga_mag5/ProxyMagazine_saiga_mag5.jpg	database/weapons/attachments/magazine/objects.json	dzobj_5ut1i3xc7i	missing_file
ProxyMagazine_saiga_mag8	images/weapons/attachments/magazine/ProxyMagazine_saiga_mag8/ProxyMagazine_saiga_mag8.jpg	database/weapons/attachments/magazine/objects.json	dzobj_03pe1i2fee	missing_file
ProxyMagazine_scout	images/weapons/attachments/magazine/ProxyMagazine_scout/ProxyMagazine_scout.jpg	database/weapons/attachments/magazine/objects.json	dzobj_ss016smoxp	missing_file
ProxyMagazine_STANAG30	images/weapons/attachments/magazine/ProxyMagazine_STANAG30/ProxyMagazine_STANAG30.jpg	database/weapons/attachments/magazine/objects.json	dzobj_29nud18z52	missing_file
Proxymagazine_SV98_10Rnd	images/weapons/attachments/magazine/Proxymagazine_SV98_10Rnd/Proxymagazine_SV98_10Rnd.jpg	database/weapons/attachments/magazine/objects.json	dzobj_qdpdk1tacw	missing_file
Proxymagazine_svd	images/weapons/attachments/magazine/Proxymagazine_svd/Proxymagazine_svd.jpg	database/weapons/attachments/magazine/objects.json	dzobj_j3wunov1hd	missing_file
ProxyMagazine_ump45_25rnd	images/weapons/attachments/magazine/ProxyMagazine_ump45_25rnd/ProxyMagazine_ump45_25rnd.jpg	database/weapons/attachments/magazine/objects.json	dzobj_zb97xjmlhz	missing_file
Proxymagazine_Vss	images/weapons/attachments/magazine/Proxymagazine_Vss/Proxymagazine_Vss.jpg	database/weapons/attachments/magazine/objects.json	dzobj_7ranq92drj	missing_file
Proxyshockpistol_cartridge	images/weapons/attachments/magazine/Proxyshockpistol_cartridge/Proxyshockpistol_cartridge.jpg	database/weapons/attachments/magazine/objects.json	dzobj_iluqxpapme	missing_file
ProxyShotgunShell_slug	images/weapons/attachments/magazine/ProxyShotgunShell_slug/ProxyShotgunShell_slug.jpg	database/weapons/attachments/magazine/objects.json	dzobj_5vf5rthir4	missing_file
shockpistol_battery.p3d	images/weapons/attachments/magazine/shockpistol_battery.p3d.jpg	database/weapons/attachments/magazine/objects.json	dzobj_kmgomvjp1p	missing_file
shockpistol_cartridge.p3d	images/weapons/attachments/magazine/mag_shockcartridge.jpg	database/weapons/attachments/magazine/objects.json	dzobj_51dm76akef	missing_file
snaploader_empty.p3d	images/weapons/attachments/magazine/snaploader_empty.p3d.jpg	database/weapons/attachments/magazine/objects.json	dzobj_n2sjo65f46	missing_file
bayonet_ak.p3d	images/weapons/attachments/muzzle/bayonet_ak.p3d.jpg	database/weapons/attachments/muzzle/objects.json	dzobj_rwvixt1bh6	missing_file
bayonet_m9a1.p3d	images/weapons/attachments/muzzle/bayonet_m9a1.p3d.jpg	database/weapons/attachments/muzzle/objects.json	dzobj_jngzt1vqpx	missing_file
bayonet_mosin.p3d	images/weapons/attachments/muzzle/bayonet_mosin.p3d.jpg	database/weapons/attachments/muzzle/objects.json	dzobj_78j0o85adq	missing_file
bayonet_sks.p3d	images/weapons/attachments/muzzle/bayonet_sks.p3d.jpg	database/weapons/attachments/muzzle/objects.json	dzobj_8ksww3wucd	missing_file
bottle_suppressor.p3d	images/weapons/attachments/muzzle/bottle_suppressor.p3d.jpg	database/weapons/attachments/muzzle/objects.json	dzobj_4cp0zr57va	missing_file
mp5k_compensator.p3d	images/weapons/attachments/muzzle/mp5k_compensator.p3d.jpg	database/weapons/attachments/muzzle/objects.json	dzobj_gzaryi4i1l	missing_file
ProxyBayonet_AK	images/weapons/attachments/muzzle/ProxyBayonet_AK/ProxyBayonet_AK.jpg	database/weapons/attachments/muzzle/objects.json	dzobj_a4qndvqo4k	missing_file
ProxyBayonet_M9A1	images/weapons/attachments/muzzle/ProxyBayonet_M9A1/ProxyBayonet_M9A1.jpg	database/weapons/attachments/muzzle/objects.json	dzobj_vkab91m1m9	missing_file
ProxyBayonet_Mosin	images/weapons/attachments/muzzle/ProxyBayonet_Mosin/ProxyBayonet_Mosin.jpg	database/weapons/attachments/muzzle/objects.json	dzobj_h43rslszsc	missing_file
ProxyBayonet_SKS	images/weapons/attachments/muzzle/ProxyBayonet_SKS/ProxyBayonet_SKS.jpg	database/weapons/attachments/muzzle/objects.json	dzobj_aksykpn5dz	missing_file
Proxybottle_suppressor	images/weapons/attachments/muzzle/Proxybottle_suppressor/Proxybottle_suppressor.jpg	database/weapons/attachments/muzzle/objects.json	dzobj_4te9vc4h4n	missing_file
ProxyMosin_Compensator	images/weapons/attachments/muzzle/ProxyMosin_Compensator/ProxyMosin_Compensator.jpg	database/weapons/attachments/muzzle/objects.json	dzobj_fn85hda8e6	missing_file
ProxyMP5k_compensator	images/weapons/attachments/muzzle/ProxyMP5k_compensator/ProxyMP5k_compensator.jpg	database/weapons/attachments/muzzle/objects.json	dzobj_5zncnq8qiq	missing_file
ProxySuppressor_45ACP	images/weapons/attachments/muzzle/ProxySuppressor_45ACP/ProxySuppressor_45ACP.jpg	database/weapons/attachments/muzzle/objects.json	dzobj_4o4xnuwpkn	missing_file
ProxySuppressor_545	images/weapons/attachments/muzzle/ProxySuppressor_545/ProxySuppressor_545.jpg	database/weapons/attachments/muzzle/objects.json	dzobj_em5hh6uswn	missing_file
ProxySuppressor_556	images/weapons/attachments/muzzle/ProxySuppressor_556/ProxySuppressor_556.jpg	database/weapons/attachments/muzzle/objects.json	dzobj_xo45unw6d5	missing_file
suppressor_45acp.p3d	images/weapons/attachments/muzzle/suppressor_45acp.p3d.jpg	database/weapons/attachments/muzzle/objects.json	dzobj_e63f8uwzaf	missing_file
suppressor_545.p3d	images/weapons/attachments/muzzle/suppressor_545.p3d.jpg	database/weapons/attachments/muzzle/objects.json	dzobj_p986dntqid	missing_file
suppressor_556.p3d	images/weapons/attachments/muzzle/suppressor_556.p3d.jpg	database/weapons/attachments/muzzle/objects.json	dzobj_bw9xz2id4q	missing_file
1pn51_cover_opticview.p3d	images/weapons/attachments/optics/1pn51_cover_opticview.p3d.jpg	database/weapons/attachments/optics/objects.json	dzobj_q8olcx0p9b	missing_file
1pn51_opticview.p3d	images/weapons/attachments/optics/1pn51_opticview.p3d.jpg	database/weapons/attachments/optics/objects.json	dzobj_psqyrnfee4	missing_file
bow_sights.p3d	images/weapons/attachments/optics/bow_sights.p3d.jpg	database/weapons/attachments/optics/objects.json	dzobj_21h0qjibvb	missing_file
hide	images/weapons/attachments/optics/hide/hide.jpg	database/weapons/attachments/optics/objects.json	dzobj_809z79siab	missing_file
optic_1pn51.p3d	images/weapons/attachments/optics/kazuaroptic.jpg	database/weapons/attachments/optics/objects.json	dzobj_t4m5lnp7xj	missing_file
optic_acog.p3d	images/weapons/attachments/optics/acogoptic.jpg	database/weapons/attachments/optics/objects.json	dzobj_3o2qec044t	missing_file
optic_buis.p3d	images/weapons/attachments/optics/buisoptic.jpg	database/weapons/attachments/optics/objects.json	dzobj_qukkiwghin	missing_file
optic_crossbow.p3d	images/weapons/attachments/optics/optic_crossbow.p3d.jpg	database/weapons/attachments/optics/objects.json	dzobj_o8ofx1dm5i	missing_file
optic_fnp45_mrds.p3d	images/weapons/attachments/optics/fnp45_mrdsoptic.jpg	database/weapons/attachments/optics/objects.json	dzobj_gymip4nvit	missing_file
optic_holo_sight.p3d	images/weapons/attachments/optics/optic_holo_sight.p3d.jpg	database/weapons/attachments/optics/objects.json	dzobj_kpcawq5aj7	missing_file
optic_hunting.p3d	images/weapons/attachments/optics/huntingoptic.jpg	database/weapons/attachments/optics/objects.json	dzobj_b4okn1i5dr	missing_file
optic_kobra.p3d	images/weapons/attachments/optics/kobraoptic.jpg	database/weapons/attachments/optics/objects.json	dzobj_t8to0vs8k3	missing_file
optic_longrange.p3d	images/weapons/attachments/optics/longrangeoptic.jpg	database/weapons/attachments/optics/objects.json	dzobj_5ioq01s1pz	missing_file
optic_m4_carryhandle.p3d	images/weapons/attachments/optics/m4_carryhandleoptic.jpg	database/weapons/attachments/optics/objects.json	dzobj_4juxzqohey	missing_file
optic_mark4.p3d	images/weapons/attachments/optics/mk4optic_black.jpg	database/weapons/attachments/optics/objects.json	dzobj_te1mc3dpyb	missing_file
optic_pistol.p3d	images/weapons/attachments/optics/pistoloptic.jpg	database/weapons/attachments/optics/objects.json	dzobj_wwcx6sv19k	missing_file
optic_pso1.p3d	images/weapons/attachments/optics/pso1optic.jpg	database/weapons/attachments/optics/objects.json	dzobj_g6bjdwgf8v	missing_file
optic_puscope.p3d	images/weapons/attachments/optics/puscopeoptic.jpg	database/weapons/attachments/optics/objects.json	dzobj_7uiz1do6a7	missing_file
optic_red_point.p3d	images/weapons/attachments/optics/optic_red_point.p3d.jpg	database/weapons/attachments/optics/objects.json	dzobj_vjgzu36o34	missing_file
optic_reflex.p3d	images/weapons/attachments/optics/reflexoptic.jpg	database/weapons/attachments/optics/objects.json	dzobj_w6ae0huwhr	missing_file
optic_rpg7.p3d	images/weapons/attachments/optics/optic_rpg7.p3d.jpg	database/weapons/attachments/optics/objects.json	dzobj_pn869705pt	missing_file
optic_t3n_rds.p3d	images/weapons/attachments/optics/m4_t3nrdsoptic.jpg	database/weapons/attachments/optics/objects.json	dzobj_ymgtnvvqcb	missing_file
opticview_longrange.p3d	images/weapons/attachments/optics/opticview_longrange.p3d.jpg	database/weapons/attachments/optics/objects.json	dzobj_l9a4wl4bc4	missing_file
opticview_mark4.p3d	images/weapons/attachments/optics/opticview_mark4.p3d.jpg	database/weapons/attachments/optics/objects.json	dzobj_n384nb2jij	missing_file
opticview_mark4_off.p3d	images/weapons/attachments/optics/opticview_mark4_off.p3d.jpg	database/weapons/attachments/optics/objects.json	dzobj_flxs44wqoo	missing_file
opticview_pistol.p3d	images/weapons/attachments/optics/opticview_pistol.p3d.jpg	database/weapons/attachments/optics/objects.json	dzobj_siap1crp2d	missing_file
opticview_pso1.p3d	images/weapons/attachments/optics/opticview_pso1.p3d.jpg	database/weapons/attachments/optics/objects.json	dzobj_izedlepdhf	missing_file
opticview_pso1_vss.p3d	images/weapons/attachments/optics/opticview_pso1_vss.p3d.jpg	database/weapons/attachments/optics/objects.json	dzobj_sfsvf1w4cr	missing_file
Proxyoptic_1PN51	images/weapons/attachments/optics/Proxyoptic_1PN51/Proxyoptic_1PN51.jpg	database/weapons/attachments/optics/objects.json	dzobj_g4rpjyy7ua	missing_file
ProxyOptic_ACOG	images/weapons/attachments/optics/ProxyOptic_ACOG/ProxyOptic_ACOG.jpg	database/weapons/attachments/optics/objects.json	dzobj_eqe68qytyu	missing_file
ProxyOptic_BUIS	images/weapons/attachments/optics/ProxyOptic_BUIS/ProxyOptic_BUIS.jpg	database/weapons/attachments/optics/objects.json	dzobj_u4n9req6fh	missing_file
ProxyOptic_FNP45_MRDS	images/weapons/attachments/optics/ProxyOptic_FNP45_MRDS/ProxyOptic_FNP45_MRDS.jpg	database/weapons/attachments/optics/objects.json	dzobj_leq8dcsd2s	missing_file
ProxyOptic_Hunting	images/weapons/attachments/optics/ProxyOptic_Hunting/ProxyOptic_Hunting.jpg	database/weapons/attachments/optics/objects.json	dzobj_9u8n8v6o14	missing_file
ProxyOptic_LongRange	images/weapons/attachments/optics/ProxyOptic_LongRange/ProxyOptic_LongRange.jpg	database/weapons/attachments/optics/objects.json	dzobj_s2xjb6a2k4	missing_file
ProxyOptic_M4_carryhandle	images/weapons/attachments/optics/ProxyOptic_M4_carryhandle/ProxyOptic_M4_carryhandle.jpg	database/weapons/attachments/optics/objects.json	dzobj_1ifaddvc2p	missing_file
ProxyOptic_MK4Optic	images/weapons/attachments/optics/ProxyOptic_MK4Optic/ProxyOptic_MK4Optic.jpg	database/weapons/attachments/optics/objects.json	dzobj_p3zin4h2ys	missing_file
ProxyOptic_Pistol	images/weapons/attachments/optics/ProxyOptic_Pistol/ProxyOptic_Pistol.jpg	database/weapons/attachments/optics/objects.json	dzobj_c7knqunxxe	missing_file
ProxyOptic_PSO1	images/weapons/attachments/optics/ProxyOptic_PSO1/ProxyOptic_PSO1.jpg	database/weapons/attachments/optics/objects.json	dzobj_s05fr7xfnb	missing_file
ProxyOptic_PUScope	images/weapons/attachments/optics/ProxyOptic_PUScope/ProxyOptic_PUScope.jpg	database/weapons/attachments/optics/objects.json	dzobj_6it980f2r2	missing_file
Proxyoptic_red_point	images/weapons/attachments/optics/Proxyoptic_red_point/Proxyoptic_red_point.jpg	database/weapons/attachments/optics/objects.json	dzobj_e6upv7f9ce	missing_file
ProxyOptic_Reflex	images/weapons/attachments/optics/ProxyOptic_Reflex/ProxyOptic_Reflex.jpg	database/weapons/attachments/optics/objects.json	dzobj_o1l7azolth	missing_file
ProxyOptic_T3N_RDS	images/weapons/attachments/optics/ProxyOptic_T3N_RDS/ProxyOptic_T3N_RDS.jpg	database/weapons/attachments/optics/objects.json	dzobj_13l4uvz1vn	missing_file
rings_winchester_pilot	images/weapons/attachments/optics/rings_winchester_pilot/rings_winchester_pilot.jpg	database/weapons/attachments/optics/objects.json	dzobj_bfrxywjute	missing_file
starlightscope_cover_opticview.p3d	images/weapons/attachments/optics/starlightscope_cover_opticview.p3d.jpg	database/weapons/attachments/optics/objects.json	dzobj_cvh49g9sv9	missing_file
starlightscope_opticview.p3d	images/weapons/attachments/optics/starlightscope_opticview.p3d.jpg	database/weapons/attachments/optics/objects.json	dzobj_y9w96b02j4	missing_file
bipod_atlas.p3d	images/weapons/attachments/support/bipod_atlas.p3d.jpg	database/weapons/attachments/support/objects.json	dzobj_t1y6kjz4h8	missing_file
bipod_m249.p3d	images/weapons/attachments/support/bipod_m249.p3d.jpg	database/weapons/attachments/support/objects.json	dzobj_4f6dfmllrr	missing_file
bipod_rpg7.p3d	images/weapons/attachments/support/bipod_rpg7.p3d.jpg	database/weapons/attachments/support/objects.json	dzobj_9rsvkp4myw	missing_file
buttstock_ak_folding.p3d	images/weapons/attachments/support/buttstock_ak_folding.p3d.jpg	database/weapons/attachments/support/objects.json	dzobj_e28eh9jsrn	missing_file
buttstock_ak_plastic.p3d	images/weapons/attachments/support/buttstock_ak_plastic.p3d.jpg	database/weapons/attachments/support/objects.json	dzobj_mg1dfcvlu3	missing_file
buttstock_ak_wood.p3d	images/weapons/attachments/support/buttstock_ak_wood.p3d.jpg	database/weapons/attachments/support/objects.json	dzobj_3td8csnu93	missing_file
buttstock_aks.p3d	images/weapons/attachments/support/buttstock_aks.p3d.jpg	database/weapons/attachments/support/objects.json	dzobj_2gqy0ie3kh	missing_file
buttstock_fal_folding.p3d	images/weapons/attachments/support/buttstock_fal_folding.p3d.jpg	database/weapons/attachments/support/objects.json	dzobj_l3nmc24uc0	missing_file
buttstock_fal_oe.p3d	images/weapons/attachments/support/buttstock_fal_oe.p3d.jpg	database/weapons/attachments/support/objects.json	dzobj_hnzich1jc1	missing_file
buttstock_m249.p3d	images/weapons/attachments/support/buttstock_m249.p3d.jpg	database/weapons/attachments/support/objects.json	dzobj_gy6fq55818	missing_file
buttstock_m4_cqb.p3d	images/weapons/attachments/support/buttstock_m4_cqb.p3d.jpg	database/weapons/attachments/support/objects.json	dzobj_1hbch9cgaj	missing_file
buttstock_m4_mp.p3d	images/weapons/attachments/support/buttstock_m4_mp.p3d.jpg	database/weapons/attachments/support/objects.json	dzobj_kmipzp24dc	missing_file
buttstock_m4_oe.p3d	images/weapons/attachments/support/buttstock_m4_oe.p3d.jpg	database/weapons/attachments/support/objects.json	dzobj_dg6dl1b4zw	missing_file
buttstock_mp5k_stock.p3d	images/weapons/attachments/support/buttstock_mp5k_stock.p3d.jpg	database/weapons/attachments/support/objects.json	dzobj_vprcmgi2id	missing_file
buttstock_pkm.p3d	images/weapons/attachments/support/buttstock_pkm.p3d.jpg	database/weapons/attachments/support/objects.json	dzobj_vi6ixjbpl0	missing_file
buttstock_pp19.p3d	images/weapons/attachments/support/buttstock_pp19.p3d.jpg	database/weapons/attachments/support/objects.json	dzobj_odmdzgk8fe	missing_file
buttstock_red9.p3d	images/weapons/attachments/support/buttstock_red9.p3d.jpg	database/weapons/attachments/support/objects.json	dzobj_ebs07xdaw1	missing_file
buttstock_saiga_folding.p3d	images/weapons/attachments/support/buttstock_saiga_folding.p3d.jpg	database/weapons/attachments/support/objects.json	dzobj_13w553d8bl	missing_file
ghillie_wrap.p3d	images/weapons/attachments/support/ghillie_wrap.p3d.jpg	database/weapons/attachments/support/objects.json	dzobj_zu0urkp80a	missing_file
grip_m4_mp.p3d	images/weapons/attachments/support/grip_m4_mp.p3d.jpg	database/weapons/attachments/support/objects.json	dzobj_3luqyuw3p7	missing_file
handguard_ak_plastic.p3d	images/weapons/attachments/support/handguard_ak_plastic.p3d.jpg	database/weapons/attachments/support/objects.json	dzobj_re444wnbe2	missing_file
handguard_ak_rail.p3d	images/weapons/attachments/support/handguard_ak_rail.p3d.jpg	database/weapons/attachments/support/objects.json	dzobj_vkijs6hf79	missing_file
handguard_ak_wood.p3d	images/weapons/attachments/support/handguard_ak_wood.p3d.jpg	database/weapons/attachments/support/objects.json	dzobj_8vg1ttdmt2	missing_file
handguard_m249.p3d	images/weapons/attachments/support/handguard_m249.p3d.jpg	database/weapons/attachments/support/objects.json	dzobj_xgyeotd89u	missing_file
handguard_m249_ris.p3d	images/weapons/attachments/support/handguard_m249_ris.p3d.jpg	database/weapons/attachments/support/objects.json	dzobj_2inrpbil2t	missing_file
handguard_m4_mp.p3d	images/weapons/attachments/support/handguard_m4_mp.p3d.jpg	database/weapons/attachments/support/objects.json	dzobj_scsaakdbwy	missing_file
handguard_m4_mp_ris.p3d	images/weapons/attachments/support/handguard_m4_mp_ris.p3d.jpg	database/weapons/attachments/support/objects.json	dzobj_fwrlnkq1rr	missing_file
handguard_m4_plastic.p3d	images/weapons/attachments/support/handguard_m4_plastic.p3d.jpg	database/weapons/attachments/support/objects.json	dzobj_rfjok6q2lr	missing_file
handguard_m4_ris.p3d	images/weapons/attachments/support/handguard_m4_ris.p3d.jpg	database/weapons/attachments/support/objects.json	dzobj_n22v9bv13v	missing_file
handguard_mp5k_plastic.p3d	images/weapons/attachments/support/handguard_mp5k_plastic.p3d.jpg	database/weapons/attachments/support/objects.json	dzobj_4ungle4rky	missing_file
handguard_mp5k_rail.p3d	images/weapons/attachments/support/handguard_mp5k_rail.p3d.jpg	database/weapons/attachments/support/objects.json	dzobj_s2okzghuxo	missing_file
mosin_wrap.p3d	images/weapons/attachments/support/mosin_wrap.p3d.jpg	database/weapons/attachments/support/objects.json	dzobj_kc2drq3gyd	missing_file
mosin_wrap_grass.p3d	images/weapons/attachments/support/mosin_wrap_grass.p3d.jpg	database/weapons/attachments/support/objects.json	dzobj_exnpjvgvfc	missing_file
ProxyBipod_Atlas	images/weapons/attachments/support/ProxyBipod_Atlas/ProxyBipod_Atlas.jpg	database/weapons/attachments/support/objects.json	dzobj_lcr3hw3qg5	missing_file
ProxyBipod_m249	images/weapons/attachments/support/ProxyBipod_m249/ProxyBipod_m249.jpg	database/weapons/attachments/support/objects.json	dzobj_ojwr9ep7yo	missing_file
ProxyButtstock_AK_Folding_Black	images/weapons/attachments/support/ProxyButtstock_AK_Folding_Black/ProxyButtstock_AK_Folding_Black.jpg	database/weapons/attachments/support/objects.json	dzobj_w4czztsqbd	missing_file
ProxyButtstock_AK_Plastic	images/weapons/attachments/support/ProxyButtstock_AK_Plastic/ProxyButtstock_AK_Plastic.jpg	database/weapons/attachments/support/objects.json	dzobj_yqbmrc1p5m	missing_file
ProxyButtstock_AK_Wood	images/weapons/attachments/support/ProxyButtstock_AK_Wood/ProxyButtstock_AK_Wood.jpg	database/weapons/attachments/support/objects.json	dzobj_y7fjrxc213	missing_file
Proxybuttstock_aks	images/weapons/attachments/support/Proxybuttstock_aks/Proxybuttstock_aks.jpg	database/weapons/attachments/support/objects.json	dzobj_t2expats94	missing_file
ProxyButtstock_fal_folding	images/weapons/attachments/support/ProxyButtstock_fal_folding/ProxyButtstock_fal_folding.jpg	database/weapons/attachments/support/objects.json	dzobj_i6udt2apx9	missing_file
ProxyButtstock_fal_oe	images/weapons/attachments/support/ProxyButtstock_fal_oe/ProxyButtstock_fal_oe.jpg	database/weapons/attachments/support/objects.json	dzobj_qkjywkij9u	missing_file
ProxyButtstock_M4_CQB	images/weapons/attachments/support/ProxyButtstock_M4_CQB/ProxyButtstock_M4_CQB.jpg	database/weapons/attachments/support/objects.json	dzobj_g57hb1nfcd	missing_file
ProxyButtstock_M4_MP	images/weapons/attachments/support/ProxyButtstock_M4_MP/ProxyButtstock_M4_MP.jpg	database/weapons/attachments/support/objects.json	dzobj_rdw8tzadd0	missing_file
ProxyButtstock_M4_OE	images/weapons/attachments/support/ProxyButtstock_M4_OE/ProxyButtstock_M4_OE.jpg	database/weapons/attachments/support/objects.json	dzobj_ty8tgiiavb	missing_file
ProxyButtstock_mp5K_stock	images/weapons/attachments/support/ProxyButtstock_mp5K_stock/ProxyButtstock_mp5K_stock.jpg	database/weapons/attachments/support/objects.json	dzobj_vi7e39hxe0	missing_file
ProxyButtstock_pp19	images/weapons/attachments/support/ProxyButtstock_pp19/ProxyButtstock_pp19.jpg	database/weapons/attachments/support/objects.json	dzobj_lwuc87vht9	missing_file
ProxyButtstock_red9	images/weapons/attachments/support/ProxyButtstock_red9/ProxyButtstock_red9.jpg	database/weapons/attachments/support/objects.json	dzobj_nsdwhjqtzs	missing_file
ProxyButtstock_saiga_folding	images/weapons/attachments/support/ProxyButtstock_saiga_folding/ProxyButtstock_saiga_folding.jpg	database/weapons/attachments/support/objects.json	dzobj_0tdtqstzq4	missing_file
ProxyGhillie_wrap	images/weapons/attachments/support/ProxyGhillie_wrap/ProxyGhillie_wrap.jpg	database/weapons/attachments/support/objects.json	dzobj_4ohd172x5v	missing_file
ProxyHandguard_AK_Plastic	images/weapons/attachments/support/ProxyHandguard_AK_Plastic/ProxyHandguard_AK_Plastic.jpg	database/weapons/attachments/support/objects.json	dzobj_lxwj5ksv9p	missing_file
ProxyHandguard_AK_Rail_Black	images/weapons/attachments/support/ProxyHandguard_AK_Rail_Black/ProxyHandguard_AK_Rail_Black.jpg	database/weapons/attachments/support/objects.json	dzobj_biz2unu6or	missing_file
ProxyHandguard_AK_Wood	images/weapons/attachments/support/ProxyHandguard_AK_Wood/ProxyHandguard_AK_Wood.jpg	database/weapons/attachments/support/objects.json	dzobj_5msjra6bls	missing_file
ProxyHandguard_m249	images/weapons/attachments/support/ProxyHandguard_m249/ProxyHandguard_m249.jpg	database/weapons/attachments/support/objects.json	dzobj_jbla1cjecf	missing_file
ProxyHandguard_m249_ris	images/weapons/attachments/support/ProxyHandguard_m249_ris/ProxyHandguard_m249_ris.jpg	database/weapons/attachments/support/objects.json	dzobj_oye29n1quo	missing_file
ProxyHandguard_M4_MP	images/weapons/attachments/support/ProxyHandguard_M4_MP/ProxyHandguard_M4_MP.jpg	database/weapons/attachments/support/objects.json	dzobj_imf4mc9j5c	missing_file
ProxyHandguard_M4_Plastic	images/weapons/attachments/support/ProxyHandguard_M4_Plastic/ProxyHandguard_M4_Plastic.jpg	database/weapons/attachments/support/objects.json	dzobj_e3yg2iypxj	missing_file
ProxyHandguard_M4_RIS	images/weapons/attachments/support/ProxyHandguard_M4_RIS/ProxyHandguard_M4_RIS.jpg	database/weapons/attachments/support/objects.json	dzobj_ubeu3u76kb	missing_file
ProxyHandguard_mp5k_plastic	images/weapons/attachments/support/ProxyHandguard_mp5k_plastic/ProxyHandguard_mp5k_plastic.jpg	database/weapons/attachments/support/objects.json	dzobj_7qiv2hk62b	missing_file
ProxyHandguard_mp5k_rail	images/weapons/attachments/support/ProxyHandguard_mp5k_rail/ProxyHandguard_mp5k_rail.jpg	database/weapons/attachments/support/objects.json	dzobj_zvls3cijws	missing_file
universal_rail.p3d	images/weapons/attachments/support/universal_rail.p3d.jpg	database/weapons/attachments/support/objects.json	dzobj_8elzxqmd3w	missing_file
wrap_burlap.p3d	images/weapons/attachments/support/wrap_burlap.p3d.jpg	database/weapons/attachments/support/objects.json	dzobj_j5jvbjgpig	missing_file
wrap_burlap_grass.p3d	images/weapons/attachments/support/wrap_burlap_grass.p3d.jpg	database/weapons/attachments/support/objects.json	dzobj_ivwug1gmk8	missing_file
m203.p3d	images/weapons/attachments/underslung/m203.p3d.jpg	database/weapons/attachments/underslung/objects.json	dzobj_4innh6b4w9	missing_file
m203leafsight.p3d	images/weapons/attachments/underslung/m203leafsight.p3d.jpg	database/weapons/attachments/underslung/objects.json	dzobj_kby7te2ynk	missing_file
ubgl_gp25.p3d	images/weapons/attachments/underslung/ubgl_gp25.p3d.jpg	database/weapons/attachments/underslung/objects.json	dzobj_lilukvsnrx	missing_file
Ammo_GrenadeM4	images/weapons/explosives/Ammo_GrenadeM4/Ammo_GrenadeM4.jpg	database/weapons/explosives/objects.json	dzobj_w2cmjgc8in	missing_file
fakeexplosion.p3d	images/weapons/explosives/fakeexplosion.p3d.jpg	database/weapons/explosives/objects.json	dzobj_84a5ydh3wx	missing_file
flashbang.p3d	images/weapons/explosives/flashbang.p3d.jpg	database/weapons/explosives/objects.json	dzobj_1gyndql929	missing_file
frag_rgd5.p3d	images/weapons/explosives/frag_rgd5.p3d.jpg	database/weapons/explosives/objects.json	dzobj_jczl94hdha	missing_file
grenade.p3d	images/weapons/explosives/grenade.p3d.jpg	database/weapons/explosives/objects.json	dzobj_i1pegojsgu	missing_file
Mine	images/weapons/explosives/Mine/Mine.jpg	database/weapons/explosives/objects.json	dzobj_wbsrf2l67n	missing_file
Proxyflashbang	images/weapons/explosives/Proxyflashbang/Proxyflashbang.jpg	database/weapons/explosives/objects.json	dzobj_hxa3pmg4in	missing_file
Proxyfrag_RGD5	images/weapons/explosives/Proxyfrag_RGD5/Proxyfrag_RGD5.jpg	database/weapons/explosives/objects.json	dzobj_3awxud3mrv	missing_file
Proxygrenade	images/weapons/explosives/Proxygrenade/Proxygrenade.jpg	database/weapons/explosives/objects.json	dzobj_ooh0cmkdt2	missing_file
Proxysmokegrenade	images/weapons/explosives/Proxysmokegrenade/Proxysmokegrenade.jpg	database/weapons/explosives/objects.json	dzobj_judjbvtbks	missing_file
Proxysmokegrenade_rdg2	images/weapons/explosives/Proxysmokegrenade_rdg2/Proxysmokegrenade_rdg2.jpg	database/weapons/explosives/objects.json	dzobj_uedkp4mfpe	missing_file
smokegrenade.p3d	images/weapons/explosives/smokegrenade.p3d.jpg	database/weapons/explosives/objects.json	dzobj_j4hqcskvkq	missing_file
smokegrenade_rdg2.p3d	images/weapons/explosives/smokegrenade_rdg2.p3d.jpg	database/weapons/explosives/objects.json	dzobj_knoxgnwqy8	missing_file
AK74	images/weapons/firearms/AK101/AK74/AK74.jpg	database/weapons/firearms/AK101/objects.json	dzobj_nr198n2v8z	missing_file
ak74.p3d	images/weapons/firearms/AK101/AK74/AK74.jpg	database/weapons/firearms/AK101/objects.json	dzobj_8jqrqsav2c	missing_file
AK74_Black	images/weapons/firearms/AK101/AK74_Black/AK74_Black.jpg	database/weapons/firearms/AK101/objects.json	dzobj_w2xcf9mxxo	missing_file
AK74_Green	images/weapons/firearms/AK101/AK74_Green/AK74_Green.jpg	database/weapons/firearms/AK101/objects.json	dzobj_69lypqv9ou	missing_file
trumpet.p3d	images/weapons/firearms/trumpet/trumpet.p3d.jpg	database/weapons/firearms/Trumpet/objects.json	dzobj_8nwbf003zz	missing_file
long_barrel.p3d	images/weapons/firearms/aug/proxy/long_barrel.p3d.jpg	database/weapons/firearms/aug/proxy/objects.json	dzobj_vc8r1obfeu	missing_file
mid_barrel.p3d	images/weapons/firearms/aug/proxy/mid_barrel.p3d.jpg	database/weapons/firearms/aug/proxy/objects.json	dzobj_hm2plwjs2m	missing_file
Proxyscope	images/weapons/firearms/aug/proxy/Proxyscope/Proxyscope.jpg	database/weapons/firearms/aug/proxy/objects.json	dzobj_tr6rboav36	missing_file
rails.p3d	images/weapons/firearms/aug/proxy/rails.p3d.jpg	database/weapons/firearms/aug/proxy/objects.json	dzobj_lmm0jtv0v4	missing_file
scope.p3d	images/weapons/firearms/aug/proxy/scope.p3d.jpg	database/weapons/firearms/aug/proxy/objects.json	dzobj_055zgbzi8u	missing_file
short_barrel.p3d	images/weapons/firearms/aug/proxy/short_barrel.p3d.jpg	database/weapons/firearms/aug/proxy/objects.json	dzobj_w83x6h254j	missing_file
mini_uzi.p3d	images/weapons/firearms/mini_uzi/mini_uzi.p3d.jpg	database/weapons/firearms/mini_uzi/objects.json	dzobj_imfkpzol14	missing_file
mosin_sawn.p3d	images/weapons/firearms/dzweaponsfirearmsmosin9130mosin_sawn.p3d.jpg	database/weapons/firearms/mosin9130/objects.json	dzobj_uz2dko1f7r	missing_file
Groza_Barrel_Grip	images/weapons/firearms/ots14/Groza_Barrel_Grip/Groza_Barrel_Grip.jpg	database/weapons/firearms/ots14/objects.json	dzobj_33de769eql	missing_file
Groza_Barrel_Short	images/weapons/firearms/ots14/Groza_Barrel_Short/Groza_Barrel_Short.jpg	database/weapons/firearms/ots14/objects.json	dzobj_nqqdghyuwt	missing_file
Groza_Barrel_Suppressor	images/weapons/firearms/ots14/Groza_Barrel_Suppressor/Groza_Barrel_Suppressor.jpg	database/weapons/firearms/ots14/objects.json	dzobj_3t6ol95ikg	missing_file
Groza_LowerReceiver	images/weapons/firearms/ots14/Groza_LowerReceiver/Groza_LowerReceiver.jpg	database/weapons/firearms/ots14/objects.json	dzobj_3uxvbr26pw	missing_file
GrozaGL_LowerReceiver	images/weapons/firearms/ots14/GrozaGL_LowerReceiver/GrozaGL_LowerReceiver.jpg	database/weapons/firearms/ots14/objects.json	dzobj_ga48twvya7	missing_file
ots14.p3d	images/weapons/firearms/ots14/ots14.p3d.jpg	database/weapons/firearms/ots14/objects.json	dzobj_a9n1sliclj	missing_file
ots14_barrel.p3d	images/weapons/firearms/ots14/ots14_barrel.p3d.jpg	database/weapons/firearms/ots14/objects.json	dzobj_mcd3krmfup	missing_file
ots14_barrel_grip.p3d	images/weapons/firearms/ots14/ots14_barrel_grip.p3d.jpg	database/weapons/firearms/ots14/objects.json	dzobj_c9bp7grt9c	missing_file
ots14_grip.p3d	images/weapons/firearms/ots14/ots14_grip.p3d.jpg	database/weapons/firearms/ots14/objects.json	dzobj_ivrhp75iz5	missing_file
ots14_launcher.p3d	images/weapons/firearms/ots14/ots14_launcher.p3d.jpg	database/weapons/firearms/ots14/objects.json	dzobj_jl1te2v0qc	missing_file
ots14_silencer.p3d	images/weapons/firearms/ots14/ots14_silencer.p3d.jpg	database/weapons/firearms/ots14/objects.json	dzobj_ntamv7c8a5	missing_file
ProxyOTs14_Barrel	images/weapons/firearms/ots14/ProxyOTs14_Barrel/ProxyOTs14_Barrel.jpg	database/weapons/firearms/ots14/objects.json	dzobj_jk22zp6xji	missing_file
ProxyOTs14_Barrel_Grip	images/weapons/firearms/ots14/ProxyOTs14_Barrel_Grip/ProxyOTs14_Barrel_Grip.jpg	database/weapons/firearms/ots14/objects.json	dzobj_ilif4gzyld	missing_file
ProxyOTs14_Grip	images/weapons/firearms/ots14/ProxyOTs14_Grip/ProxyOTs14_Grip.jpg	database/weapons/firearms/ots14/objects.json	dzobj_n68wldaotj	missing_file
ProxyOTs14_launcher	images/weapons/firearms/ots14/ProxyOTs14_launcher/ProxyOTs14_launcher.jpg	database/weapons/firearms/ots14/objects.json	dzobj_dyf8rcjdi2	missing_file
ProxyOTs14_Silencer	images/weapons/firearms/ots14/ProxyOTs14_Silencer/ProxyOTs14_Silencer.jpg	database/weapons/firearms/ots14/objects.json	dzobj_b9i0pxug73	missing_file
UnderSlugGrenadeM4	images/weapons/firearms/ots14/UnderSlugGrenadeM4/UnderSlugGrenadeM4.jpg	database/weapons/firearms/ots14/objects.json	dzobj_kgkckxolzk	missing_file
pkm.p3d	images/weapons/firearms/pkm/pkm.p3d.jpg	database/weapons/firearms/pkm/objects.json	dzobj_nyzyro1ild	missing_file
speargun.p3d	images/weapons/firearms/speargun/speargun.p3d.jpg	database/weapons/firearms/speargun/objects.json	dzobj_m085f9ktla	missing_file
optic_ssg82.p3d	images/weapons/firearms/ssg82/proxy/optic_ssg82.p3d.jpg	database/weapons/firearms/ssg82/proxy/objects.json	dzobj_5o5b8fk5qa	missing_file
Proxyscope	images/weapons/firearms/ssg82/proxy/Proxyscope/Proxyscope.jpg	database/weapons/firearms/ssg82/proxy/objects.json	dzobj_y2fssrroro	missing_file
SSG82Optic	images/weapons/firearms/ssg82/proxy/SSG82Optic/SSG82Optic.jpg	database/weapons/firearms/ssg82/proxy/objects.json	dzobj_0wn42t07wf	missing_file
svd_old.p3d	images/weapons/firearms/dzweaponsfirearmssvdsvd_old.p3d.jpg	database/weapons/firearms/svd/objects.json	dzobj_eqk6l3i1kw	missing_file
GP25_Standalone	images/weapons/launchers/gp25/GP25_Standalone/GP25_Standalone.jpg	database/weapons/launchers/gp25/objects.json	dzobj_d0765f899p	missing_file
ubgl_gp25.p3d	images/weapons/launchers/gp25/ubgl_gp25.p3d.jpg	database/weapons/launchers/gp25/objects.json	dzobj_h3z8tmwyx9	missing_file
Ammo_LAW_HE	images/weapons/launchers/law/Ammo_LAW_HE/Ammo_LAW_HE.jpg	database/weapons/launchers/law/objects.json	dzobj_sy9crqugzc	missing_file
law_rocket.p3d	images/weapons/launchers/law/Ammo_LAW_HE/Ammo_LAW_HE.jpg	database/weapons/launchers/law/objects.json	dzobj_tr9qh6vowx	missing_file
LAWBase	images/weapons/launchers/law/LAWBase/LAWBase.jpg	database/weapons/launchers/law/objects.json	dzobj_irun4ik7zi	missing_file
dummyscope.p3d	images/weapons/launchers/m79/proxy/dummyscope.p3d.jpg	database/weapons/launchers/m79/proxy/objects.json	dzobj_dg7mp2v04n	missing_file
RPG7Base	images/weapons/launchers/rpg7/RPG7Base/RPG7Base.jpg	database/weapons/launchers/rpg7/objects.json	dzobj_nwdbaw0qte	missing_file
Proxycombatknife	images/weapons/melee/blade/Proxycombatknife/Proxycombatknife.jpg	database/weapons/melee/blade/objects.json	dzobj_xma8k730xg	missing_file
brassknuckles.p3d	images/weapons/melee/blunt/brassknuckles.p3d.jpg	database/weapons/melee/blunt/objects.json	dzobj_fdmv26al1g	missing_file
telescopingbaton_retracted.p3d	images/weapons/melee/blunt/telescopingbaton_retracted.p3d.jpg	database/weapons/melee/blunt/objects.json	dzobj_xqj9nb9ib0	missing_file
ProxyShockpistol	images/weapons/nonlethal/shockpistol/ProxyShockpistol/ProxyShockpistol.jpg	database/weapons/nonlethal/shockpistol/objects.json	dzobj_cjjb3uxhh9	missing_file
1911.p3d	images/weapons/pistols/1911/1911.p3d.jpg	database/weapons/pistols/1911/objects.json	dzobj_7sras6vr91	missing_file
Proxy1911	images/weapons/pistols/1911/Proxy1911/Proxy1911.jpg	database/weapons/pistols/1911/objects.json	dzobj_ubn3n17fh6	missing_file
ProxyCZ75	images/weapons/pistols/CZ75/ProxyCZ75/ProxyCZ75.jpg	database/weapons/pistols/CZ75/objects.json	dzobj_jfyuh16kh0	missing_file
de.p3d	images/weapons/pistols/de/de.p3d.jpg	database/weapons/pistols/DE/objects.json	dzobj_iv9mxqgbyt	missing_file
ProxyDE	images/weapons/pistols/DE/ProxyDE/ProxyDE.jpg	database/weapons/pistols/DE/objects.json	dzobj_jidgx1vyfg	missing_file
fnp45.p3d	images/weapons/pistols/fnx45/fnp45.p3d.jpg	database/weapons/pistols/FNX45/objects.json	dzobj_gdisrvuztj	missing_file
ProxyFNP45	images/weapons/pistols/FNX45/ProxyFNP45/ProxyFNP45.jpg	database/weapons/pistols/FNX45/objects.json	dzobj_qt0d76jxsz	missing_file
ProxyLongHorn	images/weapons/pistols/LongHorn/ProxyLongHorn/ProxyLongHorn.jpg	database/weapons/pistols/LongHorn/objects.json	dzobj_zmb869tdl8	missing_file
ProxyRed9	images/weapons/pistols/Red9/ProxyRed9/ProxyRed9.jpg	database/weapons/pistols/Red9/objects.json	dzobj_r1hx0xz7ay	missing_file
red9.p3d	images/weapons/pistols/red9/red9.p3d.jpg	database/weapons/pistols/Red9/objects.json	dzobj_a8m97j69rf	missing_file
derringer.p3d	images/weapons/pistols/derringer/derringer.p3d.jpg	database/weapons/pistols/derringer/objects.json	dzobj_ran3g7q94p	missing_file
ProxyFlaregun	images/weapons/pistols/flaregun/ProxyFlaregun/ProxyFlaregun.jpg	database/weapons/pistols/flaregun/objects.json	dzobj_9swb7d6ylm	missing_file
ProxyGlock	images/weapons/pistols/glock/ProxyGlock/ProxyGlock.jpg	database/weapons/pistols/glock/objects.json	dzobj_igvlsizc3k	missing_file
bullet_nose_6	images/weapons/pistols/magnum/proxy/bullet_nose_6/bullet_nose_6.jpg	database/weapons/pistols/magnum/proxy/objects.json	dzobj_h1u869ya81	missing_file
Magnum_Cylinder	images/weapons/pistols/magnum/proxy/Magnum_Cylinder/Magnum_Cylinder.jpg	database/weapons/pistols/magnum/proxy/objects.json	dzobj_1tjg6mzel0	missing_file
magnum_cylinder.p3d	images/weapons/pistols/magnum/proxy/Magnum_Cylinder/Magnum_Cylinder.jpg	database/weapons/pistols/magnum/proxy/objects.json	dzobj_1gykjnipfg	missing_file
Magnum_Ejector	images/weapons/pistols/magnum/proxy/Magnum_Ejector/Magnum_Ejector.jpg	database/weapons/pistols/magnum/proxy/objects.json	dzobj_wbb6b6bmhd	missing_file
magnum_ejector.p3d	images/weapons/pistols/magnum/proxy/Magnum_Ejector/Magnum_Ejector.jpg	database/weapons/pistols/magnum/proxy/objects.json	dzobj_rjgwhewb31	missing_file
Proxymagnum_cylinder	images/weapons/pistols/magnum/proxy/Proxymagnum_cylinder/Proxymagnum_cylinder.jpg	database/weapons/pistols/magnum/proxy/objects.json	dzobj_2u028frm07	missing_file
Proxymagnum_ejector	images/weapons/pistols/magnum/proxy/Proxymagnum_ejector/Proxymagnum_ejector.jpg	database/weapons/pistols/magnum/proxy/objects.json	dzobj_4mgfb0snnn	missing_file
Rotate_Ejector	images/weapons/pistols/magnum/proxy/Rotate_Ejector/Rotate_Ejector.jpg	database/weapons/pistols/magnum/proxy/objects.json	dzobj_i2m5lwzsge	missing_file
rugermkii.p3d	images/weapons/pistols/mkii/rugermkii.p3d.jpg	database/weapons/pistols/mkii/objects.json	dzobj_4arbadnhtu	missing_file
ProxyP1	images/weapons/pistols/p1/ProxyP1/ProxyP1.jpg	database/weapons/pistols/p1/objects.json	dzobj_z8f10rrd14	missing_file
pb6p9.p3d	images/weapons/pistols/pb6p9/pb6p9.p3d.jpg	database/weapons/pistols/pb6p9/objects.json	dzobj_tiryevg1ky	missing_file
ProxyPB6P9	images/weapons/pistols/pb6p9/ProxyPB6P9/ProxyPB6P9.jpg	database/weapons/pistols/pb6p9/objects.json	dzobj_yri9gkb53p	missing_file
ij70.p3d	images/weapons/pistols/pmm/ij70.p3d.jpg	database/weapons/pistols/pmm/objects.json	dzobj_joj3wx943w	missing_file
Proxyij70	images/weapons/pistols/pmm/Proxyij70/Proxyij70.jpg	database/weapons/pistols/pmm/objects.json	dzobj_at0bzxx2qe	missing_file
40mm_grenade_chemgas_shell.p3d	images/weapons/projectiles/40mm_grenade_chemgas_shell.p3d.jpg	database/weapons/projectiles/objects.json	dzobj_22oac7tn5s	missing_file
40mm_grenade_smoke_shell.p3d	images/weapons/projectiles/40mm_grenade_smoke_shell.p3d.jpg	database/weapons/projectiles/objects.json	dzobj_k6aiqeqkas	missing_file
545x39_singleround.p3d	images/weapons/projectiles/545x39_singleround.p3d.jpg	database/weapons/projectiles/objects.json	dzobj_d8iksobuoi	missing_file
9x39_singleround.p3d	images/weapons/projectiles/9x39_singleround.p3d.jpg	database/weapons/projectiles/objects.json	dzobj_u3s0o3kt95	missing_file
Ammo_CupidsBolt	images/weapons/projectiles/Ammo_CupidsBolt/Ammo_CupidsBolt.jpg	database/weapons/projectiles/objects.json	dzobj_lg8qsx2hbn	missing_file
Ammo_HuntingBolt	images/weapons/projectiles/Ammo_HuntingBolt/Ammo_HuntingBolt.jpg	database/weapons/projectiles/objects.json	dzobj_wpc86h0f5f	missing_file
Ammo_ImprovisedBolt_1	images/weapons/projectiles/Ammo_ImprovisedBolt_1/Ammo_ImprovisedBolt_1.jpg	database/weapons/projectiles/objects.json	dzobj_bhb6hh1lj8	missing_file
Ammo_ImprovisedBolt_2	images/weapons/projectiles/Ammo_ImprovisedBolt_2/Ammo_ImprovisedBolt_2.jpg	database/weapons/projectiles/objects.json	dzobj_n2eeqm4hvi	missing_file
arrow_composite.p3d	images/weapons/projectiles/arrow_composite.p3d.jpg	database/weapons/projectiles/objects.json	dzobj_6cctt2ub8s	missing_file
arrow_composite_flying.p3d	images/weapons/projectiles/arrow_composite_flying.p3d.jpg	database/weapons/projectiles/objects.json	dzobj_fn4xow9gj8	missing_file
arrow_crafted_simple.p3d	images/weapons/projectiles/arrow_crafted_simple.p3d.jpg	database/weapons/projectiles/objects.json	dzobj_z5a2xj6wc8	missing_file
arrow_crude_simple.p3d	images/weapons/projectiles/arrow_crude_simple.p3d.jpg	database/weapons/projectiles/objects.json	dzobj_vn8orj3t8c	missing_file
bolt_biggame.p3d	images/weapons/projectiles/bolt_biggame.p3d.jpg	database/weapons/projectiles/objects.json	dzobj_nqtrlagda2	missing_file
bolt_crafted.p3d	images/weapons/projectiles/bolt_crafted.p3d.jpg	database/weapons/projectiles/objects.json	dzobj_g4leicmloe	missing_file
bolt_crude.p3d	images/weapons/projectiles/bolt_crude.p3d.jpg	database/weapons/projectiles/objects.json	dzobj_ktzny8ihmf	missing_file
bolt_cupids.p3d	images/weapons/projectiles/bolt_cupids.p3d.jpg	database/weapons/projectiles/objects.json	dzobj_sszxhvr2f9	missing_file
bolt_flying.p3d	images/weapons/projectiles/bolt_flying.p3d.jpg	database/weapons/projectiles/objects.json	dzobj_dy3brbckt2	missing_file
bolt_smallgame.p3d	images/weapons/projectiles/bolt_smallgame.p3d.jpg	database/weapons/projectiles/objects.json	dzobj_pcnegztztu	missing_file
Bullet_12GaugeBeanbag	images/weapons/projectiles/Bullet_12GaugeBeanbag/Bullet_12GaugeBeanbag.jpg	database/weapons/projectiles/objects.json	dzobj_n4ioydyvt5	missing_file
Bullet_12GaugeRubberSlug	images/weapons/projectiles/Bullet_12GaugeRubberSlug/Bullet_12GaugeRubberSlug.jpg	database/weapons/projectiles/objects.json	dzobj_67nlnucya3	missing_file
Bullet_308WinTracer	images/weapons/projectiles/Bullet_308WinTracer/Bullet_308WinTracer.jpg	database/weapons/projectiles/objects.json	dzobj_k5dwmbbu6t	missing_file
Bullet_40mm_Base	images/weapons/projectiles/Bullet_40mm_Base/Bullet_40mm_Base.jpg	database/weapons/projectiles/objects.json	dzobj_hfb2jiuj9j	missing_file
Bullet_40mm_ChemGas	images/weapons/projectiles/Bullet_40mm_ChemGas/Bullet_40mm_ChemGas.jpg	database/weapons/projectiles/objects.json	dzobj_e9k1usw7j6	missing_file
Bullet_40mm_Smoke_Black	images/weapons/projectiles/Bullet_40mm_Smoke_Black/Bullet_40mm_Smoke_Black.jpg	database/weapons/projectiles/objects.json	dzobj_4kh5b6immy	missing_file
Bullet_40mm_Smoke_Green	images/weapons/projectiles/Bullet_40mm_Smoke_Green/Bullet_40mm_Smoke_Green.jpg	database/weapons/projectiles/objects.json	dzobj_ee78hmjh9j	missing_file
Bullet_40mm_Smoke_Red	images/weapons/projectiles/Bullet_40mm_Smoke_Red/Bullet_40mm_Smoke_Red.jpg	database/weapons/projectiles/objects.json	dzobj_okkuemcsdf	missing_file
Bullet_40mm_Smoke_White	images/weapons/projectiles/Bullet_40mm_Smoke_White/Bullet_40mm_Smoke_White.jpg	database/weapons/projectiles/objects.json	dzobj_f1x4ocysto	missing_file
Bullet_545x39Tracer	images/weapons/projectiles/Bullet_545x39Tracer/Bullet_545x39Tracer.jpg	database/weapons/projectiles/objects.json	dzobj_ewwullcjm8	missing_file
Bullet_556x45Tracer	images/weapons/projectiles/Bullet_556x45Tracer/Bullet_556x45Tracer.jpg	database/weapons/projectiles/objects.json	dzobj_cwnqhjh41n	missing_file
Bullet_762x39Tracer	images/weapons/projectiles/Bullet_762x39Tracer/Bullet_762x39Tracer.jpg	database/weapons/projectiles/objects.json	dzobj_nhktq34r1g	missing_file
Bullet_762x54Tracer	images/weapons/projectiles/Bullet_762x54Tracer/Bullet_762x54Tracer.jpg	database/weapons/projectiles/objects.json	dzobj_jspo1yhkam	missing_file
Bullet_CupidsBolt	images/weapons/projectiles/Bullet_CupidsBolt/Bullet_CupidsBolt.jpg	database/weapons/projectiles/objects.json	dzobj_h0vy6g7nkz	missing_file
Bullet_Flare	images/weapons/projectiles/Bullet_Flare/Bullet_Flare.jpg	database/weapons/projectiles/objects.json	dzobj_5u3wuiq9zl	missing_file
Bullet_HuntingBolt	images/weapons/projectiles/Bullet_HuntingBolt/Bullet_HuntingBolt.jpg	database/weapons/projectiles/objects.json	dzobj_68fa812oj8	missing_file
Bullet_ImprovisedBolt_1	images/weapons/projectiles/Bullet_ImprovisedBolt_1/Bullet_ImprovisedBolt_1.jpg	database/weapons/projectiles/objects.json	dzobj_dvjwakcc0t	missing_file
Bullet_ImprovisedBolt_2	images/weapons/projectiles/Bullet_ImprovisedBolt_2/Bullet_ImprovisedBolt_2.jpg	database/weapons/projectiles/objects.json	dzobj_6qnqgd1c7b	missing_file
Dart_Syringe	images/weapons/projectiles/Dart_Syringe/Dart_Syringe.jpg	database/weapons/projectiles/objects.json	dzobj_swthpjzyer	missing_file
dart_syringe.p3d	images/weapons/projectiles/Dart_Syringe/Dart_Syringe.jpg	database/weapons/projectiles/objects.json	dzobj_zqrgd1exi8	missing_file
empty.p3d	images/weapons/projectiles/empty.p3d.jpg	database/weapons/projectiles/objects.json	dzobj_706za8emj5	missing_file
flare_projectile.p3d	images/weapons/projectiles/flare_projectile.p3d.jpg	database/weapons/projectiles/objects.json	dzobj_89s9jhq7o3	missing_file
FxCartridge	images/weapons/projectiles/FxCartridge/FxCartridge.jpg	database/weapons/projectiles/objects.json	dzobj_u8vq3vdr64	missing_file
FxCartridge_12Beanbag	images/weapons/projectiles/FxCartridge_12Beanbag/FxCartridge_12Beanbag.jpg	database/weapons/projectiles/objects.json	dzobj_p8h7ex5q4l	missing_file
FxCartridge_12Pellet	images/weapons/projectiles/FxCartridge_12Pellet/FxCartridge_12Pellet.jpg	database/weapons/projectiles/objects.json	dzobj_gzs2rx0q00	missing_file
FxCartridge_12RubberSlug	images/weapons/projectiles/FxCartridge_12RubberSlug/FxCartridge_12RubberSlug.jpg	database/weapons/projectiles/objects.json	dzobj_szby9n9mmk	missing_file
FxCartridge_12Slug	images/weapons/projectiles/FxCartridge_12Slug/FxCartridge_12Slug.jpg	database/weapons/projectiles/objects.json	dzobj_pyu2kt851f	missing_file
FxCartridge_22	images/weapons/projectiles/FxCartridge_22/FxCartridge_22.jpg	database/weapons/projectiles/objects.json	dzobj_cb0klfiv98	missing_file
FxCartridge_357	images/weapons/projectiles/FxCartridge_357/FxCartridge_357.jpg	database/weapons/projectiles/objects.json	dzobj_93f8ghq9k3	missing_file
FxCartridge_40mm	images/weapons/projectiles/FxCartridge_40mm/FxCartridge_40mm.jpg	database/weapons/projectiles/objects.json	dzobj_n8aeshr7k1	missing_file
FxCartridge_762	images/weapons/projectiles/FxCartridge_762/FxCartridge_762.jpg	database/weapons/projectiles/objects.json	dzobj_gkyo5iljai	missing_file
FxCartridge_762x39	images/weapons/projectiles/FxCartridge_762x39/FxCartridge_762x39.jpg	database/weapons/projectiles/objects.json	dzobj_4v7fbf68t2	missing_file
FxCartridge_Flare	images/weapons/projectiles/FxCartridge_Flare/FxCartridge_Flare.jpg	database/weapons/projectiles/objects.json	dzobj_5r3l0z54fq	missing_file
FxCartridge_Flare_Blue	images/weapons/projectiles/FxCartridge_Flare_Blue/FxCartridge_Flare_Blue.jpg	database/weapons/projectiles/objects.json	dzobj_zsqaz5m6xw	missing_file
FxCartridge_Flare_Green	images/weapons/projectiles/FxCartridge_Flare_Green/FxCartridge_Flare_Green.jpg	database/weapons/projectiles/objects.json	dzobj_2az0t9n7vl	missing_file
FxCartridge_Flare_Red	images/weapons/projectiles/FxCartridge_Flare_Red/FxCartridge_Flare_Red.jpg	database/weapons/projectiles/objects.json	dzobj_3ysvkfg6mg	missing_file
FxCartridge_Small	images/weapons/projectiles/FxCartridge_Small/FxCartridge_Small.jpg	database/weapons/projectiles/objects.json	dzobj_py7r4imnss	missing_file
FxRound	images/weapons/projectiles/FxRound/FxRound.jpg	database/weapons/projectiles/objects.json	dzobj_7ljv1qr71z	missing_file
FxRound_12Beanbag	images/weapons/projectiles/FxRound_12Beanbag/FxRound_12Beanbag.jpg	database/weapons/projectiles/objects.json	dzobj_tjepr2vyel	missing_file
FxRound_12Pellet	images/weapons/projectiles/FxRound_12Pellet/FxRound_12Pellet.jpg	database/weapons/projectiles/objects.json	dzobj_h8o4gxn73q	missing_file
FxRound_12RubberSlug	images/weapons/projectiles/FxRound_12RubberSlug/FxRound_12RubberSlug.jpg	database/weapons/projectiles/objects.json	dzobj_mquikoyanh	missing_file
FxRound_12Slug	images/weapons/projectiles/FxRound_12Slug/FxRound_12Slug.jpg	database/weapons/projectiles/objects.json	dzobj_70jxnl6c9d	missing_file
FxRound_22	images/weapons/projectiles/FxRound_22/FxRound_22.jpg	database/weapons/projectiles/objects.json	dzobj_mnuvu1ldna	missing_file
FxRound_308Win	images/weapons/projectiles/FxRound_308Win/FxRound_308Win.jpg	database/weapons/projectiles/objects.json	dzobj_3vtugbtmo9	missing_file
FxRound_357	images/weapons/projectiles/FxRound_357/FxRound_357.jpg	database/weapons/projectiles/objects.json	dzobj_29ph8wgseh	missing_file
FxRound_40mm	images/weapons/projectiles/FxRound_40mm/FxRound_40mm.jpg	database/weapons/projectiles/objects.json	dzobj_ra3m2fgx02	missing_file
FxRound_40mmBlack	images/weapons/projectiles/FxRound_40mmBlack/FxRound_40mmBlack.jpg	database/weapons/projectiles/objects.json	dzobj_hubqr9tsru	missing_file
FxRound_40mmChemGas	images/weapons/projectiles/FxRound_40mmChemGas/FxRound_40mmChemGas.jpg	database/weapons/projectiles/objects.json	dzobj_r9x389e3h3	missing_file
FxRound_40mmGreen	images/weapons/projectiles/FxRound_40mmGreen/FxRound_40mmGreen.jpg	database/weapons/projectiles/objects.json	dzobj_17poumqgej	missing_file
FxRound_40mmRed	images/weapons/projectiles/FxRound_40mmRed/FxRound_40mmRed.jpg	database/weapons/projectiles/objects.json	dzobj_0qwdv0wcq8	missing_file
FxRound_40mmWhite	images/weapons/projectiles/FxRound_40mmWhite/FxRound_40mmWhite.jpg	database/weapons/projectiles/objects.json	dzobj_i2y5er91mn	missing_file
FxRound_45acp	images/weapons/projectiles/FxRound_45acp/FxRound_45acp.jpg	database/weapons/projectiles/objects.json	dzobj_ysglcx3yyv	missing_file
FxRound_556	images/weapons/projectiles/FxRound_556/FxRound_556.jpg	database/weapons/projectiles/objects.json	dzobj_nw0k9scqdm	missing_file
FxRound_762	images/weapons/projectiles/FxRound_762/FxRound_762.jpg	database/weapons/projectiles/objects.json	dzobj_hc0nxtf5xp	missing_file
FxRound_762x39	images/weapons/projectiles/FxRound_762x39/FxRound_762x39.jpg	database/weapons/projectiles/objects.json	dzobj_q3dwlrs92z	missing_file
FxRound_9mm	images/weapons/projectiles/FxRound_9mm/FxRound_9mm.jpg	database/weapons/projectiles/objects.json	dzobj_lepnce3z3f	missing_file
FxRound_CupidsBolt	images/weapons/projectiles/FxRound_CupidsBolt/FxRound_CupidsBolt.jpg	database/weapons/projectiles/objects.json	dzobj_mxafju5pow	missing_file
FxRound_Flare	images/weapons/projectiles/FxRound_Flare/FxRound_Flare.jpg	database/weapons/projectiles/objects.json	dzobj_4elqri68a5	missing_file
FxRound_Flare_Blue	images/weapons/projectiles/FxRound_Flare_Blue/FxRound_Flare_Blue.jpg	database/weapons/projectiles/objects.json	dzobj_yw72naji7m	missing_file
FxRound_Flare_Green	images/weapons/projectiles/FxRound_Flare_Green/FxRound_Flare_Green.jpg	database/weapons/projectiles/objects.json	dzobj_w8llqrjvol	missing_file
FxRound_Flare_Red	images/weapons/projectiles/FxRound_Flare_Red/FxRound_Flare_Red.jpg	database/weapons/projectiles/objects.json	dzobj_tcz0shmjv9	missing_file
FxRound_HuntingBolt	images/weapons/projectiles/FxRound_HuntingBolt/FxRound_HuntingBolt.jpg	database/weapons/projectiles/objects.json	dzobj_v38yspgf5f	missing_file
FxRound_ImprovisedBolt_1	images/weapons/projectiles/FxRound_ImprovisedBolt_1/FxRound_ImprovisedBolt_1.jpg	database/weapons/projectiles/objects.json	dzobj_6an852gjzz	missing_file
FxRound_ImprovisedBolt_2	images/weapons/projectiles/FxRound_ImprovisedBolt_2/FxRound_ImprovisedBolt_2.jpg	database/weapons/projectiles/objects.json	dzobj_5gefwk7b56	missing_file
m203_grenade.p3d	images/weapons/projectiles/m203_grenade.p3d.jpg	database/weapons/projectiles/objects.json	dzobj_w4yqcdei0l	missing_file
Proxy357_SingleRound	images/weapons/projectiles/Proxy357_SingleRound/Proxy357_SingleRound.jpg	database/weapons/projectiles/objects.json	dzobj_hwgr59utct	missing_file
ProxyShotgunShell_pellets	images/weapons/projectiles/ProxyShotgunShell_pellets/ProxyShotgunShell_pellets.jpg	database/weapons/projectiles/objects.json	dzobj_ch3prdxyj4	missing_file
speargun_spear.p3d	images/weapons/projectiles/speargun_spear.p3d.jpg	database/weapons/projectiles/objects.json	dzobj_l6mt4vnzr4	missing_file
tracer_40mm_grenade.p3d	images/weapons/projectiles/tracer_40mm_grenade.p3d.jpg	database/weapons/projectiles/objects.json	dzobj_e3mh6er9sv	missing_file
tracer_40mm_grenade_chemgas.p3d	images/weapons/projectiles/tracer_40mm_grenade_chemgas.p3d.jpg	database/weapons/projectiles/objects.json	dzobj_5opf46p0xl	missing_file
tracer_40mm_grenade_smoke_b.p3d	images/weapons/projectiles/tracer_40mm_grenade_smoke_b.p3d.jpg	database/weapons/projectiles/objects.json	dzobj_0y9f1mvyvs	missing_file
tracer_40mm_grenade_smoke_g.p3d	images/weapons/projectiles/tracer_40mm_grenade_smoke_g.p3d.jpg	database/weapons/projectiles/objects.json	dzobj_uabyxmlof4	missing_file
tracer_40mm_grenade_smoke_r.p3d	images/weapons/projectiles/tracer_40mm_grenade_smoke_r.p3d.jpg	database/weapons/projectiles/objects.json	dzobj_qawl6x8npl	missing_file
tracer_40mm_grenade_smoke_w.p3d	images/weapons/projectiles/tracer_40mm_grenade_smoke_w.p3d.jpg	database/weapons/projectiles/objects.json	dzobj_c2x0owl1ai	missing_file
tracer_beanbag.p3d	images/weapons/projectiles/tracer_beanbag.p3d.jpg	database/weapons/projectiles/objects.json	dzobj_2maglz346s	missing_file
tracer_green.p3d	images/weapons/projectiles/tracer_green.p3d.jpg	database/weapons/projectiles/objects.json	dzobj_q31h464j1k	missing_file
tracer_green_wide.p3d	images/weapons/projectiles/tracer_green_wide.p3d.jpg	database/weapons/projectiles/objects.json	dzobj_81cxwdb3xb	missing_file
tracer_red.p3d	images/weapons/projectiles/tracer_red.p3d.jpg	database/weapons/projectiles/objects.json	dzobj_r0tljiryjo	missing_file
tracer_red_wide.p3d	images/weapons/projectiles/tracer_red_wide.p3d.jpg	database/weapons/projectiles/objects.json	dzobj_vtw1852rlc	missing_file
tracer_rubberslug.p3d	images/weapons/projectiles/tracer_rubberslug.p3d.jpg	database/weapons/projectiles/objects.json	dzobj_42pww7vwx8	missing_file
tracer_yellow.p3d	images/weapons/projectiles/tracer_yellow.p3d.jpg	database/weapons/projectiles/objects.json	dzobj_5z62iv1jow	missing_file
vog25_singleround.p3d	images/weapons/projectiles/vog25_singleround.p3d.jpg	database/weapons/projectiles/objects.json	dzobj_pwl20s7bru	missing_file
