{
  "Objects": [
    {
      "name": "Land_Underground_Entrance",
      "pos": [
        4272.23486328125,
        257.00653076171875,
        4895.14111328125
      ],
      "ypr": [
        9.0,
        0.0,
        -0.0
      ],
      "scale": 1.0,
      "enableCEPersistency": 0,
      "customString": ""
    },
    {
      "name": "Land_Underground_Panel",
      "pos": [
        4268.42138671875,
        258.4884948730469,
        4888.4794921875
      ],
      "ypr": [
        9.0,
        0.0,
        -0.0
      ],
      "scale": 1.0,
      "enableCEPersistency": 0,
      "customString": ""
    }
  ]
}
