{
  "Objects": [
    {
      "name": "Land_Tisy_RadarB_Base",
      "pos": [
        -211.7570343017578,
        10.000003814697266,
        3310.91015625
      ],
      "ypr": [
        0.0,
        0.0,
        -0.0
      ],
      "scale": 1.0,
      "enableCEPersistency": 0,
      "customString": ""
    },
    {
      "name": "Land_Tisy_RadarB_Antenna",
      "pos": [
        -203.5809783935547,
        10.010910034179688,
        3315.685546875
      ],
      "ypr": [
        62.87129211425781,
        0.0,
        -0.0
      ],
      "scale": 1.0,
      "enableCEPersistency": 0,
      "customString": ""
    }
  ]
}
