{
    "Objects": [
        {
            "name": "Land_Tisy_RadarB_Base",
            "pos": [
                5310.08447265625,
                15.392349243164063,
                3810.408447265625
            ],
            "ypr": [
                0.0,
                0.0,
                -0.0
            ],
            "scale": 0.9999998807907105,
            "enableCEPersistency": 0,
            "customString": ""
        },
        {
            "name": "Land_Tisy_RadarB_Antenna",
            "pos": [
                5318.26025390625,
                15.403255462646485,
                3815.183837890625
            ],
            "ypr": [
                62.87129211425781,
                0.0,
                0.0
            ],
            "scale": 0.9999999403953552,
            "enableCEPersistency": 0,
            "customString": ""
        }
    ]
}