{
  "Objects": [
    {
      "name": "Land_Farm_CowshedB",
      "pos": [
        4454.13623046875,
        339.03485107421875,
        10215.2587890625
      ],
      "ypr": [
        81.4986801147461,
        0.0,
        -0.0
      ],
      "scale": 1.0000001192092896,
      "enableCEPersistency": 0,
      "customString": ""
    },
    {
      "name": "Land_Farm_CowshedC",
      "pos": [
        4452.41796875,
        339.06768798828125,
        10230.251953125
      ],
      "ypr": [
        81.4986801147461,
        0.0,
        -0.0
      ],
      "scale": 1.0,
      "enableCEPersistency": 0,
      "customString": ""
    },
    {
      "name": "Land_Farm_CowshedA",
      "pos": [
        4456.4716796875,
        338.9908752441406,
        10195.9482421875
      ],
      "ypr": [
        82.69329071044922,
        0.0,
        -0.0
      ],
      "scale": 1.0,
      "enableCEPersistency": 0,
      "customString": ""
    }
  ]
}
