{
  "Objects": [
    {
      "name": "Land_Airfield_ServiceHangar_L",
      "pos": [
        -271.29107666015625,
        10.0,
        4318.64208984375
      ],
      "ypr": [
        -80.9999008178711,
        0.0,
        0.0
      ],
      "scale": 1.0,
      "enableCEPersistency": 0,
      "customString": ""
    },
    {
      "name": "Land_Airfield_ServiceHangar_R",
      "pos": [
        -320.6689453125,
        9.999998092651367,
        4326.46044921875
      ],
      "ypr": [
        -80.99995422363281,
        0.0,
        0.0
      ],
      "scale": 0.9999999403953552,
      "enableCEPersistency": 0,
      "customString": ""
    }
  ]
}
