{
    "Objects": [
        {
            "name": "Land_Airfield_ServiceHangar_L",
            "pos": [
                -347.1437683105469,
                9.999996185302735,
                4412.560546875
            ],
            "ypr": [
                -80.9999008178711,
                0.0,
                0.0
            ],
            "scale": 1.0,
            "enableCEPersistency": 0,
            "customString": ""
        },
        {
            "name": "Land_Airfield_ServiceHangar_R",
            "pos": [
                -396.5216369628906,
                9.999994277954102,
                4420.37890625
            ],
            "ypr": [
                -80.99995422363281,
                0.0,
                0.0
            ],
            "scale": 0.9999999403953552,
            "enableCEPersistency": 0,
            "customString": ""
        }
    ]
}