{
    "Objects": [
        {
            "name": "Land_Farm_CowshedB",
            "pos": [
                5390.34423828125,
                16.512874603271486,
                3572.203857421875
            ],
            "ypr": [
                81.49867248535156,
                0.0,
                -0.0
            ],
            "scale": 1.0,
            "enableCEPersistency": 0,
            "customString": ""
        },
        {
            "name": "Land_Farm_CowshedC",
            "pos": [
                5388.6259765625,
                16.545711517333986,
                3587.197021484375
            ],
            "ypr": [
                81.49866485595703,
                0.0,
                -0.0
            ],
            "scale": 1.0,
            "enableCEPersistency": 0,
            "customString": ""
        },
        {
            "name": "Land_Farm_CowshedA",
            "pos": [
                5392.6796875,
                16.46889877319336,
                3552.893310546875
            ],
            "ypr": [
                82.69329071044922,
                0.0,
                0.0
            ],
            "scale": 1.0,
            "enableCEPersistency": 0,
            "customString": ""
        }
    ]
}