{
    "Objects": [
        {
            "name": "Land_Pier_Crane_A",
            "pos": [
                5359.27587890625,
                16.046756744384767,
                3567.5625
            ],
            "ypr": [
                -52.19997024536133,
                0.0,
                0.0
            ],
            "scale": 0.9999998211860657,
            "enableCEPersistency": 0,
            "customString": ""
        },
        {
            "name": "Land_Pier_Crane_B",
            "pos": [
                5362.69970703125,
                29.25140953063965,
                3562.81396484375
            ],
            "ypr": [
                44.99999237060547,
                0.0,
                0.0
            ],
            "scale": 0.9999999403953552,
            "enableCEPersistency": 0,
            "customString": ""
        }
    ]
}