{
    "Objects": [
        {
            "name": "Land_Underground_Entrance",
            "pos": [
                5350.693359375,
                12.492889404296875,
                3619.677978515625
            ],
            "ypr": [
                9.0,
                0.0,
                -0.0
            ],
            "scale": 1.0,
            "enableCEPersistency": 0,
            "customString": ""
        },
        {
            "name": "Land_Underground_Panel",
            "pos": [
                5346.8798828125,
                13.974853515625,
                3613.016357421875
            ],
            "ypr": [
                9.0,
                0.0,
                0.0
            ],
            "scale": 1.0,
            "enableCEPersistency": 0,
            "customString": ""
        }
    ]
}