{
    "Objects": [
        {
            "name": "Land_Tower_TC4_Base",
            "pos": [
                5344.47705078125,
                41.3253173828125,
                3601.492431640625
            ],
            "ypr": [
                0.0,
                0.0,
                -0.0
            ],
            "scale": 1.0,
            "enableCEPersistency": 0,
            "customString": ""
        },
        {
            "name": "Land_Tower_TC4_Mid",
            "pos": [
                5344.59033203125,
                84.97771453857422,
                3601.418212890625
            ],
            "ypr": [
                0.0,
                0.0,
                -0.0
            ],
            "scale": 1.0,
            "enableCEPersistency": 0,
            "customString": ""
        },
        {
            "name": "Land_Tower_TC4_Top",
            "pos": [
                5344.44482421875,
                125.4769287109375,
                3601.51904296875
            ],
            "ypr": [
                0.0,
                0.0,
                -0.0
            ],
            "scale": 1.0,
            "enableCEPersistency": 0,
            "customString": ""
        }
    ]
}