{
  "Objects": [
    {
      "name": "Land_Tower_TC4_Base",
      "pos": [
        -350.01947021484375,
        32.2001953125,
        3126.7666015625
      ],
      "ypr": [
        0.0,
        0.0,
        -0.0
      ],
      "scale": 1.0,
      "enableCEPersistency": 0,
      "customString": ""
    },
    {
      "name": "Land_Tower_TC4_Mid",
      "pos": [
        -349.90618896484375,
        75.85259246826172,
        3126.6923828125
      ],
      "ypr": [
        0.0,
        0.0,
        -0.0
      ],
      "scale": 1.0,
      "enableCEPersistency": 0,
      "customString": ""
    },
    {
      "name": "Land_Tower_TC4_Top",
      "pos": [
        -350.0517578125,
        116.351806640625,
        3126.793212890625
      ],
      "ypr": [
        0.0,
        0.0,
        -0.0
      ],
      "scale": 1.0,
      "enableCEPersistency": 0,
      "customString": ""
    }
  ]
}
