{
  "Objects": [
    {
      "name": "Land_Tower_TC2_Top",
      "pos": [
        5879.10791015625,
        132.33628845214844,
        8114.09326171875
      ],
      "ypr": [
        0.0,
        0.0,
        -0.0
      ],
      "scale": 1.0,
      "enableCEPersistency": 0,
      "customString": ""
    },
    {
      "name": "Land_Tower_TC2_Base",
      "pos": [
        5879.73779296875,
        33.003173828125,
        8114.98974609375
      ],
      "ypr": [
        0.0,
        0.0,
        -0.0
      ],
      "scale": 1.0,
      "enableCEPersistency": 0,
      "customString": ""
    },
    {
      "name": "Land_Tower_TC2_Mid",
      "pos": [
        5879.203125,
        82.595947265625,
        8114.54150390625
      ],
      "ypr": [
        0.0,
        0.0,
        -0.0
      ],
      "scale": 1.0,
      "enableCEPersistency": 0,
      "customString": ""
    }
  ]
}
