{
    "Objects": [
        {
            "name": "Land_Tower_TC2_Top",
            "pos": [
                5293.93017578125,
                134.19210815429688,
                3409.16943359375
            ],
            "ypr": [
                0.0,
                0.0,
                -0.0
            ],
            "scale": 1.0,
            "enableCEPersistency": 0,
            "customString": ""
        },
        {
            "name": "Land_Tower_TC2_Base",
            "pos": [
                5294.56005859375,
                34.858985900878909,
                3410.06591796875
            ],
            "ypr": [
                0.0,
                0.0,
                -0.0
            ],
            "scale": 1.0,
            "enableCEPersistency": 0,
            "customString": ""
        },
        {
            "name": "Land_Tower_TC2_Mid",
            "pos": [
                5294.025390625,
                84.4517593383789,
                3409.61767578125
            ],
            "ypr": [
                0.0,
                0.0,
                -0.0
            ],
            "scale": 1.0,
            "enableCEPersistency": 0,
            "customString": ""
        }
    ]
}