{
  "Objects": [
    {
      "name": "Land_Pier_Crane_A",
      "pos": [
        -365.21527099609375,
        15.646161079406738,
        4278.37158203125
      ],
      "ypr": [
        -52.199974060058594,
        0.0,
        0.0
      ],
      "scale": 0.9999999403953552,
      "enableCEPersistency": 0,
      "customString": ""
    },
    {
      "name": "Land_Pier_Crane_B",
      "pos": [
        -361.79132080078125,
        28.850812911987305,
        4273.623046875
      ],
      "ypr": [
        44.99999237060547,
        0.0,
        -0.0
      ],
      "scale": 0.9999999403953552,
      "enableCEPersistency": 0,
      "customString": ""
    }
  ]
}
